ISO-10303-21;
HEADER;
/* Generated by software containing ST-Developer
 * from STEP Tools, Inc. (www.steptools.com)
 */

FILE_DESCRIPTION(
/* description */ (''),
/* implementation_level */ '2;1');

FILE_NAME(
/* name */ 'REVIEW_V2_ZeroGap_M3x30.step',
/* time_stamp */ '2026-09-04T15:13:22-05:00',
/* author */ (''),
/* organization */ (''),
/* preprocessor_version */ 'ST-DEVELOPER v20.1',
/* originating_system */ 'Autodesk Translation Framework v15.8.0.0',
/* authorisation */ '');

FILE_SCHEMA (('AUTOMOTIVE_DESIGN { 1 0 10303 214 3 1 1 }'));
ENDSEC;

DATA;
#10=MECHANICAL_DESIGN_GEOMETRIC_PRESENTATION_REPRESENTATION('',(#35,#36,
#37,#38,#39,#40,#41,#42,#43,#44,#45,#46,#47,#48,#49,#50,#51,#52,#53,#54,
#55,#56),#13201);
#11=ITEM_DEFINED_TRANSFORMATION($,$,#8220,#8503);
#12=ITEM_DEFINED_TRANSFORMATION($,$,#8505,#8788);
#13=ITEM_DEFINED_TRANSFORMATION($,$,#8219,#8789);
#14=ITEM_DEFINED_TRANSFORMATION($,$,#8504,#8790);
#15=(
REPRESENTATION_RELATIONSHIP($,$,#13222,#13221)
REPRESENTATION_RELATIONSHIP_WITH_TRANSFORMATION(#11)
SHAPE_REPRESENTATION_RELATIONSHIP()
);
#16=(
REPRESENTATION_RELATIONSHIP($,$,#13224,#13223)
REPRESENTATION_RELATIONSHIP_WITH_TRANSFORMATION(#12)
SHAPE_REPRESENTATION_RELATIONSHIP()
);
#17=(
REPRESENTATION_RELATIONSHIP($,$,#13221,#13220)
REPRESENTATION_RELATIONSHIP_WITH_TRANSFORMATION(#13)
SHAPE_REPRESENTATION_RELATIONSHIP()
);
#18=(
REPRESENTATION_RELATIONSHIP($,$,#13223,#13220)
REPRESENTATION_RELATIONSHIP_WITH_TRANSFORMATION(#14)
SHAPE_REPRESENTATION_RELATIONSHIP()
);
#19=CONTEXT_DEPENDENT_SHAPE_REPRESENTATION(#15,#13214);
#20=CONTEXT_DEPENDENT_SHAPE_REPRESENTATION(#16,#13217);
#21=CONTEXT_DEPENDENT_SHAPE_REPRESENTATION(#17,#13218);
#22=CONTEXT_DEPENDENT_SHAPE_REPRESENTATION(#18,#13219);
#23=NEXT_ASSEMBLY_USAGE_OCCURRENCE(
'REFERENCE hardware LEFT - M3x30, nominal 7x0.5 washers:1',
'REFERENCE hardware LEFT - M3x30, nominal 7x0.5 washers:1',
'REFERENCE hardware LEFT - M3x30, nominal 7x0.5 washers:1',#13227,#13228,
'REFERENCE hardware LEFT - M3x30, nominal 7x0.5 washers:1');
#24=NEXT_ASSEMBLY_USAGE_OCCURRENCE(
'REFERENCE hardware RIGHT - M3x30, nominal 7x0.5 washers:1',
'REFERENCE hardware RIGHT - M3x30, nominal 7x0.5 washers:1',
'REFERENCE hardware RIGHT - M3x30, nominal 7x0.5 washers:1',#13229,#13230,
'REFERENCE hardware RIGHT - M3x30, nominal 7x0.5 washers:1');
#25=NEXT_ASSEMBLY_USAGE_OCCURRENCE('LEFT V2 handed finger:1',
'LEFT V2 handed finger:1','LEFT V2 handed finger:1',#13226,#13227,
'LEFT V2 handed finger:1');
#26=NEXT_ASSEMBLY_USAGE_OCCURRENCE('RIGHT V2 handed finger:1',
'RIGHT V2 handed finger:1','RIGHT V2 handed finger:1',#13226,#13229,
'RIGHT V2 handed finger:1');
#27=SHAPE_REPRESENTATION_RELATIONSHIP('SRR','None',#13222,#31);
#28=SHAPE_REPRESENTATION_RELATIONSHIP('SRR','None',#13221,#32);
#29=SHAPE_REPRESENTATION_RELATIONSHIP('SRR','None',#13224,#33);
#30=SHAPE_REPRESENTATION_RELATIONSHIP('SRR','None',#13223,#34);
#31=ADVANCED_BREP_SHAPE_REPRESENTATION('',(#57,#58,#59,#60,#61,#62,#63,
#64,#65),#13198);
#32=ADVANCED_BREP_SHAPE_REPRESENTATION('',(#66,#67),#13197);
#33=ADVANCED_BREP_SHAPE_REPRESENTATION('',(#68,#69,#70,#71,#72,#73,#74,
#75,#76),#13200);
#34=ADVANCED_BREP_SHAPE_REPRESENTATION('',(#77,#78),#13199);
#35=STYLED_ITEM('',(#13249),#57);
#36=STYLED_ITEM('',(#13249),#58);
#37=STYLED_ITEM('',(#13249),#59);
#38=STYLED_ITEM('',(#13249),#60);
#39=STYLED_ITEM('',(#13249),#61);
#40=STYLED_ITEM('',(#13249),#62);
#41=STYLED_ITEM('',(#13249),#63);
#42=STYLED_ITEM('',(#13249),#64);
#43=STYLED_ITEM('',(#13249),#65);
#44=STYLED_ITEM('',(#13250),#66);
#45=STYLED_ITEM('',(#13251),#67);
#46=STYLED_ITEM('',(#13249),#68);
#47=STYLED_ITEM('',(#13249),#69);
#48=STYLED_ITEM('',(#13249),#70);
#49=STYLED_ITEM('',(#13249),#71);
#50=STYLED_ITEM('',(#13249),#72);
#51=STYLED_ITEM('',(#13249),#73);
#52=STYLED_ITEM('',(#13249),#74);
#53=STYLED_ITEM('',(#13249),#75);
#54=STYLED_ITEM('',(#13249),#76);
#55=STYLED_ITEM('',(#13250),#77);
#56=STYLED_ITEM('',(#13251),#78);
#57=MANIFOLD_SOLID_BREP('M3x30 screw 1 - nominal unthreaded envelope',#8173);
#58=MANIFOLD_SOLID_BREP('M3x30 screw 2 - nominal unthreaded envelope',#8174);
#59=MANIFOLD_SOLID_BREP('M3x30 screw 3 - nominal unthreaded envelope',#8175);
#60=MANIFOLD_SOLID_BREP('M3 washer 1 - PROVISIONAL 7 x 0.5 mm',#8176);
#61=MANIFOLD_SOLID_BREP('M3 washer 2 - PROVISIONAL 7 x 0.5 mm',#8177);
#62=MANIFOLD_SOLID_BREP('M3 washer 3 - PROVISIONAL 7 x 0.5 mm',#8178);
#63=MANIFOLD_SOLID_BREP('M3 nut 1 - nominal thread-free reference',#8179);
#64=MANIFOLD_SOLID_BREP('M3 nut 2 - nominal thread-free reference',#8180);
#65=MANIFOLD_SOLID_BREP('M3 nut 3 - nominal thread-free reference',#8181);
#66=MANIFOLD_SOLID_BREP('PETG Adapter LEFT',#8182);
#67=MANIFOLD_SOLID_BREP('TPU 95A Finger LEFT',#8183);
#68=MANIFOLD_SOLID_BREP('M3x30 screw 1 - nominal unthreaded envelope',#8184);
#69=MANIFOLD_SOLID_BREP('M3x30 screw 2 - nominal unthreaded envelope',#8185);
#70=MANIFOLD_SOLID_BREP('M3x30 screw 3 - nominal unthreaded envelope',#8186);
#71=MANIFOLD_SOLID_BREP('M3 washer 1 - PROVISIONAL 7 x 0.5 mm',#8187);
#72=MANIFOLD_SOLID_BREP('M3 washer 2 - PROVISIONAL 7 x 0.5 mm',#8188);
#73=MANIFOLD_SOLID_BREP('M3 washer 3 - PROVISIONAL 7 x 0.5 mm',#8189);
#74=MANIFOLD_SOLID_BREP('M3 nut 1 - nominal thread-free reference',#8190);
#75=MANIFOLD_SOLID_BREP('M3 nut 2 - nominal thread-free reference',#8191);
#76=MANIFOLD_SOLID_BREP('M3 nut 3 - nominal thread-free reference',#8192);
#77=MANIFOLD_SOLID_BREP('PETG Adapter RIGHT',#8193);
#78=MANIFOLD_SOLID_BREP('TPU 95A Finger RIGHT',#8194);
#79=FACE_BOUND('',#834,.T.);
#80=FACE_BOUND('',#836,.T.);
#81=FACE_BOUND('',#848,.T.);
#82=FACE_BOUND('',#850,.T.);
#83=FACE_BOUND('',#862,.T.);
#84=FACE_BOUND('',#864,.T.);
#85=FACE_BOUND('',#868,.T.);
#86=FACE_BOUND('',#870,.T.);
#87=FACE_BOUND('',#874,.T.);
#88=FACE_BOUND('',#876,.T.);
#89=FACE_BOUND('',#880,.T.);
#90=FACE_BOUND('',#882,.T.);
#91=FACE_BOUND('',#891,.T.);
#92=FACE_BOUND('',#893,.T.);
#93=FACE_BOUND('',#902,.T.);
#94=FACE_BOUND('',#904,.T.);
#95=FACE_BOUND('',#913,.T.);
#96=FACE_BOUND('',#915,.T.);
#97=FACE_BOUND('',#923,.T.);
#98=FACE_BOUND('',#931,.T.);
#99=FACE_BOUND('',#939,.T.);
#100=FACE_BOUND('',#942,.T.);
#101=FACE_BOUND('',#945,.T.);
#102=FACE_BOUND('',#948,.T.);
#103=FACE_BOUND('',#957,.T.);
#104=FACE_BOUND('',#964,.T.);
#105=FACE_BOUND('',#965,.T.);
#106=FACE_BOUND('',#966,.T.);
#107=FACE_BOUND('',#968,.T.);
#108=FACE_BOUND('',#970,.T.);
#109=FACE_BOUND('',#971,.T.);
#110=FACE_BOUND('',#972,.T.);
#111=FACE_BOUND('',#977,.T.);
#112=FACE_BOUND('',#978,.T.);
#113=FACE_BOUND('',#979,.T.);
#114=FACE_BOUND('',#981,.T.);
#115=FACE_BOUND('',#982,.T.);
#116=FACE_BOUND('',#983,.T.);
#117=FACE_BOUND('',#988,.T.);
#118=FACE_BOUND('',#989,.T.);
#119=FACE_BOUND('',#990,.T.);
#120=FACE_BOUND('',#1038,.T.);
#121=FACE_BOUND('',#1039,.T.);
#122=FACE_BOUND('',#1040,.T.);
#123=FACE_BOUND('',#1041,.T.);
#124=FACE_BOUND('',#1042,.T.);
#125=FACE_BOUND('',#1043,.T.);
#126=FACE_BOUND('',#1044,.T.);
#127=FACE_BOUND('',#1045,.T.);
#128=FACE_BOUND('',#1046,.T.);
#129=FACE_BOUND('',#1093,.T.);
#130=FACE_BOUND('',#1094,.T.);
#131=FACE_BOUND('',#1095,.T.);
#132=FACE_BOUND('',#1096,.T.);
#133=FACE_BOUND('',#1097,.T.);
#134=FACE_BOUND('',#1098,.T.);
#135=FACE_BOUND('',#1099,.T.);
#136=FACE_BOUND('',#1100,.T.);
#137=FACE_BOUND('',#1101,.T.);
#138=FACE_BOUND('',#1113,.T.);
#139=FACE_BOUND('',#1115,.T.);
#140=FACE_BOUND('',#1127,.T.);
#141=FACE_BOUND('',#1129,.T.);
#142=FACE_BOUND('',#1141,.T.);
#143=FACE_BOUND('',#1143,.T.);
#144=FACE_BOUND('',#1147,.T.);
#145=FACE_BOUND('',#1149,.T.);
#146=FACE_BOUND('',#1153,.T.);
#147=FACE_BOUND('',#1155,.T.);
#148=FACE_BOUND('',#1159,.T.);
#149=FACE_BOUND('',#1161,.T.);
#150=FACE_BOUND('',#1170,.T.);
#151=FACE_BOUND('',#1172,.T.);
#152=FACE_BOUND('',#1181,.T.);
#153=FACE_BOUND('',#1183,.T.);
#154=FACE_BOUND('',#1192,.T.);
#155=FACE_BOUND('',#1194,.T.);
#156=FACE_BOUND('',#1202,.T.);
#157=FACE_BOUND('',#1210,.T.);
#158=FACE_BOUND('',#1218,.T.);
#159=FACE_BOUND('',#1221,.T.);
#160=FACE_BOUND('',#1224,.T.);
#161=FACE_BOUND('',#1227,.T.);
#162=FACE_BOUND('',#1236,.T.);
#163=FACE_BOUND('',#1243,.T.);
#164=FACE_BOUND('',#1244,.T.);
#165=FACE_BOUND('',#1245,.T.);
#166=FACE_BOUND('',#1247,.T.);
#167=FACE_BOUND('',#1249,.T.);
#168=FACE_BOUND('',#1250,.T.);
#169=FACE_BOUND('',#1251,.T.);
#170=FACE_BOUND('',#1256,.T.);
#171=FACE_BOUND('',#1257,.T.);
#172=FACE_BOUND('',#1258,.T.);
#173=FACE_BOUND('',#1260,.T.);
#174=FACE_BOUND('',#1261,.T.);
#175=FACE_BOUND('',#1262,.T.);
#176=FACE_BOUND('',#1267,.T.);
#177=FACE_BOUND('',#1268,.T.);
#178=FACE_BOUND('',#1269,.T.);
#179=FACE_BOUND('',#1317,.T.);
#180=FACE_BOUND('',#1318,.T.);
#181=FACE_BOUND('',#1319,.T.);
#182=FACE_BOUND('',#1320,.T.);
#183=FACE_BOUND('',#1321,.T.);
#184=FACE_BOUND('',#1322,.T.);
#185=FACE_BOUND('',#1323,.T.);
#186=FACE_BOUND('',#1324,.T.);
#187=FACE_BOUND('',#1325,.T.);
#188=FACE_BOUND('',#1372,.T.);
#189=FACE_BOUND('',#1373,.T.);
#190=FACE_BOUND('',#1374,.T.);
#191=FACE_BOUND('',#1375,.T.);
#192=FACE_BOUND('',#1376,.T.);
#193=FACE_BOUND('',#1377,.T.);
#194=FACE_BOUND('',#1378,.T.);
#195=FACE_BOUND('',#1379,.T.);
#196=FACE_BOUND('',#1380,.T.);
#197=CIRCLE('',#8229,1.5);
#198=CIRCLE('',#8230,1.5);
#199=CIRCLE('',#8233,2.75);
#200=CIRCLE('',#8234,2.75);
#201=CIRCLE('',#8245,1.5);
#202=CIRCLE('',#8246,1.5);
#203=CIRCLE('',#8249,2.75);
#204=CIRCLE('',#8250,2.75);
#205=CIRCLE('',#8261,1.5);
#206=CIRCLE('',#8262,1.5);
#207=CIRCLE('',#8265,2.75);
#208=CIRCLE('',#8266,2.75);
#209=CIRCLE('',#8270,1.6);
#210=CIRCLE('',#8271,1.6);
#211=CIRCLE('',#8273,3.5);
#212=CIRCLE('',#8274,3.5);
#213=CIRCLE('',#8278,1.6);
#214=CIRCLE('',#8279,1.6);
#215=CIRCLE('',#8281,3.5);
#216=CIRCLE('',#8282,3.5);
#217=CIRCLE('',#8286,1.6);
#218=CIRCLE('',#8287,1.6);
#219=CIRCLE('',#8289,3.5);
#220=CIRCLE('',#8290,3.5);
#221=CIRCLE('',#8294,1.6);
#222=CIRCLE('',#8295,1.6);
#223=CIRCLE('',#8305,1.6);
#224=CIRCLE('',#8306,1.6);
#225=CIRCLE('',#8316,1.6);
#226=CIRCLE('',#8317,1.6);
#227=CIRCLE('',#8333,1.8);
#228=CIRCLE('',#8341,1.8);
#229=CIRCLE('',#8349,1.8);
#230=CIRCLE('',#8351,3.75);
#231=CIRCLE('',#8352,3.75);
#232=CIRCLE('',#8354,1.8);
#233=CIRCLE('',#8356,3.75);
#234=CIRCLE('',#8357,3.75);
#235=CIRCLE('',#8359,1.8);
#236=CIRCLE('',#8361,3.75);
#237=CIRCLE('',#8362,3.75);
#238=CIRCLE('',#8364,1.8);
#239=CIRCLE('',#8366,1.8);
#240=CIRCLE('',#8368,1.8);
#241=CIRCLE('',#8370,1.8);
#242=CIRCLE('',#8372,1.8);
#243=CIRCLE('',#8374,1.8);
#244=CIRCLE('',#8376,1.8);
#245=CIRCLE('',#8378,4.6);
#246=CIRCLE('',#8379,4.6);
#247=CIRCLE('',#8381,2.65);
#248=CIRCLE('',#8383,1.);
#249=CIRCLE('',#8384,1.);
#250=CIRCLE('',#8387,1.);
#251=CIRCLE('',#8388,1.);
#252=CIRCLE('',#8391,2.65);
#253=CIRCLE('',#8405,2.);
#254=CIRCLE('',#8406,2.);
#255=CIRCLE('',#8408,2.);
#256=CIRCLE('',#8409,2.);
#257=CIRCLE('',#8411,2.);
#258=CIRCLE('',#8412,2.);
#259=CIRCLE('',#8514,1.5);
#260=CIRCLE('',#8515,1.5);
#261=CIRCLE('',#8518,2.75);
#262=CIRCLE('',#8519,2.75);
#263=CIRCLE('',#8530,1.5);
#264=CIRCLE('',#8531,1.5);
#265=CIRCLE('',#8534,2.75);
#266=CIRCLE('',#8535,2.75);
#267=CIRCLE('',#8546,1.5);
#268=CIRCLE('',#8547,1.5);
#269=CIRCLE('',#8550,2.75);
#270=CIRCLE('',#8551,2.75);
#271=CIRCLE('',#8555,1.6);
#272=CIRCLE('',#8556,1.6);
#273=CIRCLE('',#8558,3.5);
#274=CIRCLE('',#8559,3.5);
#275=CIRCLE('',#8563,1.6);
#276=CIRCLE('',#8564,1.6);
#277=CIRCLE('',#8566,3.5);
#278=CIRCLE('',#8567,3.5);
#279=CIRCLE('',#8571,1.6);
#280=CIRCLE('',#8572,1.6);
#281=CIRCLE('',#8574,3.5);
#282=CIRCLE('',#8575,3.5);
#283=CIRCLE('',#8579,1.6);
#284=CIRCLE('',#8580,1.6);
#285=CIRCLE('',#8590,1.6);
#286=CIRCLE('',#8591,1.6);
#287=CIRCLE('',#8601,1.6);
#288=CIRCLE('',#8602,1.6);
#289=CIRCLE('',#8618,1.8);
#290=CIRCLE('',#8626,1.8);
#291=CIRCLE('',#8634,1.8);
#292=CIRCLE('',#8636,3.75);
#293=CIRCLE('',#8637,3.75);
#294=CIRCLE('',#8639,1.8);
#295=CIRCLE('',#8641,3.75);
#296=CIRCLE('',#8642,3.75);
#297=CIRCLE('',#8644,1.8);
#298=CIRCLE('',#8646,3.75);
#299=CIRCLE('',#8647,3.75);
#300=CIRCLE('',#8649,1.8);
#301=CIRCLE('',#8651,1.8);
#302=CIRCLE('',#8653,1.8);
#303=CIRCLE('',#8655,1.8);
#304=CIRCLE('',#8657,1.8);
#305=CIRCLE('',#8659,1.8);
#306=CIRCLE('',#8661,1.8);
#307=CIRCLE('',#8663,4.6);
#308=CIRCLE('',#8664,4.6);
#309=CIRCLE('',#8666,2.65);
#310=CIRCLE('',#8668,1.);
#311=CIRCLE('',#8669,1.);
#312=CIRCLE('',#8672,1.);
#313=CIRCLE('',#8673,1.);
#314=CIRCLE('',#8676,2.65);
#315=CIRCLE('',#8690,2.);
#316=CIRCLE('',#8691,2.);
#317=CIRCLE('',#8693,2.);
#318=CIRCLE('',#8694,2.);
#319=CIRCLE('',#8696,2.);
#320=CIRCLE('',#8697,2.);
#321=CYLINDRICAL_SURFACE('',#8228,1.5);
#322=CYLINDRICAL_SURFACE('',#8232,2.75);
#323=CYLINDRICAL_SURFACE('',#8244,1.5);
#324=CYLINDRICAL_SURFACE('',#8248,2.75);
#325=CYLINDRICAL_SURFACE('',#8260,1.5);
#326=CYLINDRICAL_SURFACE('',#8264,2.75);
#327=CYLINDRICAL_SURFACE('',#8269,1.6);
#328=CYLINDRICAL_SURFACE('',#8272,3.5);
#329=CYLINDRICAL_SURFACE('',#8277,1.6);
#330=CYLINDRICAL_SURFACE('',#8280,3.5);
#331=CYLINDRICAL_SURFACE('',#8285,1.6);
#332=CYLINDRICAL_SURFACE('',#8288,3.5);
#333=CYLINDRICAL_SURFACE('',#8293,1.6);
#334=CYLINDRICAL_SURFACE('',#8304,1.6);
#335=CYLINDRICAL_SURFACE('',#8315,1.6);
#336=CYLINDRICAL_SURFACE('',#8350,3.75);
#337=CYLINDRICAL_SURFACE('',#8355,3.75);
#338=CYLINDRICAL_SURFACE('',#8360,3.75);
#339=CYLINDRICAL_SURFACE('',#8365,1.8);
#340=CYLINDRICAL_SURFACE('',#8367,1.8);
#341=CYLINDRICAL_SURFACE('',#8369,1.8);
#342=CYLINDRICAL_SURFACE('',#8371,1.8);
#343=CYLINDRICAL_SURFACE('',#8373,1.8);
#344=CYLINDRICAL_SURFACE('',#8375,1.8);
#345=CYLINDRICAL_SURFACE('',#8377,4.6);
#346=CYLINDRICAL_SURFACE('',#8382,1.);
#347=CYLINDRICAL_SURFACE('',#8386,1.);
#348=CYLINDRICAL_SURFACE('',#8390,2.65);
#349=CYLINDRICAL_SURFACE('',#8404,2.);
#350=CYLINDRICAL_SURFACE('',#8407,2.);
#351=CYLINDRICAL_SURFACE('',#8410,2.);
#352=CYLINDRICAL_SURFACE('',#8513,1.5);
#353=CYLINDRICAL_SURFACE('',#8517,2.75);
#354=CYLINDRICAL_SURFACE('',#8529,1.5);
#355=CYLINDRICAL_SURFACE('',#8533,2.75);
#356=CYLINDRICAL_SURFACE('',#8545,1.5);
#357=CYLINDRICAL_SURFACE('',#8549,2.75);
#358=CYLINDRICAL_SURFACE('',#8554,1.6);
#359=CYLINDRICAL_SURFACE('',#8557,3.5);
#360=CYLINDRICAL_SURFACE('',#8562,1.6);
#361=CYLINDRICAL_SURFACE('',#8565,3.5);
#362=CYLINDRICAL_SURFACE('',#8570,1.6);
#363=CYLINDRICAL_SURFACE('',#8573,3.5);
#364=CYLINDRICAL_SURFACE('',#8578,1.6);
#365=CYLINDRICAL_SURFACE('',#8589,1.6);
#366=CYLINDRICAL_SURFACE('',#8600,1.6);
#367=CYLINDRICAL_SURFACE('',#8635,3.75);
#368=CYLINDRICAL_SURFACE('',#8640,3.75);
#369=CYLINDRICAL_SURFACE('',#8645,3.75);
#370=CYLINDRICAL_SURFACE('',#8650,1.8);
#371=CYLINDRICAL_SURFACE('',#8652,1.8);
#372=CYLINDRICAL_SURFACE('',#8654,1.8);
#373=CYLINDRICAL_SURFACE('',#8656,1.8);
#374=CYLINDRICAL_SURFACE('',#8658,1.8);
#375=CYLINDRICAL_SURFACE('',#8660,1.8);
#376=CYLINDRICAL_SURFACE('',#8662,4.6);
#377=CYLINDRICAL_SURFACE('',#8667,1.);
#378=CYLINDRICAL_SURFACE('',#8671,1.);
#379=CYLINDRICAL_SURFACE('',#8675,2.65);
#380=CYLINDRICAL_SURFACE('',#8689,2.);
#381=CYLINDRICAL_SURFACE('',#8692,2.);
#382=CYLINDRICAL_SURFACE('',#8695,2.);
#383=FACE_OUTER_BOUND('',#823,.T.);
#384=FACE_OUTER_BOUND('',#824,.T.);
#385=FACE_OUTER_BOUND('',#825,.T.);
#386=FACE_OUTER_BOUND('',#826,.T.);
#387=FACE_OUTER_BOUND('',#827,.T.);
#388=FACE_OUTER_BOUND('',#828,.T.);
#389=FACE_OUTER_BOUND('',#829,.T.);
#390=FACE_OUTER_BOUND('',#830,.T.);
#391=FACE_OUTER_BOUND('',#831,.T.);
#392=FACE_OUTER_BOUND('',#832,.T.);
#393=FACE_OUTER_BOUND('',#833,.T.);
#394=FACE_OUTER_BOUND('',#835,.T.);
#395=FACE_OUTER_BOUND('',#837,.T.);
#396=FACE_OUTER_BOUND('',#838,.T.);
#397=FACE_OUTER_BOUND('',#839,.T.);
#398=FACE_OUTER_BOUND('',#840,.T.);
#399=FACE_OUTER_BOUND('',#841,.T.);
#400=FACE_OUTER_BOUND('',#842,.T.);
#401=FACE_OUTER_BOUND('',#843,.T.);
#402=FACE_OUTER_BOUND('',#844,.T.);
#403=FACE_OUTER_BOUND('',#845,.T.);
#404=FACE_OUTER_BOUND('',#846,.T.);
#405=FACE_OUTER_BOUND('',#847,.T.);
#406=FACE_OUTER_BOUND('',#849,.T.);
#407=FACE_OUTER_BOUND('',#851,.T.);
#408=FACE_OUTER_BOUND('',#852,.T.);
#409=FACE_OUTER_BOUND('',#853,.T.);
#410=FACE_OUTER_BOUND('',#854,.T.);
#411=FACE_OUTER_BOUND('',#855,.T.);
#412=FACE_OUTER_BOUND('',#856,.T.);
#413=FACE_OUTER_BOUND('',#857,.T.);
#414=FACE_OUTER_BOUND('',#858,.T.);
#415=FACE_OUTER_BOUND('',#859,.T.);
#416=FACE_OUTER_BOUND('',#860,.T.);
#417=FACE_OUTER_BOUND('',#861,.T.);
#418=FACE_OUTER_BOUND('',#863,.T.);
#419=FACE_OUTER_BOUND('',#865,.T.);
#420=FACE_OUTER_BOUND('',#866,.T.);
#421=FACE_OUTER_BOUND('',#867,.T.);
#422=FACE_OUTER_BOUND('',#869,.T.);
#423=FACE_OUTER_BOUND('',#871,.T.);
#424=FACE_OUTER_BOUND('',#872,.T.);
#425=FACE_OUTER_BOUND('',#873,.T.);
#426=FACE_OUTER_BOUND('',#875,.T.);
#427=FACE_OUTER_BOUND('',#877,.T.);
#428=FACE_OUTER_BOUND('',#878,.T.);
#429=FACE_OUTER_BOUND('',#879,.T.);
#430=FACE_OUTER_BOUND('',#881,.T.);
#431=FACE_OUTER_BOUND('',#883,.T.);
#432=FACE_OUTER_BOUND('',#884,.T.);
#433=FACE_OUTER_BOUND('',#885,.T.);
#434=FACE_OUTER_BOUND('',#886,.T.);
#435=FACE_OUTER_BOUND('',#887,.T.);
#436=FACE_OUTER_BOUND('',#888,.T.);
#437=FACE_OUTER_BOUND('',#889,.T.);
#438=FACE_OUTER_BOUND('',#890,.T.);
#439=FACE_OUTER_BOUND('',#892,.T.);
#440=FACE_OUTER_BOUND('',#894,.T.);
#441=FACE_OUTER_BOUND('',#895,.T.);
#442=FACE_OUTER_BOUND('',#896,.T.);
#443=FACE_OUTER_BOUND('',#897,.T.);
#444=FACE_OUTER_BOUND('',#898,.T.);
#445=FACE_OUTER_BOUND('',#899,.T.);
#446=FACE_OUTER_BOUND('',#900,.T.);
#447=FACE_OUTER_BOUND('',#901,.T.);
#448=FACE_OUTER_BOUND('',#903,.T.);
#449=FACE_OUTER_BOUND('',#905,.T.);
#450=FACE_OUTER_BOUND('',#906,.T.);
#451=FACE_OUTER_BOUND('',#907,.T.);
#452=FACE_OUTER_BOUND('',#908,.T.);
#453=FACE_OUTER_BOUND('',#909,.T.);
#454=FACE_OUTER_BOUND('',#910,.T.);
#455=FACE_OUTER_BOUND('',#911,.T.);
#456=FACE_OUTER_BOUND('',#912,.T.);
#457=FACE_OUTER_BOUND('',#914,.T.);
#458=FACE_OUTER_BOUND('',#916,.T.);
#459=FACE_OUTER_BOUND('',#917,.T.);
#460=FACE_OUTER_BOUND('',#918,.T.);
#461=FACE_OUTER_BOUND('',#919,.T.);
#462=FACE_OUTER_BOUND('',#920,.T.);
#463=FACE_OUTER_BOUND('',#921,.T.);
#464=FACE_OUTER_BOUND('',#922,.T.);
#465=FACE_OUTER_BOUND('',#924,.T.);
#466=FACE_OUTER_BOUND('',#925,.T.);
#467=FACE_OUTER_BOUND('',#926,.T.);
#468=FACE_OUTER_BOUND('',#927,.T.);
#469=FACE_OUTER_BOUND('',#928,.T.);
#470=FACE_OUTER_BOUND('',#929,.T.);
#471=FACE_OUTER_BOUND('',#930,.T.);
#472=FACE_OUTER_BOUND('',#932,.T.);
#473=FACE_OUTER_BOUND('',#933,.T.);
#474=FACE_OUTER_BOUND('',#934,.T.);
#475=FACE_OUTER_BOUND('',#935,.T.);
#476=FACE_OUTER_BOUND('',#936,.T.);
#477=FACE_OUTER_BOUND('',#937,.T.);
#478=FACE_OUTER_BOUND('',#938,.T.);
#479=FACE_OUTER_BOUND('',#940,.T.);
#480=FACE_OUTER_BOUND('',#941,.T.);
#481=FACE_OUTER_BOUND('',#943,.T.);
#482=FACE_OUTER_BOUND('',#944,.T.);
#483=FACE_OUTER_BOUND('',#946,.T.);
#484=FACE_OUTER_BOUND('',#947,.T.);
#485=FACE_OUTER_BOUND('',#949,.T.);
#486=FACE_OUTER_BOUND('',#950,.T.);
#487=FACE_OUTER_BOUND('',#951,.T.);
#488=FACE_OUTER_BOUND('',#952,.T.);
#489=FACE_OUTER_BOUND('',#953,.T.);
#490=FACE_OUTER_BOUND('',#954,.T.);
#491=FACE_OUTER_BOUND('',#955,.T.);
#492=FACE_OUTER_BOUND('',#956,.T.);
#493=FACE_OUTER_BOUND('',#958,.T.);
#494=FACE_OUTER_BOUND('',#959,.T.);
#495=FACE_OUTER_BOUND('',#960,.T.);
#496=FACE_OUTER_BOUND('',#961,.T.);
#497=FACE_OUTER_BOUND('',#962,.T.);
#498=FACE_OUTER_BOUND('',#963,.T.);
#499=FACE_OUTER_BOUND('',#967,.T.);
#500=FACE_OUTER_BOUND('',#969,.T.);
#501=FACE_OUTER_BOUND('',#973,.T.);
#502=FACE_OUTER_BOUND('',#974,.T.);
#503=FACE_OUTER_BOUND('',#975,.T.);
#504=FACE_OUTER_BOUND('',#976,.T.);
#505=FACE_OUTER_BOUND('',#980,.T.);
#506=FACE_OUTER_BOUND('',#984,.T.);
#507=FACE_OUTER_BOUND('',#985,.T.);
#508=FACE_OUTER_BOUND('',#986,.T.);
#509=FACE_OUTER_BOUND('',#987,.T.);
#510=FACE_OUTER_BOUND('',#991,.T.);
#511=FACE_OUTER_BOUND('',#992,.T.);
#512=FACE_OUTER_BOUND('',#993,.T.);
#513=FACE_OUTER_BOUND('',#994,.T.);
#514=FACE_OUTER_BOUND('',#995,.T.);
#515=FACE_OUTER_BOUND('',#996,.T.);
#516=FACE_OUTER_BOUND('',#997,.T.);
#517=FACE_OUTER_BOUND('',#998,.T.);
#518=FACE_OUTER_BOUND('',#999,.T.);
#519=FACE_OUTER_BOUND('',#1000,.T.);
#520=FACE_OUTER_BOUND('',#1001,.T.);
#521=FACE_OUTER_BOUND('',#1002,.T.);
#522=FACE_OUTER_BOUND('',#1003,.T.);
#523=FACE_OUTER_BOUND('',#1004,.T.);
#524=FACE_OUTER_BOUND('',#1005,.T.);
#525=FACE_OUTER_BOUND('',#1006,.T.);
#526=FACE_OUTER_BOUND('',#1007,.T.);
#527=FACE_OUTER_BOUND('',#1008,.T.);
#528=FACE_OUTER_BOUND('',#1009,.T.);
#529=FACE_OUTER_BOUND('',#1010,.T.);
#530=FACE_OUTER_BOUND('',#1011,.T.);
#531=FACE_OUTER_BOUND('',#1012,.T.);
#532=FACE_OUTER_BOUND('',#1013,.T.);
#533=FACE_OUTER_BOUND('',#1014,.T.);
#534=FACE_OUTER_BOUND('',#1015,.T.);
#535=FACE_OUTER_BOUND('',#1016,.T.);
#536=FACE_OUTER_BOUND('',#1017,.T.);
#537=FACE_OUTER_BOUND('',#1018,.T.);
#538=FACE_OUTER_BOUND('',#1019,.T.);
#539=FACE_OUTER_BOUND('',#1020,.T.);
#540=FACE_OUTER_BOUND('',#1021,.T.);
#541=FACE_OUTER_BOUND('',#1022,.T.);
#542=FACE_OUTER_BOUND('',#1023,.T.);
#543=FACE_OUTER_BOUND('',#1024,.T.);
#544=FACE_OUTER_BOUND('',#1025,.T.);
#545=FACE_OUTER_BOUND('',#1026,.T.);
#546=FACE_OUTER_BOUND('',#1027,.T.);
#547=FACE_OUTER_BOUND('',#1028,.T.);
#548=FACE_OUTER_BOUND('',#1029,.T.);
#549=FACE_OUTER_BOUND('',#1030,.T.);
#550=FACE_OUTER_BOUND('',#1031,.T.);
#551=FACE_OUTER_BOUND('',#1032,.T.);
#552=FACE_OUTER_BOUND('',#1033,.T.);
#553=FACE_OUTER_BOUND('',#1034,.T.);
#554=FACE_OUTER_BOUND('',#1035,.T.);
#555=FACE_OUTER_BOUND('',#1036,.T.);
#556=FACE_OUTER_BOUND('',#1037,.T.);
#557=FACE_OUTER_BOUND('',#1047,.T.);
#558=FACE_OUTER_BOUND('',#1048,.T.);
#559=FACE_OUTER_BOUND('',#1049,.T.);
#560=FACE_OUTER_BOUND('',#1050,.T.);
#561=FACE_OUTER_BOUND('',#1051,.T.);
#562=FACE_OUTER_BOUND('',#1052,.T.);
#563=FACE_OUTER_BOUND('',#1053,.T.);
#564=FACE_OUTER_BOUND('',#1054,.T.);
#565=FACE_OUTER_BOUND('',#1055,.T.);
#566=FACE_OUTER_BOUND('',#1056,.T.);
#567=FACE_OUTER_BOUND('',#1057,.T.);
#568=FACE_OUTER_BOUND('',#1058,.T.);
#569=FACE_OUTER_BOUND('',#1059,.T.);
#570=FACE_OUTER_BOUND('',#1060,.T.);
#571=FACE_OUTER_BOUND('',#1061,.T.);
#572=FACE_OUTER_BOUND('',#1062,.T.);
#573=FACE_OUTER_BOUND('',#1063,.T.);
#574=FACE_OUTER_BOUND('',#1064,.T.);
#575=FACE_OUTER_BOUND('',#1065,.T.);
#576=FACE_OUTER_BOUND('',#1066,.T.);
#577=FACE_OUTER_BOUND('',#1067,.T.);
#578=FACE_OUTER_BOUND('',#1068,.T.);
#579=FACE_OUTER_BOUND('',#1069,.T.);
#580=FACE_OUTER_BOUND('',#1070,.T.);
#581=FACE_OUTER_BOUND('',#1071,.T.);
#582=FACE_OUTER_BOUND('',#1072,.T.);
#583=FACE_OUTER_BOUND('',#1073,.T.);
#584=FACE_OUTER_BOUND('',#1074,.T.);
#585=FACE_OUTER_BOUND('',#1075,.T.);
#586=FACE_OUTER_BOUND('',#1076,.T.);
#587=FACE_OUTER_BOUND('',#1077,.T.);
#588=FACE_OUTER_BOUND('',#1078,.T.);
#589=FACE_OUTER_BOUND('',#1079,.T.);
#590=FACE_OUTER_BOUND('',#1080,.T.);
#591=FACE_OUTER_BOUND('',#1081,.T.);
#592=FACE_OUTER_BOUND('',#1082,.T.);
#593=FACE_OUTER_BOUND('',#1083,.T.);
#594=FACE_OUTER_BOUND('',#1084,.T.);
#595=FACE_OUTER_BOUND('',#1085,.T.);
#596=FACE_OUTER_BOUND('',#1086,.T.);
#597=FACE_OUTER_BOUND('',#1087,.T.);
#598=FACE_OUTER_BOUND('',#1088,.T.);
#599=FACE_OUTER_BOUND('',#1089,.T.);
#600=FACE_OUTER_BOUND('',#1090,.T.);
#601=FACE_OUTER_BOUND('',#1091,.T.);
#602=FACE_OUTER_BOUND('',#1092,.T.);
#603=FACE_OUTER_BOUND('',#1102,.T.);
#604=FACE_OUTER_BOUND('',#1103,.T.);
#605=FACE_OUTER_BOUND('',#1104,.T.);
#606=FACE_OUTER_BOUND('',#1105,.T.);
#607=FACE_OUTER_BOUND('',#1106,.T.);
#608=FACE_OUTER_BOUND('',#1107,.T.);
#609=FACE_OUTER_BOUND('',#1108,.T.);
#610=FACE_OUTER_BOUND('',#1109,.T.);
#611=FACE_OUTER_BOUND('',#1110,.T.);
#612=FACE_OUTER_BOUND('',#1111,.T.);
#613=FACE_OUTER_BOUND('',#1112,.T.);
#614=FACE_OUTER_BOUND('',#1114,.T.);
#615=FACE_OUTER_BOUND('',#1116,.T.);
#616=FACE_OUTER_BOUND('',#1117,.T.);
#617=FACE_OUTER_BOUND('',#1118,.T.);
#618=FACE_OUTER_BOUND('',#1119,.T.);
#619=FACE_OUTER_BOUND('',#1120,.T.);
#620=FACE_OUTER_BOUND('',#1121,.T.);
#621=FACE_OUTER_BOUND('',#1122,.T.);
#622=FACE_OUTER_BOUND('',#1123,.T.);
#623=FACE_OUTER_BOUND('',#1124,.T.);
#624=FACE_OUTER_BOUND('',#1125,.T.);
#625=FACE_OUTER_BOUND('',#1126,.T.);
#626=FACE_OUTER_BOUND('',#1128,.T.);
#627=FACE_OUTER_BOUND('',#1130,.T.);
#628=FACE_OUTER_BOUND('',#1131,.T.);
#629=FACE_OUTER_BOUND('',#1132,.T.);
#630=FACE_OUTER_BOUND('',#1133,.T.);
#631=FACE_OUTER_BOUND('',#1134,.T.);
#632=FACE_OUTER_BOUND('',#1135,.T.);
#633=FACE_OUTER_BOUND('',#1136,.T.);
#634=FACE_OUTER_BOUND('',#1137,.T.);
#635=FACE_OUTER_BOUND('',#1138,.T.);
#636=FACE_OUTER_BOUND('',#1139,.T.);
#637=FACE_OUTER_BOUND('',#1140,.T.);
#638=FACE_OUTER_BOUND('',#1142,.T.);
#639=FACE_OUTER_BOUND('',#1144,.T.);
#640=FACE_OUTER_BOUND('',#1145,.T.);
#641=FACE_OUTER_BOUND('',#1146,.T.);
#642=FACE_OUTER_BOUND('',#1148,.T.);
#643=FACE_OUTER_BOUND('',#1150,.T.);
#644=FACE_OUTER_BOUND('',#1151,.T.);
#645=FACE_OUTER_BOUND('',#1152,.T.);
#646=FACE_OUTER_BOUND('',#1154,.T.);
#647=FACE_OUTER_BOUND('',#1156,.T.);
#648=FACE_OUTER_BOUND('',#1157,.T.);
#649=FACE_OUTER_BOUND('',#1158,.T.);
#650=FACE_OUTER_BOUND('',#1160,.T.);
#651=FACE_OUTER_BOUND('',#1162,.T.);
#652=FACE_OUTER_BOUND('',#1163,.T.);
#653=FACE_OUTER_BOUND('',#1164,.T.);
#654=FACE_OUTER_BOUND('',#1165,.T.);
#655=FACE_OUTER_BOUND('',#1166,.T.);
#656=FACE_OUTER_BOUND('',#1167,.T.);
#657=FACE_OUTER_BOUND('',#1168,.T.);
#658=FACE_OUTER_BOUND('',#1169,.T.);
#659=FACE_OUTER_BOUND('',#1171,.T.);
#660=FACE_OUTER_BOUND('',#1173,.T.);
#661=FACE_OUTER_BOUND('',#1174,.T.);
#662=FACE_OUTER_BOUND('',#1175,.T.);
#663=FACE_OUTER_BOUND('',#1176,.T.);
#664=FACE_OUTER_BOUND('',#1177,.T.);
#665=FACE_OUTER_BOUND('',#1178,.T.);
#666=FACE_OUTER_BOUND('',#1179,.T.);
#667=FACE_OUTER_BOUND('',#1180,.T.);
#668=FACE_OUTER_BOUND('',#1182,.T.);
#669=FACE_OUTER_BOUND('',#1184,.T.);
#670=FACE_OUTER_BOUND('',#1185,.T.);
#671=FACE_OUTER_BOUND('',#1186,.T.);
#672=FACE_OUTER_BOUND('',#1187,.T.);
#673=FACE_OUTER_BOUND('',#1188,.T.);
#674=FACE_OUTER_BOUND('',#1189,.T.);
#675=FACE_OUTER_BOUND('',#1190,.T.);
#676=FACE_OUTER_BOUND('',#1191,.T.);
#677=FACE_OUTER_BOUND('',#1193,.T.);
#678=FACE_OUTER_BOUND('',#1195,.T.);
#679=FACE_OUTER_BOUND('',#1196,.T.);
#680=FACE_OUTER_BOUND('',#1197,.T.);
#681=FACE_OUTER_BOUND('',#1198,.T.);
#682=FACE_OUTER_BOUND('',#1199,.T.);
#683=FACE_OUTER_BOUND('',#1200,.T.);
#684=FACE_OUTER_BOUND('',#1201,.T.);
#685=FACE_OUTER_BOUND('',#1203,.T.);
#686=FACE_OUTER_BOUND('',#1204,.T.);
#687=FACE_OUTER_BOUND('',#1205,.T.);
#688=FACE_OUTER_BOUND('',#1206,.T.);
#689=FACE_OUTER_BOUND('',#1207,.T.);
#690=FACE_OUTER_BOUND('',#1208,.T.);
#691=FACE_OUTER_BOUND('',#1209,.T.);
#692=FACE_OUTER_BOUND('',#1211,.T.);
#693=FACE_OUTER_BOUND('',#1212,.T.);
#694=FACE_OUTER_BOUND('',#1213,.T.);
#695=FACE_OUTER_BOUND('',#1214,.T.);
#696=FACE_OUTER_BOUND('',#1215,.T.);
#697=FACE_OUTER_BOUND('',#1216,.T.);
#698=FACE_OUTER_BOUND('',#1217,.T.);
#699=FACE_OUTER_BOUND('',#1219,.T.);
#700=FACE_OUTER_BOUND('',#1220,.T.);
#701=FACE_OUTER_BOUND('',#1222,.T.);
#702=FACE_OUTER_BOUND('',#1223,.T.);
#703=FACE_OUTER_BOUND('',#1225,.T.);
#704=FACE_OUTER_BOUND('',#1226,.T.);
#705=FACE_OUTER_BOUND('',#1228,.T.);
#706=FACE_OUTER_BOUND('',#1229,.T.);
#707=FACE_OUTER_BOUND('',#1230,.T.);
#708=FACE_OUTER_BOUND('',#1231,.T.);
#709=FACE_OUTER_BOUND('',#1232,.T.);
#710=FACE_OUTER_BOUND('',#1233,.T.);
#711=FACE_OUTER_BOUND('',#1234,.T.);
#712=FACE_OUTER_BOUND('',#1235,.T.);
#713=FACE_OUTER_BOUND('',#1237,.T.);
#714=FACE_OUTER_BOUND('',#1238,.T.);
#715=FACE_OUTER_BOUND('',#1239,.T.);
#716=FACE_OUTER_BOUND('',#1240,.T.);
#717=FACE_OUTER_BOUND('',#1241,.T.);
#718=FACE_OUTER_BOUND('',#1242,.T.);
#719=FACE_OUTER_BOUND('',#1246,.T.);
#720=FACE_OUTER_BOUND('',#1248,.T.);
#721=FACE_OUTER_BOUND('',#1252,.T.);
#722=FACE_OUTER_BOUND('',#1253,.T.);
#723=FACE_OUTER_BOUND('',#1254,.T.);
#724=FACE_OUTER_BOUND('',#1255,.T.);
#725=FACE_OUTER_BOUND('',#1259,.T.);
#726=FACE_OUTER_BOUND('',#1263,.T.);
#727=FACE_OUTER_BOUND('',#1264,.T.);
#728=FACE_OUTER_BOUND('',#1265,.T.);
#729=FACE_OUTER_BOUND('',#1266,.T.);
#730=FACE_OUTER_BOUND('',#1270,.T.);
#731=FACE_OUTER_BOUND('',#1271,.T.);
#732=FACE_OUTER_BOUND('',#1272,.T.);
#733=FACE_OUTER_BOUND('',#1273,.T.);
#734=FACE_OUTER_BOUND('',#1274,.T.);
#735=FACE_OUTER_BOUND('',#1275,.T.);
#736=FACE_OUTER_BOUND('',#1276,.T.);
#737=FACE_OUTER_BOUND('',#1277,.T.);
#738=FACE_OUTER_BOUND('',#1278,.T.);
#739=FACE_OUTER_BOUND('',#1279,.T.);
#740=FACE_OUTER_BOUND('',#1280,.T.);
#741=FACE_OUTER_BOUND('',#1281,.T.);
#742=FACE_OUTER_BOUND('',#1282,.T.);
#743=FACE_OUTER_BOUND('',#1283,.T.);
#744=FACE_OUTER_BOUND('',#1284,.T.);
#745=FACE_OUTER_BOUND('',#1285,.T.);
#746=FACE_OUTER_BOUND('',#1286,.T.);
#747=FACE_OUTER_BOUND('',#1287,.T.);
#748=FACE_OUTER_BOUND('',#1288,.T.);
#749=FACE_OUTER_BOUND('',#1289,.T.);
#750=FACE_OUTER_BOUND('',#1290,.T.);
#751=FACE_OUTER_BOUND('',#1291,.T.);
#752=FACE_OUTER_BOUND('',#1292,.T.);
#753=FACE_OUTER_BOUND('',#1293,.T.);
#754=FACE_OUTER_BOUND('',#1294,.T.);
#755=FACE_OUTER_BOUND('',#1295,.T.);
#756=FACE_OUTER_BOUND('',#1296,.T.);
#757=FACE_OUTER_BOUND('',#1297,.T.);
#758=FACE_OUTER_BOUND('',#1298,.T.);
#759=FACE_OUTER_BOUND('',#1299,.T.);
#760=FACE_OUTER_BOUND('',#1300,.T.);
#761=FACE_OUTER_BOUND('',#1301,.T.);
#762=FACE_OUTER_BOUND('',#1302,.T.);
#763=FACE_OUTER_BOUND('',#1303,.T.);
#764=FACE_OUTER_BOUND('',#1304,.T.);
#765=FACE_OUTER_BOUND('',#1305,.T.);
#766=FACE_OUTER_BOUND('',#1306,.T.);
#767=FACE_OUTER_BOUND('',#1307,.T.);
#768=FACE_OUTER_BOUND('',#1308,.T.);
#769=FACE_OUTER_BOUND('',#1309,.T.);
#770=FACE_OUTER_BOUND('',#1310,.T.);
#771=FACE_OUTER_BOUND('',#1311,.T.);
#772=FACE_OUTER_BOUND('',#1312,.T.);
#773=FACE_OUTER_BOUND('',#1313,.T.);
#774=FACE_OUTER_BOUND('',#1314,.T.);
#775=FACE_OUTER_BOUND('',#1315,.T.);
#776=FACE_OUTER_BOUND('',#1316,.T.);
#777=FACE_OUTER_BOUND('',#1326,.T.);
#778=FACE_OUTER_BOUND('',#1327,.T.);
#779=FACE_OUTER_BOUND('',#1328,.T.);
#780=FACE_OUTER_BOUND('',#1329,.T.);
#781=FACE_OUTER_BOUND('',#1330,.T.);
#782=FACE_OUTER_BOUND('',#1331,.T.);
#783=FACE_OUTER_BOUND('',#1332,.T.);
#784=FACE_OUTER_BOUND('',#1333,.T.);
#785=FACE_OUTER_BOUND('',#1334,.T.);
#786=FACE_OUTER_BOUND('',#1335,.T.);
#787=FACE_OUTER_BOUND('',#1336,.T.);
#788=FACE_OUTER_BOUND('',#1337,.T.);
#789=FACE_OUTER_BOUND('',#1338,.T.);
#790=FACE_OUTER_BOUND('',#1339,.T.);
#791=FACE_OUTER_BOUND('',#1340,.T.);
#792=FACE_OUTER_BOUND('',#1341,.T.);
#793=FACE_OUTER_BOUND('',#1342,.T.);
#794=FACE_OUTER_BOUND('',#1343,.T.);
#795=FACE_OUTER_BOUND('',#1344,.T.);
#796=FACE_OUTER_BOUND('',#1345,.T.);
#797=FACE_OUTER_BOUND('',#1346,.T.);
#798=FACE_OUTER_BOUND('',#1347,.T.);
#799=FACE_OUTER_BOUND('',#1348,.T.);
#800=FACE_OUTER_BOUND('',#1349,.T.);
#801=FACE_OUTER_BOUND('',#1350,.T.);
#802=FACE_OUTER_BOUND('',#1351,.T.);
#803=FACE_OUTER_BOUND('',#1352,.T.);
#804=FACE_OUTER_BOUND('',#1353,.T.);
#805=FACE_OUTER_BOUND('',#1354,.T.);
#806=FACE_OUTER_BOUND('',#1355,.T.);
#807=FACE_OUTER_BOUND('',#1356,.T.);
#808=FACE_OUTER_BOUND('',#1357,.T.);
#809=FACE_OUTER_BOUND('',#1358,.T.);
#810=FACE_OUTER_BOUND('',#1359,.T.);
#811=FACE_OUTER_BOUND('',#1360,.T.);
#812=FACE_OUTER_BOUND('',#1361,.T.);
#813=FACE_OUTER_BOUND('',#1362,.T.);
#814=FACE_OUTER_BOUND('',#1363,.T.);
#815=FACE_OUTER_BOUND('',#1364,.T.);
#816=FACE_OUTER_BOUND('',#1365,.T.);
#817=FACE_OUTER_BOUND('',#1366,.T.);
#818=FACE_OUTER_BOUND('',#1367,.T.);
#819=FACE_OUTER_BOUND('',#1368,.T.);
#820=FACE_OUTER_BOUND('',#1369,.T.);
#821=FACE_OUTER_BOUND('',#1370,.T.);
#822=FACE_OUTER_BOUND('',#1371,.T.);
#823=EDGE_LOOP('',(#5159,#5160,#5161,#5162));
#824=EDGE_LOOP('',(#5163,#5164,#5165,#5166));
#825=EDGE_LOOP('',(#5167,#5168,#5169,#5170));
#826=EDGE_LOOP('',(#5171,#5172,#5173,#5174));
#827=EDGE_LOOP('',(#5175,#5176,#5177,#5178));
#828=EDGE_LOOP('',(#5179,#5180,#5181,#5182));
#829=EDGE_LOOP('',(#5183,#5184,#5185,#5186,#5187,#5188));
#830=EDGE_LOOP('',(#5189,#5190,#5191,#5192));
#831=EDGE_LOOP('',(#5193));
#832=EDGE_LOOP('',(#5194,#5195,#5196,#5197));
#833=EDGE_LOOP('',(#5198));
#834=EDGE_LOOP('',(#5199,#5200,#5201,#5202,#5203,#5204));
#835=EDGE_LOOP('',(#5205));
#836=EDGE_LOOP('',(#5206));
#837=EDGE_LOOP('',(#5207,#5208,#5209,#5210));
#838=EDGE_LOOP('',(#5211,#5212,#5213,#5214));
#839=EDGE_LOOP('',(#5215,#5216,#5217,#5218));
#840=EDGE_LOOP('',(#5219,#5220,#5221,#5222));
#841=EDGE_LOOP('',(#5223,#5224,#5225,#5226));
#842=EDGE_LOOP('',(#5227,#5228,#5229,#5230));
#843=EDGE_LOOP('',(#5231,#5232,#5233,#5234,#5235,#5236));
#844=EDGE_LOOP('',(#5237,#5238,#5239,#5240));
#845=EDGE_LOOP('',(#5241));
#846=EDGE_LOOP('',(#5242,#5243,#5244,#5245));
#847=EDGE_LOOP('',(#5246));
#848=EDGE_LOOP('',(#5247,#5248,#5249,#5250,#5251,#5252));
#849=EDGE_LOOP('',(#5253));
#850=EDGE_LOOP('',(#5254));
#851=EDGE_LOOP('',(#5255,#5256,#5257,#5258));
#852=EDGE_LOOP('',(#5259,#5260,#5261,#5262));
#853=EDGE_LOOP('',(#5263,#5264,#5265,#5266));
#854=EDGE_LOOP('',(#5267,#5268,#5269,#5270));
#855=EDGE_LOOP('',(#5271,#5272,#5273,#5274));
#856=EDGE_LOOP('',(#5275,#5276,#5277,#5278));
#857=EDGE_LOOP('',(#5279,#5280,#5281,#5282,#5283,#5284));
#858=EDGE_LOOP('',(#5285,#5286,#5287,#5288));
#859=EDGE_LOOP('',(#5289));
#860=EDGE_LOOP('',(#5290,#5291,#5292,#5293));
#861=EDGE_LOOP('',(#5294));
#862=EDGE_LOOP('',(#5295,#5296,#5297,#5298,#5299,#5300));
#863=EDGE_LOOP('',(#5301));
#864=EDGE_LOOP('',(#5302));
#865=EDGE_LOOP('',(#5303,#5304,#5305,#5306));
#866=EDGE_LOOP('',(#5307,#5308,#5309,#5310));
#867=EDGE_LOOP('',(#5311));
#868=EDGE_LOOP('',(#5312));
#869=EDGE_LOOP('',(#5313));
#870=EDGE_LOOP('',(#5314));
#871=EDGE_LOOP('',(#5315,#5316,#5317,#5318));
#872=EDGE_LOOP('',(#5319,#5320,#5321,#5322));
#873=EDGE_LOOP('',(#5323));
#874=EDGE_LOOP('',(#5324));
#875=EDGE_LOOP('',(#5325));
#876=EDGE_LOOP('',(#5326));
#877=EDGE_LOOP('',(#5327,#5328,#5329,#5330));
#878=EDGE_LOOP('',(#5331,#5332,#5333,#5334));
#879=EDGE_LOOP('',(#5335));
#880=EDGE_LOOP('',(#5336));
#881=EDGE_LOOP('',(#5337));
#882=EDGE_LOOP('',(#5338));
#883=EDGE_LOOP('',(#5339,#5340,#5341,#5342));
#884=EDGE_LOOP('',(#5343,#5344,#5345,#5346));
#885=EDGE_LOOP('',(#5347,#5348,#5349,#5350));
#886=EDGE_LOOP('',(#5351,#5352,#5353,#5354));
#887=EDGE_LOOP('',(#5355,#5356,#5357,#5358));
#888=EDGE_LOOP('',(#5359,#5360,#5361,#5362));
#889=EDGE_LOOP('',(#5363,#5364,#5365,#5366));
#890=EDGE_LOOP('',(#5367,#5368,#5369,#5370,#5371,#5372));
#891=EDGE_LOOP('',(#5373));
#892=EDGE_LOOP('',(#5374,#5375,#5376,#5377,#5378,#5379));
#893=EDGE_LOOP('',(#5380));
#894=EDGE_LOOP('',(#5381,#5382,#5383,#5384));
#895=EDGE_LOOP('',(#5385,#5386,#5387,#5388));
#896=EDGE_LOOP('',(#5389,#5390,#5391,#5392));
#897=EDGE_LOOP('',(#5393,#5394,#5395,#5396));
#898=EDGE_LOOP('',(#5397,#5398,#5399,#5400));
#899=EDGE_LOOP('',(#5401,#5402,#5403,#5404));
#900=EDGE_LOOP('',(#5405,#5406,#5407,#5408));
#901=EDGE_LOOP('',(#5409,#5410,#5411,#5412,#5413,#5414));
#902=EDGE_LOOP('',(#5415));
#903=EDGE_LOOP('',(#5416,#5417,#5418,#5419,#5420,#5421));
#904=EDGE_LOOP('',(#5422));
#905=EDGE_LOOP('',(#5423,#5424,#5425,#5426));
#906=EDGE_LOOP('',(#5427,#5428,#5429,#5430));
#907=EDGE_LOOP('',(#5431,#5432,#5433,#5434));
#908=EDGE_LOOP('',(#5435,#5436,#5437,#5438));
#909=EDGE_LOOP('',(#5439,#5440,#5441,#5442));
#910=EDGE_LOOP('',(#5443,#5444,#5445,#5446));
#911=EDGE_LOOP('',(#5447,#5448,#5449,#5450));
#912=EDGE_LOOP('',(#5451,#5452,#5453,#5454,#5455,#5456));
#913=EDGE_LOOP('',(#5457));
#914=EDGE_LOOP('',(#5458,#5459,#5460,#5461,#5462,#5463));
#915=EDGE_LOOP('',(#5464));
#916=EDGE_LOOP('',(#5465,#5466,#5467,#5468));
#917=EDGE_LOOP('',(#5469,#5470,#5471,#5472));
#918=EDGE_LOOP('',(#5473,#5474,#5475,#5476));
#919=EDGE_LOOP('',(#5477,#5478,#5479,#5480));
#920=EDGE_LOOP('',(#5481,#5482,#5483,#5484));
#921=EDGE_LOOP('',(#5485,#5486,#5487,#5488));
#922=EDGE_LOOP('',(#5489,#5490,#5491,#5492,#5493,#5494));
#923=EDGE_LOOP('',(#5495));
#924=EDGE_LOOP('',(#5496,#5497,#5498,#5499));
#925=EDGE_LOOP('',(#5500,#5501,#5502,#5503));
#926=EDGE_LOOP('',(#5504,#5505,#5506,#5507));
#927=EDGE_LOOP('',(#5508,#5509,#5510,#5511));
#928=EDGE_LOOP('',(#5512,#5513,#5514,#5515));
#929=EDGE_LOOP('',(#5516,#5517,#5518,#5519));
#930=EDGE_LOOP('',(#5520,#5521,#5522,#5523,#5524,#5525));
#931=EDGE_LOOP('',(#5526));
#932=EDGE_LOOP('',(#5527,#5528,#5529,#5530));
#933=EDGE_LOOP('',(#5531,#5532,#5533,#5534));
#934=EDGE_LOOP('',(#5535,#5536,#5537,#5538));
#935=EDGE_LOOP('',(#5539,#5540,#5541,#5542));
#936=EDGE_LOOP('',(#5543,#5544,#5545,#5546));
#937=EDGE_LOOP('',(#5547,#5548,#5549,#5550));
#938=EDGE_LOOP('',(#5551,#5552,#5553,#5554,#5555,#5556));
#939=EDGE_LOOP('',(#5557));
#940=EDGE_LOOP('',(#5558,#5559,#5560,#5561));
#941=EDGE_LOOP('',(#5562));
#942=EDGE_LOOP('',(#5563));
#943=EDGE_LOOP('',(#5564,#5565,#5566,#5567));
#944=EDGE_LOOP('',(#5568));
#945=EDGE_LOOP('',(#5569));
#946=EDGE_LOOP('',(#5570,#5571,#5572,#5573));
#947=EDGE_LOOP('',(#5574));
#948=EDGE_LOOP('',(#5575));
#949=EDGE_LOOP('',(#5576,#5577,#5578,#5579));
#950=EDGE_LOOP('',(#5580,#5581,#5582,#5583));
#951=EDGE_LOOP('',(#5584,#5585,#5586,#5587));
#952=EDGE_LOOP('',(#5588,#5589,#5590,#5591));
#953=EDGE_LOOP('',(#5592,#5593,#5594,#5595));
#954=EDGE_LOOP('',(#5596,#5597,#5598,#5599));
#955=EDGE_LOOP('',(#5600,#5601,#5602,#5603));
#956=EDGE_LOOP('',(#5604));
#957=EDGE_LOOP('',(#5605));
#958=EDGE_LOOP('',(#5606,#5607,#5608,#5609));
#959=EDGE_LOOP('',(#5610));
#960=EDGE_LOOP('',(#5611,#5612,#5613,#5614));
#961=EDGE_LOOP('',(#5615));
#962=EDGE_LOOP('',(#5616,#5617,#5618,#5619));
#963=EDGE_LOOP('',(#5620,#5621,#5622,#5623,#5624));
#964=EDGE_LOOP('',(#5625));
#965=EDGE_LOOP('',(#5626));
#966=EDGE_LOOP('',(#5627));
#967=EDGE_LOOP('',(#5628,#5629,#5630,#5631));
#968=EDGE_LOOP('',(#5632));
#969=EDGE_LOOP('',(#5633,#5634,#5635,#5636,#5637));
#970=EDGE_LOOP('',(#5638));
#971=EDGE_LOOP('',(#5639));
#972=EDGE_LOOP('',(#5640));
#973=EDGE_LOOP('',(#5641,#5642,#5643,#5644,#5645,#5646,#5647,#5648));
#974=EDGE_LOOP('',(#5649,#5650,#5651,#5652));
#975=EDGE_LOOP('',(#5653,#5654,#5655,#5656));
#976=EDGE_LOOP('',(#5657,#5658,#5659,#5660,#5661));
#977=EDGE_LOOP('',(#5662,#5663,#5664,#5665,#5666,#5667));
#978=EDGE_LOOP('',(#5668,#5669,#5670,#5671,#5672,#5673));
#979=EDGE_LOOP('',(#5674,#5675,#5676,#5677,#5678,#5679));
#980=EDGE_LOOP('',(#5680,#5681,#5682,#5683));
#981=EDGE_LOOP('',(#5684));
#982=EDGE_LOOP('',(#5685));
#983=EDGE_LOOP('',(#5686));
#984=EDGE_LOOP('',(#5687,#5688,#5689,#5690,#5691,#5692,#5693,#5694));
#985=EDGE_LOOP('',(#5695,#5696,#5697,#5698));
#986=EDGE_LOOP('',(#5699,#5700,#5701,#5702));
#987=EDGE_LOOP('',(#5703,#5704,#5705,#5706,#5707));
#988=EDGE_LOOP('',(#5708));
#989=EDGE_LOOP('',(#5709));
#990=EDGE_LOOP('',(#5710));
#991=EDGE_LOOP('',(#5711,#5712,#5713,#5714));
#992=EDGE_LOOP('',(#5715,#5716,#5717,#5718));
#993=EDGE_LOOP('',(#5719,#5720,#5721,#5722));
#994=EDGE_LOOP('',(#5723,#5724,#5725,#5726));
#995=EDGE_LOOP('',(#5727,#5728,#5729,#5730));
#996=EDGE_LOOP('',(#5731,#5732,#5733,#5734));
#997=EDGE_LOOP('',(#5735,#5736,#5737,#5738));
#998=EDGE_LOOP('',(#5739,#5740,#5741,#5742));
#999=EDGE_LOOP('',(#5743,#5744,#5745,#5746));
#1000=EDGE_LOOP('',(#5747,#5748,#5749,#5750));
#1001=EDGE_LOOP('',(#5751,#5752,#5753,#5754));
#1002=EDGE_LOOP('',(#5755,#5756,#5757,#5758));
#1003=EDGE_LOOP('',(#5759,#5760,#5761,#5762));
#1004=EDGE_LOOP('',(#5763,#5764,#5765,#5766));
#1005=EDGE_LOOP('',(#5767,#5768,#5769,#5770));
#1006=EDGE_LOOP('',(#5771,#5772,#5773,#5774));
#1007=EDGE_LOOP('',(#5775,#5776,#5777,#5778));
#1008=EDGE_LOOP('',(#5779,#5780,#5781,#5782));
#1009=EDGE_LOOP('',(#5783,#5784,#5785,#5786));
#1010=EDGE_LOOP('',(#5787,#5788,#5789,#5790));
#1011=EDGE_LOOP('',(#5791,#5792,#5793,#5794));
#1012=EDGE_LOOP('',(#5795,#5796,#5797,#5798));
#1013=EDGE_LOOP('',(#5799,#5800,#5801,#5802));
#1014=EDGE_LOOP('',(#5803,#5804,#5805,#5806));
#1015=EDGE_LOOP('',(#5807,#5808,#5809,#5810));
#1016=EDGE_LOOP('',(#5811,#5812,#5813,#5814));
#1017=EDGE_LOOP('',(#5815,#5816,#5817,#5818));
#1018=EDGE_LOOP('',(#5819,#5820,#5821,#5822));
#1019=EDGE_LOOP('',(#5823,#5824,#5825,#5826));
#1020=EDGE_LOOP('',(#5827,#5828,#5829,#5830));
#1021=EDGE_LOOP('',(#5831,#5832,#5833,#5834));
#1022=EDGE_LOOP('',(#5835,#5836,#5837,#5838));
#1023=EDGE_LOOP('',(#5839,#5840,#5841,#5842));
#1024=EDGE_LOOP('',(#5843,#5844,#5845,#5846));
#1025=EDGE_LOOP('',(#5847,#5848,#5849,#5850));
#1026=EDGE_LOOP('',(#5851,#5852,#5853,#5854));
#1027=EDGE_LOOP('',(#5855,#5856,#5857,#5858));
#1028=EDGE_LOOP('',(#5859,#5860,#5861,#5862));
#1029=EDGE_LOOP('',(#5863,#5864,#5865,#5866));
#1030=EDGE_LOOP('',(#5867,#5868,#5869,#5870));
#1031=EDGE_LOOP('',(#5871,#5872,#5873,#5874));
#1032=EDGE_LOOP('',(#5875,#5876,#5877,#5878));
#1033=EDGE_LOOP('',(#5879,#5880,#5881,#5882));
#1034=EDGE_LOOP('',(#5883,#5884,#5885,#5886));
#1035=EDGE_LOOP('',(#5887,#5888,#5889,#5890));
#1036=EDGE_LOOP('',(#5891,#5892,#5893,#5894));
#1037=EDGE_LOOP('',(#5895,#5896,#5897,#5898,#5899,#5900,#5901,#5902,#5903,
#5904,#5905,#5906,#5907,#5908,#5909,#5910,#5911,#5912,#5913,#5914,#5915,
#5916,#5917,#5918,#5919,#5920,#5921,#5922,#5923,#5924,#5925,#5926,#5927,
#5928,#5929,#5930,#5931,#5932,#5933,#5934,#5935,#5936,#5937,#5938,#5939));
#1038=EDGE_LOOP('',(#5940,#5941,#5942,#5943,#5944,#5945));
#1039=EDGE_LOOP('',(#5946,#5947,#5948,#5949,#5950,#5951,#5952,#5953));
#1040=EDGE_LOOP('',(#5954,#5955,#5956,#5957,#5958,#5959,#5960,#5961));
#1041=EDGE_LOOP('',(#5962,#5963,#5964,#5965,#5966,#5967,#5968,#5969));
#1042=EDGE_LOOP('',(#5970,#5971,#5972,#5973,#5974,#5975,#5976,#5977));
#1043=EDGE_LOOP('',(#5978,#5979,#5980,#5981,#5982));
#1044=EDGE_LOOP('',(#5983));
#1045=EDGE_LOOP('',(#5984));
#1046=EDGE_LOOP('',(#5985));
#1047=EDGE_LOOP('',(#5986,#5987,#5988,#5989));
#1048=EDGE_LOOP('',(#5990,#5991,#5992,#5993));
#1049=EDGE_LOOP('',(#5994,#5995,#5996,#5997));
#1050=EDGE_LOOP('',(#5998,#5999,#6000,#6001));
#1051=EDGE_LOOP('',(#6002,#6003,#6004,#6005));
#1052=EDGE_LOOP('',(#6006,#6007,#6008,#6009));
#1053=EDGE_LOOP('',(#6010,#6011,#6012,#6013));
#1054=EDGE_LOOP('',(#6014,#6015,#6016,#6017));
#1055=EDGE_LOOP('',(#6018,#6019,#6020,#6021));
#1056=EDGE_LOOP('',(#6022,#6023,#6024,#6025));
#1057=EDGE_LOOP('',(#6026,#6027,#6028,#6029));
#1058=EDGE_LOOP('',(#6030,#6031,#6032,#6033));
#1059=EDGE_LOOP('',(#6034,#6035,#6036,#6037));
#1060=EDGE_LOOP('',(#6038,#6039,#6040,#6041));
#1061=EDGE_LOOP('',(#6042,#6043,#6044,#6045));
#1062=EDGE_LOOP('',(#6046,#6047,#6048,#6049));
#1063=EDGE_LOOP('',(#6050,#6051,#6052,#6053));
#1064=EDGE_LOOP('',(#6054,#6055,#6056,#6057));
#1065=EDGE_LOOP('',(#6058,#6059,#6060,#6061));
#1066=EDGE_LOOP('',(#6062,#6063,#6064,#6065));
#1067=EDGE_LOOP('',(#6066,#6067,#6068,#6069));
#1068=EDGE_LOOP('',(#6070,#6071,#6072,#6073));
#1069=EDGE_LOOP('',(#6074,#6075,#6076,#6077));
#1070=EDGE_LOOP('',(#6078,#6079,#6080,#6081));
#1071=EDGE_LOOP('',(#6082,#6083,#6084,#6085));
#1072=EDGE_LOOP('',(#6086,#6087,#6088,#6089));
#1073=EDGE_LOOP('',(#6090,#6091,#6092,#6093));
#1074=EDGE_LOOP('',(#6094,#6095,#6096,#6097));
#1075=EDGE_LOOP('',(#6098,#6099,#6100,#6101));
#1076=EDGE_LOOP('',(#6102,#6103,#6104,#6105));
#1077=EDGE_LOOP('',(#6106,#6107,#6108,#6109));
#1078=EDGE_LOOP('',(#6110,#6111,#6112,#6113));
#1079=EDGE_LOOP('',(#6114,#6115,#6116,#6117));
#1080=EDGE_LOOP('',(#6118,#6119,#6120,#6121));
#1081=EDGE_LOOP('',(#6122,#6123,#6124,#6125));
#1082=EDGE_LOOP('',(#6126,#6127,#6128,#6129));
#1083=EDGE_LOOP('',(#6130,#6131,#6132,#6133));
#1084=EDGE_LOOP('',(#6134,#6135,#6136,#6137));
#1085=EDGE_LOOP('',(#6138,#6139,#6140,#6141));
#1086=EDGE_LOOP('',(#6142,#6143,#6144,#6145));
#1087=EDGE_LOOP('',(#6146,#6147,#6148,#6149));
#1088=EDGE_LOOP('',(#6150,#6151,#6152,#6153));
#1089=EDGE_LOOP('',(#6154,#6155,#6156,#6157));
#1090=EDGE_LOOP('',(#6158,#6159,#6160,#6161));
#1091=EDGE_LOOP('',(#6162,#6163,#6164,#6165));
#1092=EDGE_LOOP('',(#6166,#6167,#6168,#6169,#6170,#6171,#6172,#6173,#6174,
#6175,#6176,#6177,#6178,#6179,#6180,#6181,#6182,#6183,#6184,#6185,#6186,
#6187,#6188,#6189,#6190,#6191,#6192,#6193,#6194,#6195,#6196,#6197,#6198,
#6199,#6200,#6201,#6202,#6203,#6204,#6205,#6206,#6207,#6208,#6209,#6210));
#1093=EDGE_LOOP('',(#6211,#6212,#6213,#6214,#6215,#6216));
#1094=EDGE_LOOP('',(#6217,#6218,#6219,#6220,#6221,#6222,#6223,#6224));
#1095=EDGE_LOOP('',(#6225,#6226,#6227,#6228,#6229,#6230,#6231,#6232));
#1096=EDGE_LOOP('',(#6233,#6234,#6235,#6236,#6237,#6238,#6239,#6240));
#1097=EDGE_LOOP('',(#6241,#6242,#6243,#6244,#6245,#6246,#6247,#6248));
#1098=EDGE_LOOP('',(#6249,#6250,#6251,#6252,#6253));
#1099=EDGE_LOOP('',(#6254));
#1100=EDGE_LOOP('',(#6255));
#1101=EDGE_LOOP('',(#6256));
#1102=EDGE_LOOP('',(#6257,#6258,#6259,#6260));
#1103=EDGE_LOOP('',(#6261,#6262,#6263,#6264));
#1104=EDGE_LOOP('',(#6265,#6266,#6267,#6268));
#1105=EDGE_LOOP('',(#6269,#6270,#6271,#6272));
#1106=EDGE_LOOP('',(#6273,#6274,#6275,#6276));
#1107=EDGE_LOOP('',(#6277,#6278,#6279,#6280));
#1108=EDGE_LOOP('',(#6281,#6282,#6283,#6284,#6285,#6286));
#1109=EDGE_LOOP('',(#6287,#6288,#6289,#6290));
#1110=EDGE_LOOP('',(#6291));
#1111=EDGE_LOOP('',(#6292,#6293,#6294,#6295));
#1112=EDGE_LOOP('',(#6296));
#1113=EDGE_LOOP('',(#6297));
#1114=EDGE_LOOP('',(#6298));
#1115=EDGE_LOOP('',(#6299,#6300,#6301,#6302,#6303,#6304));
#1116=EDGE_LOOP('',(#6305,#6306,#6307,#6308));
#1117=EDGE_LOOP('',(#6309,#6310,#6311,#6312));
#1118=EDGE_LOOP('',(#6313,#6314,#6315,#6316));
#1119=EDGE_LOOP('',(#6317,#6318,#6319,#6320));
#1120=EDGE_LOOP('',(#6321,#6322,#6323,#6324));
#1121=EDGE_LOOP('',(#6325,#6326,#6327,#6328));
#1122=EDGE_LOOP('',(#6329,#6330,#6331,#6332,#6333,#6334));
#1123=EDGE_LOOP('',(#6335,#6336,#6337,#6338));
#1124=EDGE_LOOP('',(#6339));
#1125=EDGE_LOOP('',(#6340,#6341,#6342,#6343));
#1126=EDGE_LOOP('',(#6344));
#1127=EDGE_LOOP('',(#6345));
#1128=EDGE_LOOP('',(#6346));
#1129=EDGE_LOOP('',(#6347,#6348,#6349,#6350,#6351,#6352));
#1130=EDGE_LOOP('',(#6353,#6354,#6355,#6356));
#1131=EDGE_LOOP('',(#6357,#6358,#6359,#6360));
#1132=EDGE_LOOP('',(#6361,#6362,#6363,#6364));
#1133=EDGE_LOOP('',(#6365,#6366,#6367,#6368));
#1134=EDGE_LOOP('',(#6369,#6370,#6371,#6372));
#1135=EDGE_LOOP('',(#6373,#6374,#6375,#6376));
#1136=EDGE_LOOP('',(#6377,#6378,#6379,#6380,#6381,#6382));
#1137=EDGE_LOOP('',(#6383,#6384,#6385,#6386));
#1138=EDGE_LOOP('',(#6387));
#1139=EDGE_LOOP('',(#6388,#6389,#6390,#6391));
#1140=EDGE_LOOP('',(#6392));
#1141=EDGE_LOOP('',(#6393));
#1142=EDGE_LOOP('',(#6394));
#1143=EDGE_LOOP('',(#6395,#6396,#6397,#6398,#6399,#6400));
#1144=EDGE_LOOP('',(#6401,#6402,#6403,#6404));
#1145=EDGE_LOOP('',(#6405,#6406,#6407,#6408));
#1146=EDGE_LOOP('',(#6409));
#1147=EDGE_LOOP('',(#6410));
#1148=EDGE_LOOP('',(#6411));
#1149=EDGE_LOOP('',(#6412));
#1150=EDGE_LOOP('',(#6413,#6414,#6415,#6416));
#1151=EDGE_LOOP('',(#6417,#6418,#6419,#6420));
#1152=EDGE_LOOP('',(#6421));
#1153=EDGE_LOOP('',(#6422));
#1154=EDGE_LOOP('',(#6423));
#1155=EDGE_LOOP('',(#6424));
#1156=EDGE_LOOP('',(#6425,#6426,#6427,#6428));
#1157=EDGE_LOOP('',(#6429,#6430,#6431,#6432));
#1158=EDGE_LOOP('',(#6433));
#1159=EDGE_LOOP('',(#6434));
#1160=EDGE_LOOP('',(#6435));
#1161=EDGE_LOOP('',(#6436));
#1162=EDGE_LOOP('',(#6437,#6438,#6439,#6440));
#1163=EDGE_LOOP('',(#6441,#6442,#6443,#6444));
#1164=EDGE_LOOP('',(#6445,#6446,#6447,#6448));
#1165=EDGE_LOOP('',(#6449,#6450,#6451,#6452));
#1166=EDGE_LOOP('',(#6453,#6454,#6455,#6456));
#1167=EDGE_LOOP('',(#6457,#6458,#6459,#6460));
#1168=EDGE_LOOP('',(#6461,#6462,#6463,#6464));
#1169=EDGE_LOOP('',(#6465,#6466,#6467,#6468,#6469,#6470));
#1170=EDGE_LOOP('',(#6471));
#1171=EDGE_LOOP('',(#6472,#6473,#6474,#6475,#6476,#6477));
#1172=EDGE_LOOP('',(#6478));
#1173=EDGE_LOOP('',(#6479,#6480,#6481,#6482));
#1174=EDGE_LOOP('',(#6483,#6484,#6485,#6486));
#1175=EDGE_LOOP('',(#6487,#6488,#6489,#6490));
#1176=EDGE_LOOP('',(#6491,#6492,#6493,#6494));
#1177=EDGE_LOOP('',(#6495,#6496,#6497,#6498));
#1178=EDGE_LOOP('',(#6499,#6500,#6501,#6502));
#1179=EDGE_LOOP('',(#6503,#6504,#6505,#6506));
#1180=EDGE_LOOP('',(#6507,#6508,#6509,#6510,#6511,#6512));
#1181=EDGE_LOOP('',(#6513));
#1182=EDGE_LOOP('',(#6514,#6515,#6516,#6517,#6518,#6519));
#1183=EDGE_LOOP('',(#6520));
#1184=EDGE_LOOP('',(#6521,#6522,#6523,#6524));
#1185=EDGE_LOOP('',(#6525,#6526,#6527,#6528));
#1186=EDGE_LOOP('',(#6529,#6530,#6531,#6532));
#1187=EDGE_LOOP('',(#6533,#6534,#6535,#6536));
#1188=EDGE_LOOP('',(#6537,#6538,#6539,#6540));
#1189=EDGE_LOOP('',(#6541,#6542,#6543,#6544));
#1190=EDGE_LOOP('',(#6545,#6546,#6547,#6548));
#1191=EDGE_LOOP('',(#6549,#6550,#6551,#6552,#6553,#6554));
#1192=EDGE_LOOP('',(#6555));
#1193=EDGE_LOOP('',(#6556,#6557,#6558,#6559,#6560,#6561));
#1194=EDGE_LOOP('',(#6562));
#1195=EDGE_LOOP('',(#6563,#6564,#6565,#6566));
#1196=EDGE_LOOP('',(#6567,#6568,#6569,#6570));
#1197=EDGE_LOOP('',(#6571,#6572,#6573,#6574));
#1198=EDGE_LOOP('',(#6575,#6576,#6577,#6578));
#1199=EDGE_LOOP('',(#6579,#6580,#6581,#6582));
#1200=EDGE_LOOP('',(#6583,#6584,#6585,#6586));
#1201=EDGE_LOOP('',(#6587,#6588,#6589,#6590,#6591,#6592));
#1202=EDGE_LOOP('',(#6593));
#1203=EDGE_LOOP('',(#6594,#6595,#6596,#6597));
#1204=EDGE_LOOP('',(#6598,#6599,#6600,#6601));
#1205=EDGE_LOOP('',(#6602,#6603,#6604,#6605));
#1206=EDGE_LOOP('',(#6606,#6607,#6608,#6609));
#1207=EDGE_LOOP('',(#6610,#6611,#6612,#6613));
#1208=EDGE_LOOP('',(#6614,#6615,#6616,#6617));
#1209=EDGE_LOOP('',(#6618,#6619,#6620,#6621,#6622,#6623));
#1210=EDGE_LOOP('',(#6624));
#1211=EDGE_LOOP('',(#6625,#6626,#6627,#6628));
#1212=EDGE_LOOP('',(#6629,#6630,#6631,#6632));
#1213=EDGE_LOOP('',(#6633,#6634,#6635,#6636));
#1214=EDGE_LOOP('',(#6637,#6638,#6639,#6640));
#1215=EDGE_LOOP('',(#6641,#6642,#6643,#6644));
#1216=EDGE_LOOP('',(#6645,#6646,#6647,#6648));
#1217=EDGE_LOOP('',(#6649,#6650,#6651,#6652,#6653,#6654));
#1218=EDGE_LOOP('',(#6655));
#1219=EDGE_LOOP('',(#6656,#6657,#6658,#6659));
#1220=EDGE_LOOP('',(#6660));
#1221=EDGE_LOOP('',(#6661));
#1222=EDGE_LOOP('',(#6662,#6663,#6664,#6665));
#1223=EDGE_LOOP('',(#6666));
#1224=EDGE_LOOP('',(#6667));
#1225=EDGE_LOOP('',(#6668,#6669,#6670,#6671));
#1226=EDGE_LOOP('',(#6672));
#1227=EDGE_LOOP('',(#6673));
#1228=EDGE_LOOP('',(#6674,#6675,#6676,#6677));
#1229=EDGE_LOOP('',(#6678,#6679,#6680,#6681));
#1230=EDGE_LOOP('',(#6682,#6683,#6684,#6685));
#1231=EDGE_LOOP('',(#6686,#6687,#6688,#6689));
#1232=EDGE_LOOP('',(#6690,#6691,#6692,#6693));
#1233=EDGE_LOOP('',(#6694,#6695,#6696,#6697));
#1234=EDGE_LOOP('',(#6698,#6699,#6700,#6701));
#1235=EDGE_LOOP('',(#6702));
#1236=EDGE_LOOP('',(#6703));
#1237=EDGE_LOOP('',(#6704,#6705,#6706,#6707));
#1238=EDGE_LOOP('',(#6708));
#1239=EDGE_LOOP('',(#6709,#6710,#6711,#6712));
#1240=EDGE_LOOP('',(#6713));
#1241=EDGE_LOOP('',(#6714,#6715,#6716,#6717));
#1242=EDGE_LOOP('',(#6718,#6719,#6720,#6721,#6722));
#1243=EDGE_LOOP('',(#6723));
#1244=EDGE_LOOP('',(#6724));
#1245=EDGE_LOOP('',(#6725));
#1246=EDGE_LOOP('',(#6726,#6727,#6728,#6729));
#1247=EDGE_LOOP('',(#6730));
#1248=EDGE_LOOP('',(#6731,#6732,#6733,#6734,#6735));
#1249=EDGE_LOOP('',(#6736));
#1250=EDGE_LOOP('',(#6737));
#1251=EDGE_LOOP('',(#6738));
#1252=EDGE_LOOP('',(#6739,#6740,#6741,#6742,#6743,#6744,#6745,#6746));
#1253=EDGE_LOOP('',(#6747,#6748,#6749,#6750));
#1254=EDGE_LOOP('',(#6751,#6752,#6753,#6754));
#1255=EDGE_LOOP('',(#6755,#6756,#6757,#6758,#6759));
#1256=EDGE_LOOP('',(#6760));
#1257=EDGE_LOOP('',(#6761));
#1258=EDGE_LOOP('',(#6762));
#1259=EDGE_LOOP('',(#6763,#6764,#6765,#6766));
#1260=EDGE_LOOP('',(#6767));
#1261=EDGE_LOOP('',(#6768));
#1262=EDGE_LOOP('',(#6769));
#1263=EDGE_LOOP('',(#6770,#6771,#6772,#6773,#6774,#6775,#6776,#6777));
#1264=EDGE_LOOP('',(#6778,#6779,#6780,#6781));
#1265=EDGE_LOOP('',(#6782,#6783,#6784,#6785));
#1266=EDGE_LOOP('',(#6786,#6787,#6788,#6789,#6790));
#1267=EDGE_LOOP('',(#6791,#6792,#6793,#6794,#6795,#6796));
#1268=EDGE_LOOP('',(#6797,#6798,#6799,#6800,#6801,#6802));
#1269=EDGE_LOOP('',(#6803,#6804,#6805,#6806,#6807,#6808));
#1270=EDGE_LOOP('',(#6809,#6810,#6811,#6812));
#1271=EDGE_LOOP('',(#6813,#6814,#6815,#6816));
#1272=EDGE_LOOP('',(#6817,#6818,#6819,#6820));
#1273=EDGE_LOOP('',(#6821,#6822,#6823,#6824));
#1274=EDGE_LOOP('',(#6825,#6826,#6827,#6828));
#1275=EDGE_LOOP('',(#6829,#6830,#6831,#6832));
#1276=EDGE_LOOP('',(#6833,#6834,#6835,#6836));
#1277=EDGE_LOOP('',(#6837,#6838,#6839,#6840));
#1278=EDGE_LOOP('',(#6841,#6842,#6843,#6844));
#1279=EDGE_LOOP('',(#6845,#6846,#6847,#6848));
#1280=EDGE_LOOP('',(#6849,#6850,#6851,#6852));
#1281=EDGE_LOOP('',(#6853,#6854,#6855,#6856));
#1282=EDGE_LOOP('',(#6857,#6858,#6859,#6860));
#1283=EDGE_LOOP('',(#6861,#6862,#6863,#6864));
#1284=EDGE_LOOP('',(#6865,#6866,#6867,#6868));
#1285=EDGE_LOOP('',(#6869,#6870,#6871,#6872));
#1286=EDGE_LOOP('',(#6873,#6874,#6875,#6876));
#1287=EDGE_LOOP('',(#6877,#6878,#6879,#6880));
#1288=EDGE_LOOP('',(#6881,#6882,#6883,#6884));
#1289=EDGE_LOOP('',(#6885,#6886,#6887,#6888));
#1290=EDGE_LOOP('',(#6889,#6890,#6891,#6892));
#1291=EDGE_LOOP('',(#6893,#6894,#6895,#6896));
#1292=EDGE_LOOP('',(#6897,#6898,#6899,#6900));
#1293=EDGE_LOOP('',(#6901,#6902,#6903,#6904));
#1294=EDGE_LOOP('',(#6905,#6906,#6907,#6908));
#1295=EDGE_LOOP('',(#6909,#6910,#6911,#6912));
#1296=EDGE_LOOP('',(#6913,#6914,#6915,#6916));
#1297=EDGE_LOOP('',(#6917,#6918,#6919,#6920));
#1298=EDGE_LOOP('',(#6921,#6922,#6923,#6924));
#1299=EDGE_LOOP('',(#6925,#6926,#6927,#6928));
#1300=EDGE_LOOP('',(#6929,#6930,#6931,#6932));
#1301=EDGE_LOOP('',(#6933,#6934,#6935,#6936));
#1302=EDGE_LOOP('',(#6937,#6938,#6939,#6940));
#1303=EDGE_LOOP('',(#6941,#6942,#6943,#6944));
#1304=EDGE_LOOP('',(#6945,#6946,#6947,#6948));
#1305=EDGE_LOOP('',(#6949,#6950,#6951,#6952));
#1306=EDGE_LOOP('',(#6953,#6954,#6955,#6956));
#1307=EDGE_LOOP('',(#6957,#6958,#6959,#6960));
#1308=EDGE_LOOP('',(#6961,#6962,#6963,#6964));
#1309=EDGE_LOOP('',(#6965,#6966,#6967,#6968));
#1310=EDGE_LOOP('',(#6969,#6970,#6971,#6972));
#1311=EDGE_LOOP('',(#6973,#6974,#6975,#6976));
#1312=EDGE_LOOP('',(#6977,#6978,#6979,#6980));
#1313=EDGE_LOOP('',(#6981,#6982,#6983,#6984));
#1314=EDGE_LOOP('',(#6985,#6986,#6987,#6988));
#1315=EDGE_LOOP('',(#6989,#6990,#6991,#6992));
#1316=EDGE_LOOP('',(#6993,#6994,#6995,#6996,#6997,#6998,#6999,#7000,#7001,
#7002,#7003,#7004,#7005,#7006,#7007,#7008,#7009,#7010,#7011,#7012,#7013,
#7014,#7015,#7016,#7017,#7018,#7019,#7020,#7021,#7022,#7023,#7024,#7025,
#7026,#7027,#7028,#7029,#7030,#7031,#7032,#7033,#7034,#7035,#7036,#7037));
#1317=EDGE_LOOP('',(#7038,#7039,#7040,#7041,#7042,#7043));
#1318=EDGE_LOOP('',(#7044,#7045,#7046,#7047,#7048,#7049,#7050,#7051));
#1319=EDGE_LOOP('',(#7052,#7053,#7054,#7055,#7056,#7057,#7058,#7059));
#1320=EDGE_LOOP('',(#7060,#7061,#7062,#7063,#7064,#7065,#7066,#7067));
#1321=EDGE_LOOP('',(#7068,#7069,#7070,#7071,#7072,#7073,#7074,#7075));
#1322=EDGE_LOOP('',(#7076,#7077,#7078,#7079,#7080));
#1323=EDGE_LOOP('',(#7081));
#1324=EDGE_LOOP('',(#7082));
#1325=EDGE_LOOP('',(#7083));
#1326=EDGE_LOOP('',(#7084,#7085,#7086,#7087));
#1327=EDGE_LOOP('',(#7088,#7089,#7090,#7091));
#1328=EDGE_LOOP('',(#7092,#7093,#7094,#7095));
#1329=EDGE_LOOP('',(#7096,#7097,#7098,#7099));
#1330=EDGE_LOOP('',(#7100,#7101,#7102,#7103));
#1331=EDGE_LOOP('',(#7104,#7105,#7106,#7107));
#1332=EDGE_LOOP('',(#7108,#7109,#7110,#7111));
#1333=EDGE_LOOP('',(#7112,#7113,#7114,#7115));
#1334=EDGE_LOOP('',(#7116,#7117,#7118,#7119));
#1335=EDGE_LOOP('',(#7120,#7121,#7122,#7123));
#1336=EDGE_LOOP('',(#7124,#7125,#7126,#7127));
#1337=EDGE_LOOP('',(#7128,#7129,#7130,#7131));
#1338=EDGE_LOOP('',(#7132,#7133,#7134,#7135));
#1339=EDGE_LOOP('',(#7136,#7137,#7138,#7139));
#1340=EDGE_LOOP('',(#7140,#7141,#7142,#7143));
#1341=EDGE_LOOP('',(#7144,#7145,#7146,#7147));
#1342=EDGE_LOOP('',(#7148,#7149,#7150,#7151));
#1343=EDGE_LOOP('',(#7152,#7153,#7154,#7155));
#1344=EDGE_LOOP('',(#7156,#7157,#7158,#7159));
#1345=EDGE_LOOP('',(#7160,#7161,#7162,#7163));
#1346=EDGE_LOOP('',(#7164,#7165,#7166,#7167));
#1347=EDGE_LOOP('',(#7168,#7169,#7170,#7171));
#1348=EDGE_LOOP('',(#7172,#7173,#7174,#7175));
#1349=EDGE_LOOP('',(#7176,#7177,#7178,#7179));
#1350=EDGE_LOOP('',(#7180,#7181,#7182,#7183));
#1351=EDGE_LOOP('',(#7184,#7185,#7186,#7187));
#1352=EDGE_LOOP('',(#7188,#7189,#7190,#7191));
#1353=EDGE_LOOP('',(#7192,#7193,#7194,#7195));
#1354=EDGE_LOOP('',(#7196,#7197,#7198,#7199));
#1355=EDGE_LOOP('',(#7200,#7201,#7202,#7203));
#1356=EDGE_LOOP('',(#7204,#7205,#7206,#7207));
#1357=EDGE_LOOP('',(#7208,#7209,#7210,#7211));
#1358=EDGE_LOOP('',(#7212,#7213,#7214,#7215));
#1359=EDGE_LOOP('',(#7216,#7217,#7218,#7219));
#1360=EDGE_LOOP('',(#7220,#7221,#7222,#7223));
#1361=EDGE_LOOP('',(#7224,#7225,#7226,#7227));
#1362=EDGE_LOOP('',(#7228,#7229,#7230,#7231));
#1363=EDGE_LOOP('',(#7232,#7233,#7234,#7235));
#1364=EDGE_LOOP('',(#7236,#7237,#7238,#7239));
#1365=EDGE_LOOP('',(#7240,#7241,#7242,#7243));
#1366=EDGE_LOOP('',(#7244,#7245,#7246,#7247));
#1367=EDGE_LOOP('',(#7248,#7249,#7250,#7251));
#1368=EDGE_LOOP('',(#7252,#7253,#7254,#7255));
#1369=EDGE_LOOP('',(#7256,#7257,#7258,#7259));
#1370=EDGE_LOOP('',(#7260,#7261,#7262,#7263));
#1371=EDGE_LOOP('',(#7264,#7265,#7266,#7267,#7268,#7269,#7270,#7271,#7272,
#7273,#7274,#7275,#7276,#7277,#7278,#7279,#7280,#7281,#7282,#7283,#7284,
#7285,#7286,#7287,#7288,#7289,#7290,#7291,#7292,#7293,#7294,#7295,#7296,
#7297,#7298,#7299,#7300,#7301,#7302,#7303,#7304,#7305,#7306,#7307,#7308));
#1372=EDGE_LOOP('',(#7309,#7310,#7311,#7312,#7313,#7314));
#1373=EDGE_LOOP('',(#7315,#7316,#7317,#7318,#7319,#7320,#7321,#7322));
#1374=EDGE_LOOP('',(#7323,#7324,#7325,#7326,#7327,#7328,#7329,#7330));
#1375=EDGE_LOOP('',(#7331,#7332,#7333,#7334,#7335,#7336,#7337,#7338));
#1376=EDGE_LOOP('',(#7339,#7340,#7341,#7342,#7343,#7344,#7345,#7346));
#1377=EDGE_LOOP('',(#7347,#7348,#7349,#7350,#7351));
#1378=EDGE_LOOP('',(#7352));
#1379=EDGE_LOOP('',(#7353));
#1380=EDGE_LOOP('',(#7354));
#1381=LINE('',#10917,#2355);
#1382=LINE('',#10919,#2356);
#1383=LINE('',#10921,#2357);
#1384=LINE('',#10922,#2358);
#1385=LINE('',#10925,#2359);
#1386=LINE('',#10927,#2360);
#1387=LINE('',#10928,#2361);
#1388=LINE('',#10931,#2362);
#1389=LINE('',#10933,#2363);
#1390=LINE('',#10934,#2364);
#1391=LINE('',#10937,#2365);
#1392=LINE('',#10939,#2366);
#1393=LINE('',#10940,#2367);
#1394=LINE('',#10943,#2368);
#1395=LINE('',#10945,#2369);
#1396=LINE('',#10946,#2370);
#1397=LINE('',#10948,#2371);
#1398=LINE('',#10949,#2372);
#1399=LINE('',#10955,#2373);
#1400=LINE('',#10962,#2374);
#1401=LINE('',#10969,#2375);
#1402=LINE('',#10971,#2376);
#1403=LINE('',#10973,#2377);
#1404=LINE('',#10974,#2378);
#1405=LINE('',#10977,#2379);
#1406=LINE('',#10979,#2380);
#1407=LINE('',#10980,#2381);
#1408=LINE('',#10983,#2382);
#1409=LINE('',#10985,#2383);
#1410=LINE('',#10986,#2384);
#1411=LINE('',#10989,#2385);
#1412=LINE('',#10991,#2386);
#1413=LINE('',#10992,#2387);
#1414=LINE('',#10995,#2388);
#1415=LINE('',#10997,#2389);
#1416=LINE('',#10998,#2390);
#1417=LINE('',#11000,#2391);
#1418=LINE('',#11001,#2392);
#1419=LINE('',#11007,#2393);
#1420=LINE('',#11014,#2394);
#1421=LINE('',#11021,#2395);
#1422=LINE('',#11023,#2396);
#1423=LINE('',#11025,#2397);
#1424=LINE('',#11026,#2398);
#1425=LINE('',#11029,#2399);
#1426=LINE('',#11031,#2400);
#1427=LINE('',#11032,#2401);
#1428=LINE('',#11035,#2402);
#1429=LINE('',#11037,#2403);
#1430=LINE('',#11038,#2404);
#1431=LINE('',#11041,#2405);
#1432=LINE('',#11043,#2406);
#1433=LINE('',#11044,#2407);
#1434=LINE('',#11047,#2408);
#1435=LINE('',#11049,#2409);
#1436=LINE('',#11050,#2410);
#1437=LINE('',#11052,#2411);
#1438=LINE('',#11053,#2412);
#1439=LINE('',#11059,#2413);
#1440=LINE('',#11066,#2414);
#1441=LINE('',#11074,#2415);
#1442=LINE('',#11080,#2416);
#1443=LINE('',#11088,#2417);
#1444=LINE('',#11094,#2418);
#1445=LINE('',#11102,#2419);
#1446=LINE('',#11108,#2420);
#1447=LINE('',#11116,#2421);
#1448=LINE('',#11121,#2422);
#1449=LINE('',#11123,#2423);
#1450=LINE('',#11125,#2424);
#1451=LINE('',#11126,#2425);
#1452=LINE('',#11129,#2426);
#1453=LINE('',#11131,#2427);
#1454=LINE('',#11132,#2428);
#1455=LINE('',#11135,#2429);
#1456=LINE('',#11137,#2430);
#1457=LINE('',#11138,#2431);
#1458=LINE('',#11141,#2432);
#1459=LINE('',#11143,#2433);
#1460=LINE('',#11144,#2434);
#1461=LINE('',#11147,#2435);
#1462=LINE('',#11149,#2436);
#1463=LINE('',#11150,#2437);
#1464=LINE('',#11152,#2438);
#1465=LINE('',#11153,#2439);
#1466=LINE('',#11160,#2440);
#1467=LINE('',#11165,#2441);
#1468=LINE('',#11167,#2442);
#1469=LINE('',#11169,#2443);
#1470=LINE('',#11170,#2444);
#1471=LINE('',#11173,#2445);
#1472=LINE('',#11175,#2446);
#1473=LINE('',#11176,#2447);
#1474=LINE('',#11179,#2448);
#1475=LINE('',#11181,#2449);
#1476=LINE('',#11182,#2450);
#1477=LINE('',#11185,#2451);
#1478=LINE('',#11187,#2452);
#1479=LINE('',#11188,#2453);
#1480=LINE('',#11191,#2454);
#1481=LINE('',#11193,#2455);
#1482=LINE('',#11194,#2456);
#1483=LINE('',#11196,#2457);
#1484=LINE('',#11197,#2458);
#1485=LINE('',#11204,#2459);
#1486=LINE('',#11209,#2460);
#1487=LINE('',#11211,#2461);
#1488=LINE('',#11213,#2462);
#1489=LINE('',#11214,#2463);
#1490=LINE('',#11217,#2464);
#1491=LINE('',#11219,#2465);
#1492=LINE('',#11220,#2466);
#1493=LINE('',#11223,#2467);
#1494=LINE('',#11225,#2468);
#1495=LINE('',#11226,#2469);
#1496=LINE('',#11229,#2470);
#1497=LINE('',#11231,#2471);
#1498=LINE('',#11232,#2472);
#1499=LINE('',#11235,#2473);
#1500=LINE('',#11237,#2474);
#1501=LINE('',#11238,#2475);
#1502=LINE('',#11240,#2476);
#1503=LINE('',#11241,#2477);
#1504=LINE('',#11247,#2478);
#1505=LINE('',#11249,#2479);
#1506=LINE('',#11251,#2480);
#1507=LINE('',#11252,#2481);
#1508=LINE('',#11255,#2482);
#1509=LINE('',#11257,#2483);
#1510=LINE('',#11258,#2484);
#1511=LINE('',#11261,#2485);
#1512=LINE('',#11263,#2486);
#1513=LINE('',#11264,#2487);
#1514=LINE('',#11267,#2488);
#1515=LINE('',#11269,#2489);
#1516=LINE('',#11270,#2490);
#1517=LINE('',#11273,#2491);
#1518=LINE('',#11275,#2492);
#1519=LINE('',#11276,#2493);
#1520=LINE('',#11278,#2494);
#1521=LINE('',#11279,#2495);
#1522=LINE('',#11286,#2496);
#1523=LINE('',#11288,#2497);
#1524=LINE('',#11290,#2498);
#1525=LINE('',#11291,#2499);
#1526=LINE('',#11294,#2500);
#1527=LINE('',#11296,#2501);
#1528=LINE('',#11297,#2502);
#1529=LINE('',#11300,#2503);
#1530=LINE('',#11302,#2504);
#1531=LINE('',#11303,#2505);
#1532=LINE('',#11306,#2506);
#1533=LINE('',#11308,#2507);
#1534=LINE('',#11309,#2508);
#1535=LINE('',#11312,#2509);
#1536=LINE('',#11314,#2510);
#1537=LINE('',#11315,#2511);
#1538=LINE('',#11317,#2512);
#1539=LINE('',#11318,#2513);
#1540=LINE('',#11325,#2514);
#1541=LINE('',#11327,#2515);
#1542=LINE('',#11329,#2516);
#1543=LINE('',#11330,#2517);
#1544=LINE('',#11333,#2518);
#1545=LINE('',#11335,#2519);
#1546=LINE('',#11336,#2520);
#1547=LINE('',#11339,#2521);
#1548=LINE('',#11341,#2522);
#1549=LINE('',#11342,#2523);
#1550=LINE('',#11345,#2524);
#1551=LINE('',#11347,#2525);
#1552=LINE('',#11348,#2526);
#1553=LINE('',#11351,#2527);
#1554=LINE('',#11353,#2528);
#1555=LINE('',#11354,#2529);
#1556=LINE('',#11356,#2530);
#1557=LINE('',#11357,#2531);
#1558=LINE('',#11365,#2532);
#1559=LINE('',#11374,#2533);
#1560=LINE('',#11383,#2534);
#1561=LINE('',#11390,#2535);
#1562=LINE('',#11395,#2536);
#1563=LINE('',#11398,#2537);
#1564=LINE('',#11403,#2538);
#1565=LINE('',#11406,#2539);
#1566=LINE('',#11411,#2540);
#1567=LINE('',#11416,#2541);
#1568=LINE('',#11425,#2542);
#1569=LINE('',#11432,#2543);
#1570=LINE('',#11438,#2544);
#1571=LINE('',#11442,#2545);
#1572=LINE('',#11444,#2546);
#1573=LINE('',#11446,#2547);
#1574=LINE('',#11448,#2548);
#1575=LINE('',#11449,#2549);
#1576=LINE('',#11452,#2550);
#1577=LINE('',#11454,#2551);
#1578=LINE('',#11455,#2552);
#1579=LINE('',#11458,#2553);
#1580=LINE('',#11460,#2554);
#1581=LINE('',#11462,#2555);
#1582=LINE('',#11463,#2556);
#1583=LINE('',#11466,#2557);
#1584=LINE('',#11468,#2558);
#1585=LINE('',#11470,#2559);
#1586=LINE('',#11472,#2560);
#1587=LINE('',#11473,#2561);
#1588=LINE('',#11476,#2562);
#1589=LINE('',#11477,#2563);
#1590=LINE('',#11480,#2564);
#1591=LINE('',#11481,#2565);
#1592=LINE('',#11484,#2566);
#1593=LINE('',#11486,#2567);
#1594=LINE('',#11488,#2568);
#1595=LINE('',#11489,#2569);
#1596=LINE('',#11492,#2570);
#1597=LINE('',#11493,#2571);
#1598=LINE('',#11495,#2572);
#1599=LINE('',#11496,#2573);
#1600=LINE('',#11498,#2574);
#1601=LINE('',#11505,#2575);
#1602=LINE('',#11511,#2576);
#1603=LINE('',#11517,#2577);
#1604=LINE('',#11522,#2578);
#1605=LINE('',#11524,#2579);
#1606=LINE('',#11526,#2580);
#1607=LINE('',#11527,#2581);
#1608=LINE('',#11530,#2582);
#1609=LINE('',#11532,#2583);
#1610=LINE('',#11533,#2584);
#1611=LINE('',#11536,#2585);
#1612=LINE('',#11538,#2586);
#1613=LINE('',#11539,#2587);
#1614=LINE('',#11542,#2588);
#1615=LINE('',#11544,#2589);
#1616=LINE('',#11545,#2590);
#1617=LINE('',#11548,#2591);
#1618=LINE('',#11550,#2592);
#1619=LINE('',#11551,#2593);
#1620=LINE('',#11553,#2594);
#1621=LINE('',#11554,#2595);
#1622=LINE('',#11558,#2596);
#1623=LINE('',#11560,#2597);
#1624=LINE('',#11562,#2598);
#1625=LINE('',#11563,#2599);
#1626=LINE('',#11566,#2600);
#1627=LINE('',#11568,#2601);
#1628=LINE('',#11569,#2602);
#1629=LINE('',#11572,#2603);
#1630=LINE('',#11574,#2604);
#1631=LINE('',#11575,#2605);
#1632=LINE('',#11578,#2606);
#1633=LINE('',#11580,#2607);
#1634=LINE('',#11581,#2608);
#1635=LINE('',#11584,#2609);
#1636=LINE('',#11586,#2610);
#1637=LINE('',#11587,#2611);
#1638=LINE('',#11590,#2612);
#1639=LINE('',#11592,#2613);
#1640=LINE('',#11593,#2614);
#1641=LINE('',#11596,#2615);
#1642=LINE('',#11598,#2616);
#1643=LINE('',#11599,#2617);
#1644=LINE('',#11601,#2618);
#1645=LINE('',#11602,#2619);
#1646=LINE('',#11606,#2620);
#1647=LINE('',#11608,#2621);
#1648=LINE('',#11610,#2622);
#1649=LINE('',#11611,#2623);
#1650=LINE('',#11614,#2624);
#1651=LINE('',#11616,#2625);
#1652=LINE('',#11617,#2626);
#1653=LINE('',#11620,#2627);
#1654=LINE('',#11622,#2628);
#1655=LINE('',#11623,#2629);
#1656=LINE('',#11626,#2630);
#1657=LINE('',#11628,#2631);
#1658=LINE('',#11629,#2632);
#1659=LINE('',#11632,#2633);
#1660=LINE('',#11634,#2634);
#1661=LINE('',#11635,#2635);
#1662=LINE('',#11638,#2636);
#1663=LINE('',#11640,#2637);
#1664=LINE('',#11641,#2638);
#1665=LINE('',#11644,#2639);
#1666=LINE('',#11646,#2640);
#1667=LINE('',#11647,#2641);
#1668=LINE('',#11649,#2642);
#1669=LINE('',#11650,#2643);
#1670=LINE('',#11654,#2644);
#1671=LINE('',#11656,#2645);
#1672=LINE('',#11658,#2646);
#1673=LINE('',#11659,#2647);
#1674=LINE('',#11662,#2648);
#1675=LINE('',#11664,#2649);
#1676=LINE('',#11665,#2650);
#1677=LINE('',#11668,#2651);
#1678=LINE('',#11670,#2652);
#1679=LINE('',#11671,#2653);
#1680=LINE('',#11674,#2654);
#1681=LINE('',#11676,#2655);
#1682=LINE('',#11677,#2656);
#1683=LINE('',#11680,#2657);
#1684=LINE('',#11682,#2658);
#1685=LINE('',#11683,#2659);
#1686=LINE('',#11686,#2660);
#1687=LINE('',#11688,#2661);
#1688=LINE('',#11689,#2662);
#1689=LINE('',#11692,#2663);
#1690=LINE('',#11694,#2664);
#1691=LINE('',#11695,#2665);
#1692=LINE('',#11697,#2666);
#1693=LINE('',#11698,#2667);
#1694=LINE('',#11702,#2668);
#1695=LINE('',#11704,#2669);
#1696=LINE('',#11706,#2670);
#1697=LINE('',#11707,#2671);
#1698=LINE('',#11710,#2672);
#1699=LINE('',#11712,#2673);
#1700=LINE('',#11713,#2674);
#1701=LINE('',#11716,#2675);
#1702=LINE('',#11718,#2676);
#1703=LINE('',#11719,#2677);
#1704=LINE('',#11722,#2678);
#1705=LINE('',#11724,#2679);
#1706=LINE('',#11725,#2680);
#1707=LINE('',#11728,#2681);
#1708=LINE('',#11730,#2682);
#1709=LINE('',#11731,#2683);
#1710=LINE('',#11734,#2684);
#1711=LINE('',#11736,#2685);
#1712=LINE('',#11737,#2686);
#1713=LINE('',#11740,#2687);
#1714=LINE('',#11742,#2688);
#1715=LINE('',#11743,#2689);
#1716=LINE('',#11745,#2690);
#1717=LINE('',#11746,#2691);
#1718=LINE('',#11750,#2692);
#1719=LINE('',#11752,#2693);
#1720=LINE('',#11754,#2694);
#1721=LINE('',#11755,#2695);
#1722=LINE('',#11758,#2696);
#1723=LINE('',#11760,#2697);
#1724=LINE('',#11761,#2698);
#1725=LINE('',#11764,#2699);
#1726=LINE('',#11766,#2700);
#1727=LINE('',#11767,#2701);
#1728=LINE('',#11770,#2702);
#1729=LINE('',#11772,#2703);
#1730=LINE('',#11773,#2704);
#1731=LINE('',#11775,#2705);
#1732=LINE('',#11776,#2706);
#1733=LINE('',#11780,#2707);
#1734=LINE('',#11782,#2708);
#1735=LINE('',#11784,#2709);
#1736=LINE('',#11786,#2710);
#1737=LINE('',#11788,#2711);
#1738=LINE('',#11790,#2712);
#1739=LINE('',#11792,#2713);
#1740=LINE('',#11794,#2714);
#1741=LINE('',#11796,#2715);
#1742=LINE('',#11798,#2716);
#1743=LINE('',#11800,#2717);
#1744=LINE('',#11802,#2718);
#1745=LINE('',#11804,#2719);
#1746=LINE('',#11806,#2720);
#1747=LINE('',#11808,#2721);
#1748=LINE('',#11810,#2722);
#1749=LINE('',#11812,#2723);
#1750=LINE('',#11814,#2724);
#1751=LINE('',#11816,#2725);
#1752=LINE('',#11818,#2726);
#1753=LINE('',#11820,#2727);
#1754=LINE('',#11822,#2728);
#1755=LINE('',#11824,#2729);
#1756=LINE('',#11826,#2730);
#1757=LINE('',#11828,#2731);
#1758=LINE('',#11830,#2732);
#1759=LINE('',#11832,#2733);
#1760=LINE('',#11834,#2734);
#1761=LINE('',#11836,#2735);
#1762=LINE('',#11838,#2736);
#1763=LINE('',#11840,#2737);
#1764=LINE('',#11842,#2738);
#1765=LINE('',#11844,#2739);
#1766=LINE('',#11846,#2740);
#1767=LINE('',#11848,#2741);
#1768=LINE('',#11850,#2742);
#1769=LINE('',#11852,#2743);
#1770=LINE('',#11854,#2744);
#1771=LINE('',#11856,#2745);
#1772=LINE('',#11858,#2746);
#1773=LINE('',#11860,#2747);
#1774=LINE('',#11862,#2748);
#1775=LINE('',#11864,#2749);
#1776=LINE('',#11866,#2750);
#1777=LINE('',#11867,#2751);
#1778=LINE('',#11870,#2752);
#1779=LINE('',#11872,#2753);
#1780=LINE('',#11873,#2754);
#1781=LINE('',#11876,#2755);
#1782=LINE('',#11877,#2756);
#1783=LINE('',#11880,#2757);
#1784=LINE('',#11881,#2758);
#1785=LINE('',#11884,#2759);
#1786=LINE('',#11885,#2760);
#1787=LINE('',#11888,#2761);
#1788=LINE('',#11889,#2762);
#1789=LINE('',#11892,#2763);
#1790=LINE('',#11893,#2764);
#1791=LINE('',#11896,#2765);
#1792=LINE('',#11897,#2766);
#1793=LINE('',#11900,#2767);
#1794=LINE('',#11901,#2768);
#1795=LINE('',#11904,#2769);
#1796=LINE('',#11905,#2770);
#1797=LINE('',#11908,#2771);
#1798=LINE('',#11909,#2772);
#1799=LINE('',#11912,#2773);
#1800=LINE('',#11913,#2774);
#1801=LINE('',#11916,#2775);
#1802=LINE('',#11917,#2776);
#1803=LINE('',#11920,#2777);
#1804=LINE('',#11921,#2778);
#1805=LINE('',#11924,#2779);
#1806=LINE('',#11925,#2780);
#1807=LINE('',#11928,#2781);
#1808=LINE('',#11929,#2782);
#1809=LINE('',#11932,#2783);
#1810=LINE('',#11933,#2784);
#1811=LINE('',#11936,#2785);
#1812=LINE('',#11937,#2786);
#1813=LINE('',#11940,#2787);
#1814=LINE('',#11941,#2788);
#1815=LINE('',#11944,#2789);
#1816=LINE('',#11945,#2790);
#1817=LINE('',#11948,#2791);
#1818=LINE('',#11949,#2792);
#1819=LINE('',#11952,#2793);
#1820=LINE('',#11953,#2794);
#1821=LINE('',#11956,#2795);
#1822=LINE('',#11957,#2796);
#1823=LINE('',#11960,#2797);
#1824=LINE('',#11961,#2798);
#1825=LINE('',#11964,#2799);
#1826=LINE('',#11965,#2800);
#1827=LINE('',#11968,#2801);
#1828=LINE('',#11969,#2802);
#1829=LINE('',#11972,#2803);
#1830=LINE('',#11973,#2804);
#1831=LINE('',#11976,#2805);
#1832=LINE('',#11977,#2806);
#1833=LINE('',#11980,#2807);
#1834=LINE('',#11981,#2808);
#1835=LINE('',#11984,#2809);
#1836=LINE('',#11985,#2810);
#1837=LINE('',#11988,#2811);
#1838=LINE('',#11989,#2812);
#1839=LINE('',#11992,#2813);
#1840=LINE('',#11993,#2814);
#1841=LINE('',#11996,#2815);
#1842=LINE('',#11997,#2816);
#1843=LINE('',#12000,#2817);
#1844=LINE('',#12001,#2818);
#1845=LINE('',#12004,#2819);
#1846=LINE('',#12005,#2820);
#1847=LINE('',#12008,#2821);
#1848=LINE('',#12009,#2822);
#1849=LINE('',#12012,#2823);
#1850=LINE('',#12013,#2824);
#1851=LINE('',#12016,#2825);
#1852=LINE('',#12017,#2826);
#1853=LINE('',#12020,#2827);
#1854=LINE('',#12021,#2828);
#1855=LINE('',#12024,#2829);
#1856=LINE('',#12025,#2830);
#1857=LINE('',#12028,#2831);
#1858=LINE('',#12029,#2832);
#1859=LINE('',#12032,#2833);
#1860=LINE('',#12033,#2834);
#1861=LINE('',#12036,#2835);
#1862=LINE('',#12037,#2836);
#1863=LINE('',#12040,#2837);
#1864=LINE('',#12041,#2838);
#1865=LINE('',#12044,#2839);
#1866=LINE('',#12045,#2840);
#1867=LINE('',#12047,#2841);
#1868=LINE('',#12055,#2842);
#1869=LINE('',#12057,#2843);
#1870=LINE('',#12059,#2844);
#1871=LINE('',#12060,#2845);
#1872=LINE('',#12063,#2846);
#1873=LINE('',#12065,#2847);
#1874=LINE('',#12066,#2848);
#1875=LINE('',#12069,#2849);
#1876=LINE('',#12071,#2850);
#1877=LINE('',#12072,#2851);
#1878=LINE('',#12075,#2852);
#1879=LINE('',#12077,#2853);
#1880=LINE('',#12078,#2854);
#1881=LINE('',#12081,#2855);
#1882=LINE('',#12083,#2856);
#1883=LINE('',#12084,#2857);
#1884=LINE('',#12086,#2858);
#1885=LINE('',#12087,#2859);
#1886=LINE('',#12093,#2860);
#1887=LINE('',#12100,#2861);
#1888=LINE('',#12107,#2862);
#1889=LINE('',#12109,#2863);
#1890=LINE('',#12111,#2864);
#1891=LINE('',#12112,#2865);
#1892=LINE('',#12115,#2866);
#1893=LINE('',#12117,#2867);
#1894=LINE('',#12118,#2868);
#1895=LINE('',#12121,#2869);
#1896=LINE('',#12123,#2870);
#1897=LINE('',#12124,#2871);
#1898=LINE('',#12127,#2872);
#1899=LINE('',#12129,#2873);
#1900=LINE('',#12130,#2874);
#1901=LINE('',#12133,#2875);
#1902=LINE('',#12135,#2876);
#1903=LINE('',#12136,#2877);
#1904=LINE('',#12138,#2878);
#1905=LINE('',#12139,#2879);
#1906=LINE('',#12145,#2880);
#1907=LINE('',#12152,#2881);
#1908=LINE('',#12159,#2882);
#1909=LINE('',#12161,#2883);
#1910=LINE('',#12163,#2884);
#1911=LINE('',#12164,#2885);
#1912=LINE('',#12167,#2886);
#1913=LINE('',#12169,#2887);
#1914=LINE('',#12170,#2888);
#1915=LINE('',#12173,#2889);
#1916=LINE('',#12175,#2890);
#1917=LINE('',#12176,#2891);
#1918=LINE('',#12179,#2892);
#1919=LINE('',#12181,#2893);
#1920=LINE('',#12182,#2894);
#1921=LINE('',#12185,#2895);
#1922=LINE('',#12187,#2896);
#1923=LINE('',#12188,#2897);
#1924=LINE('',#12190,#2898);
#1925=LINE('',#12191,#2899);
#1926=LINE('',#12197,#2900);
#1927=LINE('',#12204,#2901);
#1928=LINE('',#12212,#2902);
#1929=LINE('',#12218,#2903);
#1930=LINE('',#12226,#2904);
#1931=LINE('',#12232,#2905);
#1932=LINE('',#12240,#2906);
#1933=LINE('',#12246,#2907);
#1934=LINE('',#12254,#2908);
#1935=LINE('',#12259,#2909);
#1936=LINE('',#12261,#2910);
#1937=LINE('',#12263,#2911);
#1938=LINE('',#12264,#2912);
#1939=LINE('',#12267,#2913);
#1940=LINE('',#12269,#2914);
#1941=LINE('',#12270,#2915);
#1942=LINE('',#12273,#2916);
#1943=LINE('',#12275,#2917);
#1944=LINE('',#12276,#2918);
#1945=LINE('',#12279,#2919);
#1946=LINE('',#12281,#2920);
#1947=LINE('',#12282,#2921);
#1948=LINE('',#12285,#2922);
#1949=LINE('',#12287,#2923);
#1950=LINE('',#12288,#2924);
#1951=LINE('',#12290,#2925);
#1952=LINE('',#12291,#2926);
#1953=LINE('',#12298,#2927);
#1954=LINE('',#12303,#2928);
#1955=LINE('',#12305,#2929);
#1956=LINE('',#12307,#2930);
#1957=LINE('',#12308,#2931);
#1958=LINE('',#12311,#2932);
#1959=LINE('',#12313,#2933);
#1960=LINE('',#12314,#2934);
#1961=LINE('',#12317,#2935);
#1962=LINE('',#12319,#2936);
#1963=LINE('',#12320,#2937);
#1964=LINE('',#12323,#2938);
#1965=LINE('',#12325,#2939);
#1966=LINE('',#12326,#2940);
#1967=LINE('',#12329,#2941);
#1968=LINE('',#12331,#2942);
#1969=LINE('',#12332,#2943);
#1970=LINE('',#12334,#2944);
#1971=LINE('',#12335,#2945);
#1972=LINE('',#12342,#2946);
#1973=LINE('',#12347,#2947);
#1974=LINE('',#12349,#2948);
#1975=LINE('',#12351,#2949);
#1976=LINE('',#12352,#2950);
#1977=LINE('',#12355,#2951);
#1978=LINE('',#12357,#2952);
#1979=LINE('',#12358,#2953);
#1980=LINE('',#12361,#2954);
#1981=LINE('',#12363,#2955);
#1982=LINE('',#12364,#2956);
#1983=LINE('',#12367,#2957);
#1984=LINE('',#12369,#2958);
#1985=LINE('',#12370,#2959);
#1986=LINE('',#12373,#2960);
#1987=LINE('',#12375,#2961);
#1988=LINE('',#12376,#2962);
#1989=LINE('',#12378,#2963);
#1990=LINE('',#12379,#2964);
#1991=LINE('',#12385,#2965);
#1992=LINE('',#12387,#2966);
#1993=LINE('',#12389,#2967);
#1994=LINE('',#12390,#2968);
#1995=LINE('',#12393,#2969);
#1996=LINE('',#12395,#2970);
#1997=LINE('',#12396,#2971);
#1998=LINE('',#12399,#2972);
#1999=LINE('',#12401,#2973);
#2000=LINE('',#12402,#2974);
#2001=LINE('',#12405,#2975);
#2002=LINE('',#12407,#2976);
#2003=LINE('',#12408,#2977);
#2004=LINE('',#12411,#2978);
#2005=LINE('',#12413,#2979);
#2006=LINE('',#12414,#2980);
#2007=LINE('',#12416,#2981);
#2008=LINE('',#12417,#2982);
#2009=LINE('',#12424,#2983);
#2010=LINE('',#12426,#2984);
#2011=LINE('',#12428,#2985);
#2012=LINE('',#12429,#2986);
#2013=LINE('',#12432,#2987);
#2014=LINE('',#12434,#2988);
#2015=LINE('',#12435,#2989);
#2016=LINE('',#12438,#2990);
#2017=LINE('',#12440,#2991);
#2018=LINE('',#12441,#2992);
#2019=LINE('',#12444,#2993);
#2020=LINE('',#12446,#2994);
#2021=LINE('',#12447,#2995);
#2022=LINE('',#12450,#2996);
#2023=LINE('',#12452,#2997);
#2024=LINE('',#12453,#2998);
#2025=LINE('',#12455,#2999);
#2026=LINE('',#12456,#3000);
#2027=LINE('',#12463,#3001);
#2028=LINE('',#12465,#3002);
#2029=LINE('',#12467,#3003);
#2030=LINE('',#12468,#3004);
#2031=LINE('',#12471,#3005);
#2032=LINE('',#12473,#3006);
#2033=LINE('',#12474,#3007);
#2034=LINE('',#12477,#3008);
#2035=LINE('',#12479,#3009);
#2036=LINE('',#12480,#3010);
#2037=LINE('',#12483,#3011);
#2038=LINE('',#12485,#3012);
#2039=LINE('',#12486,#3013);
#2040=LINE('',#12489,#3014);
#2041=LINE('',#12491,#3015);
#2042=LINE('',#12492,#3016);
#2043=LINE('',#12494,#3017);
#2044=LINE('',#12495,#3018);
#2045=LINE('',#12503,#3019);
#2046=LINE('',#12512,#3020);
#2047=LINE('',#12521,#3021);
#2048=LINE('',#12528,#3022);
#2049=LINE('',#12533,#3023);
#2050=LINE('',#12536,#3024);
#2051=LINE('',#12541,#3025);
#2052=LINE('',#12544,#3026);
#2053=LINE('',#12549,#3027);
#2054=LINE('',#12554,#3028);
#2055=LINE('',#12563,#3029);
#2056=LINE('',#12570,#3030);
#2057=LINE('',#12576,#3031);
#2058=LINE('',#12580,#3032);
#2059=LINE('',#12582,#3033);
#2060=LINE('',#12584,#3034);
#2061=LINE('',#12586,#3035);
#2062=LINE('',#12587,#3036);
#2063=LINE('',#12590,#3037);
#2064=LINE('',#12592,#3038);
#2065=LINE('',#12593,#3039);
#2066=LINE('',#12596,#3040);
#2067=LINE('',#12598,#3041);
#2068=LINE('',#12600,#3042);
#2069=LINE('',#12601,#3043);
#2070=LINE('',#12604,#3044);
#2071=LINE('',#12606,#3045);
#2072=LINE('',#12608,#3046);
#2073=LINE('',#12610,#3047);
#2074=LINE('',#12611,#3048);
#2075=LINE('',#12614,#3049);
#2076=LINE('',#12615,#3050);
#2077=LINE('',#12618,#3051);
#2078=LINE('',#12619,#3052);
#2079=LINE('',#12622,#3053);
#2080=LINE('',#12624,#3054);
#2081=LINE('',#12626,#3055);
#2082=LINE('',#12627,#3056);
#2083=LINE('',#12630,#3057);
#2084=LINE('',#12631,#3058);
#2085=LINE('',#12633,#3059);
#2086=LINE('',#12634,#3060);
#2087=LINE('',#12636,#3061);
#2088=LINE('',#12643,#3062);
#2089=LINE('',#12649,#3063);
#2090=LINE('',#12655,#3064);
#2091=LINE('',#12660,#3065);
#2092=LINE('',#12662,#3066);
#2093=LINE('',#12664,#3067);
#2094=LINE('',#12665,#3068);
#2095=LINE('',#12668,#3069);
#2096=LINE('',#12670,#3070);
#2097=LINE('',#12671,#3071);
#2098=LINE('',#12674,#3072);
#2099=LINE('',#12676,#3073);
#2100=LINE('',#12677,#3074);
#2101=LINE('',#12680,#3075);
#2102=LINE('',#12682,#3076);
#2103=LINE('',#12683,#3077);
#2104=LINE('',#12686,#3078);
#2105=LINE('',#12688,#3079);
#2106=LINE('',#12689,#3080);
#2107=LINE('',#12691,#3081);
#2108=LINE('',#12692,#3082);
#2109=LINE('',#12696,#3083);
#2110=LINE('',#12698,#3084);
#2111=LINE('',#12700,#3085);
#2112=LINE('',#12701,#3086);
#2113=LINE('',#12704,#3087);
#2114=LINE('',#12706,#3088);
#2115=LINE('',#12707,#3089);
#2116=LINE('',#12710,#3090);
#2117=LINE('',#12712,#3091);
#2118=LINE('',#12713,#3092);
#2119=LINE('',#12716,#3093);
#2120=LINE('',#12718,#3094);
#2121=LINE('',#12719,#3095);
#2122=LINE('',#12722,#3096);
#2123=LINE('',#12724,#3097);
#2124=LINE('',#12725,#3098);
#2125=LINE('',#12728,#3099);
#2126=LINE('',#12730,#3100);
#2127=LINE('',#12731,#3101);
#2128=LINE('',#12734,#3102);
#2129=LINE('',#12736,#3103);
#2130=LINE('',#12737,#3104);
#2131=LINE('',#12739,#3105);
#2132=LINE('',#12740,#3106);
#2133=LINE('',#12744,#3107);
#2134=LINE('',#12746,#3108);
#2135=LINE('',#12748,#3109);
#2136=LINE('',#12749,#3110);
#2137=LINE('',#12752,#3111);
#2138=LINE('',#12754,#3112);
#2139=LINE('',#12755,#3113);
#2140=LINE('',#12758,#3114);
#2141=LINE('',#12760,#3115);
#2142=LINE('',#12761,#3116);
#2143=LINE('',#12764,#3117);
#2144=LINE('',#12766,#3118);
#2145=LINE('',#12767,#3119);
#2146=LINE('',#12770,#3120);
#2147=LINE('',#12772,#3121);
#2148=LINE('',#12773,#3122);
#2149=LINE('',#12776,#3123);
#2150=LINE('',#12778,#3124);
#2151=LINE('',#12779,#3125);
#2152=LINE('',#12782,#3126);
#2153=LINE('',#12784,#3127);
#2154=LINE('',#12785,#3128);
#2155=LINE('',#12787,#3129);
#2156=LINE('',#12788,#3130);
#2157=LINE('',#12792,#3131);
#2158=LINE('',#12794,#3132);
#2159=LINE('',#12796,#3133);
#2160=LINE('',#12797,#3134);
#2161=LINE('',#12800,#3135);
#2162=LINE('',#12802,#3136);
#2163=LINE('',#12803,#3137);
#2164=LINE('',#12806,#3138);
#2165=LINE('',#12808,#3139);
#2166=LINE('',#12809,#3140);
#2167=LINE('',#12812,#3141);
#2168=LINE('',#12814,#3142);
#2169=LINE('',#12815,#3143);
#2170=LINE('',#12818,#3144);
#2171=LINE('',#12820,#3145);
#2172=LINE('',#12821,#3146);
#2173=LINE('',#12824,#3147);
#2174=LINE('',#12826,#3148);
#2175=LINE('',#12827,#3149);
#2176=LINE('',#12830,#3150);
#2177=LINE('',#12832,#3151);
#2178=LINE('',#12833,#3152);
#2179=LINE('',#12835,#3153);
#2180=LINE('',#12836,#3154);
#2181=LINE('',#12840,#3155);
#2182=LINE('',#12842,#3156);
#2183=LINE('',#12844,#3157);
#2184=LINE('',#12845,#3158);
#2185=LINE('',#12848,#3159);
#2186=LINE('',#12850,#3160);
#2187=LINE('',#12851,#3161);
#2188=LINE('',#12854,#3162);
#2189=LINE('',#12856,#3163);
#2190=LINE('',#12857,#3164);
#2191=LINE('',#12860,#3165);
#2192=LINE('',#12862,#3166);
#2193=LINE('',#12863,#3167);
#2194=LINE('',#12866,#3168);
#2195=LINE('',#12868,#3169);
#2196=LINE('',#12869,#3170);
#2197=LINE('',#12872,#3171);
#2198=LINE('',#12874,#3172);
#2199=LINE('',#12875,#3173);
#2200=LINE('',#12878,#3174);
#2201=LINE('',#12880,#3175);
#2202=LINE('',#12881,#3176);
#2203=LINE('',#12883,#3177);
#2204=LINE('',#12884,#3178);
#2205=LINE('',#12888,#3179);
#2206=LINE('',#12890,#3180);
#2207=LINE('',#12892,#3181);
#2208=LINE('',#12893,#3182);
#2209=LINE('',#12896,#3183);
#2210=LINE('',#12898,#3184);
#2211=LINE('',#12899,#3185);
#2212=LINE('',#12902,#3186);
#2213=LINE('',#12904,#3187);
#2214=LINE('',#12905,#3188);
#2215=LINE('',#12908,#3189);
#2216=LINE('',#12910,#3190);
#2217=LINE('',#12911,#3191);
#2218=LINE('',#12913,#3192);
#2219=LINE('',#12914,#3193);
#2220=LINE('',#12918,#3194);
#2221=LINE('',#12920,#3195);
#2222=LINE('',#12922,#3196);
#2223=LINE('',#12924,#3197);
#2224=LINE('',#12926,#3198);
#2225=LINE('',#12928,#3199);
#2226=LINE('',#12930,#3200);
#2227=LINE('',#12932,#3201);
#2228=LINE('',#12934,#3202);
#2229=LINE('',#12936,#3203);
#2230=LINE('',#12938,#3204);
#2231=LINE('',#12940,#3205);
#2232=LINE('',#12942,#3206);
#2233=LINE('',#12944,#3207);
#2234=LINE('',#12946,#3208);
#2235=LINE('',#12948,#3209);
#2236=LINE('',#12950,#3210);
#2237=LINE('',#12952,#3211);
#2238=LINE('',#12954,#3212);
#2239=LINE('',#12956,#3213);
#2240=LINE('',#12958,#3214);
#2241=LINE('',#12960,#3215);
#2242=LINE('',#12962,#3216);
#2243=LINE('',#12964,#3217);
#2244=LINE('',#12966,#3218);
#2245=LINE('',#12968,#3219);
#2246=LINE('',#12970,#3220);
#2247=LINE('',#12972,#3221);
#2248=LINE('',#12974,#3222);
#2249=LINE('',#12976,#3223);
#2250=LINE('',#12978,#3224);
#2251=LINE('',#12980,#3225);
#2252=LINE('',#12982,#3226);
#2253=LINE('',#12984,#3227);
#2254=LINE('',#12986,#3228);
#2255=LINE('',#12988,#3229);
#2256=LINE('',#12990,#3230);
#2257=LINE('',#12992,#3231);
#2258=LINE('',#12994,#3232);
#2259=LINE('',#12996,#3233);
#2260=LINE('',#12998,#3234);
#2261=LINE('',#13000,#3235);
#2262=LINE('',#13002,#3236);
#2263=LINE('',#13004,#3237);
#2264=LINE('',#13005,#3238);
#2265=LINE('',#13008,#3239);
#2266=LINE('',#13010,#3240);
#2267=LINE('',#13011,#3241);
#2268=LINE('',#13014,#3242);
#2269=LINE('',#13015,#3243);
#2270=LINE('',#13018,#3244);
#2271=LINE('',#13019,#3245);
#2272=LINE('',#13022,#3246);
#2273=LINE('',#13023,#3247);
#2274=LINE('',#13026,#3248);
#2275=LINE('',#13027,#3249);
#2276=LINE('',#13030,#3250);
#2277=LINE('',#13031,#3251);
#2278=LINE('',#13034,#3252);
#2279=LINE('',#13035,#3253);
#2280=LINE('',#13038,#3254);
#2281=LINE('',#13039,#3255);
#2282=LINE('',#13042,#3256);
#2283=LINE('',#13043,#3257);
#2284=LINE('',#13046,#3258);
#2285=LINE('',#13047,#3259);
#2286=LINE('',#13050,#3260);
#2287=LINE('',#13051,#3261);
#2288=LINE('',#13054,#3262);
#2289=LINE('',#13055,#3263);
#2290=LINE('',#13058,#3264);
#2291=LINE('',#13059,#3265);
#2292=LINE('',#13062,#3266);
#2293=LINE('',#13063,#3267);
#2294=LINE('',#13066,#3268);
#2295=LINE('',#13067,#3269);
#2296=LINE('',#13070,#3270);
#2297=LINE('',#13071,#3271);
#2298=LINE('',#13074,#3272);
#2299=LINE('',#13075,#3273);
#2300=LINE('',#13078,#3274);
#2301=LINE('',#13079,#3275);
#2302=LINE('',#13082,#3276);
#2303=LINE('',#13083,#3277);
#2304=LINE('',#13086,#3278);
#2305=LINE('',#13087,#3279);
#2306=LINE('',#13090,#3280);
#2307=LINE('',#13091,#3281);
#2308=LINE('',#13094,#3282);
#2309=LINE('',#13095,#3283);
#2310=LINE('',#13098,#3284);
#2311=LINE('',#13099,#3285);
#2312=LINE('',#13102,#3286);
#2313=LINE('',#13103,#3287);
#2314=LINE('',#13106,#3288);
#2315=LINE('',#13107,#3289);
#2316=LINE('',#13110,#3290);
#2317=LINE('',#13111,#3291);
#2318=LINE('',#13114,#3292);
#2319=LINE('',#13115,#3293);
#2320=LINE('',#13118,#3294);
#2321=LINE('',#13119,#3295);
#2322=LINE('',#13122,#3296);
#2323=LINE('',#13123,#3297);
#2324=LINE('',#13126,#3298);
#2325=LINE('',#13127,#3299);
#2326=LINE('',#13130,#3300);
#2327=LINE('',#13131,#3301);
#2328=LINE('',#13134,#3302);
#2329=LINE('',#13135,#3303);
#2330=LINE('',#13138,#3304);
#2331=LINE('',#13139,#3305);
#2332=LINE('',#13142,#3306);
#2333=LINE('',#13143,#3307);
#2334=LINE('',#13146,#3308);
#2335=LINE('',#13147,#3309);
#2336=LINE('',#13150,#3310);
#2337=LINE('',#13151,#3311);
#2338=LINE('',#13154,#3312);
#2339=LINE('',#13155,#3313);
#2340=LINE('',#13158,#3314);
#2341=LINE('',#13159,#3315);
#2342=LINE('',#13162,#3316);
#2343=LINE('',#13163,#3317);
#2344=LINE('',#13166,#3318);
#2345=LINE('',#13167,#3319);
#2346=LINE('',#13170,#3320);
#2347=LINE('',#13171,#3321);
#2348=LINE('',#13174,#3322);
#2349=LINE('',#13175,#3323);
#2350=LINE('',#13178,#3324);
#2351=LINE('',#13179,#3325);
#2352=LINE('',#13182,#3326);
#2353=LINE('',#13183,#3327);
#2354=LINE('',#13185,#3328);
#2355=VECTOR('',#8799,10.);
#2356=VECTOR('',#8800,10.);
#2357=VECTOR('',#8801,10.);
#2358=VECTOR('',#8802,10.);
#2359=VECTOR('',#8805,10.);
#2360=VECTOR('',#8806,10.);
#2361=VECTOR('',#8807,10.);
#2362=VECTOR('',#8810,10.);
#2363=VECTOR('',#8811,10.);
#2364=VECTOR('',#8812,10.);
#2365=VECTOR('',#8815,10.);
#2366=VECTOR('',#8816,10.);
#2367=VECTOR('',#8817,10.);
#2368=VECTOR('',#8820,10.);
#2369=VECTOR('',#8821,10.);
#2370=VECTOR('',#8822,10.);
#2371=VECTOR('',#8825,10.);
#2372=VECTOR('',#8826,10.);
#2373=VECTOR('',#8833,1.5);
#2374=VECTOR('',#8842,2.75);
#2375=VECTOR('',#8851,10.);
#2376=VECTOR('',#8852,10.);
#2377=VECTOR('',#8853,10.);
#2378=VECTOR('',#8854,10.);
#2379=VECTOR('',#8857,10.);
#2380=VECTOR('',#8858,10.);
#2381=VECTOR('',#8859,10.);
#2382=VECTOR('',#8862,10.);
#2383=VECTOR('',#8863,10.);
#2384=VECTOR('',#8864,10.);
#2385=VECTOR('',#8867,10.);
#2386=VECTOR('',#8868,10.);
#2387=VECTOR('',#8869,10.);
#2388=VECTOR('',#8872,10.);
#2389=VECTOR('',#8873,10.);
#2390=VECTOR('',#8874,10.);
#2391=VECTOR('',#8877,10.);
#2392=VECTOR('',#8878,10.);
#2393=VECTOR('',#8885,1.5);
#2394=VECTOR('',#8894,2.75);
#2395=VECTOR('',#8903,10.);
#2396=VECTOR('',#8904,10.);
#2397=VECTOR('',#8905,10.);
#2398=VECTOR('',#8906,10.);
#2399=VECTOR('',#8909,10.);
#2400=VECTOR('',#8910,10.);
#2401=VECTOR('',#8911,10.);
#2402=VECTOR('',#8914,10.);
#2403=VECTOR('',#8915,10.);
#2404=VECTOR('',#8916,10.);
#2405=VECTOR('',#8919,10.);
#2406=VECTOR('',#8920,10.);
#2407=VECTOR('',#8921,10.);
#2408=VECTOR('',#8924,10.);
#2409=VECTOR('',#8925,10.);
#2410=VECTOR('',#8926,10.);
#2411=VECTOR('',#8929,10.);
#2412=VECTOR('',#8930,10.);
#2413=VECTOR('',#8937,1.5);
#2414=VECTOR('',#8946,2.75);
#2415=VECTOR('',#8957,1.6);
#2416=VECTOR('',#8964,3.5);
#2417=VECTOR('',#8975,1.6);
#2418=VECTOR('',#8982,3.5);
#2419=VECTOR('',#8993,1.6);
#2420=VECTOR('',#9000,3.5);
#2421=VECTOR('',#9011,1.6);
#2422=VECTOR('',#9016,10.);
#2423=VECTOR('',#9017,10.);
#2424=VECTOR('',#9018,10.);
#2425=VECTOR('',#9019,10.);
#2426=VECTOR('',#9022,10.);
#2427=VECTOR('',#9023,10.);
#2428=VECTOR('',#9024,10.);
#2429=VECTOR('',#9027,10.);
#2430=VECTOR('',#9028,10.);
#2431=VECTOR('',#9029,10.);
#2432=VECTOR('',#9032,10.);
#2433=VECTOR('',#9033,10.);
#2434=VECTOR('',#9034,10.);
#2435=VECTOR('',#9037,10.);
#2436=VECTOR('',#9038,10.);
#2437=VECTOR('',#9039,10.);
#2438=VECTOR('',#9042,10.);
#2439=VECTOR('',#9043,10.);
#2440=VECTOR('',#9052,1.6);
#2441=VECTOR('',#9057,10.);
#2442=VECTOR('',#9058,10.);
#2443=VECTOR('',#9059,10.);
#2444=VECTOR('',#9060,10.);
#2445=VECTOR('',#9063,10.);
#2446=VECTOR('',#9064,10.);
#2447=VECTOR('',#9065,10.);
#2448=VECTOR('',#9068,10.);
#2449=VECTOR('',#9069,10.);
#2450=VECTOR('',#9070,10.);
#2451=VECTOR('',#9073,10.);
#2452=VECTOR('',#9074,10.);
#2453=VECTOR('',#9075,10.);
#2454=VECTOR('',#9078,10.);
#2455=VECTOR('',#9079,10.);
#2456=VECTOR('',#9080,10.);
#2457=VECTOR('',#9083,10.);
#2458=VECTOR('',#9084,10.);
#2459=VECTOR('',#9093,1.6);
#2460=VECTOR('',#9098,10.);
#2461=VECTOR('',#9099,10.);
#2462=VECTOR('',#9100,10.);
#2463=VECTOR('',#9101,10.);
#2464=VECTOR('',#9104,10.);
#2465=VECTOR('',#9105,10.);
#2466=VECTOR('',#9106,10.);
#2467=VECTOR('',#9109,10.);
#2468=VECTOR('',#9110,10.);
#2469=VECTOR('',#9111,10.);
#2470=VECTOR('',#9114,10.);
#2471=VECTOR('',#9115,10.);
#2472=VECTOR('',#9116,10.);
#2473=VECTOR('',#9119,10.);
#2474=VECTOR('',#9120,10.);
#2475=VECTOR('',#9121,10.);
#2476=VECTOR('',#9124,10.);
#2477=VECTOR('',#9125,10.);
#2478=VECTOR('',#9132,10.);
#2479=VECTOR('',#9133,10.);
#2480=VECTOR('',#9134,10.);
#2481=VECTOR('',#9135,10.);
#2482=VECTOR('',#9138,10.);
#2483=VECTOR('',#9139,10.);
#2484=VECTOR('',#9140,10.);
#2485=VECTOR('',#9143,10.);
#2486=VECTOR('',#9144,10.);
#2487=VECTOR('',#9145,10.);
#2488=VECTOR('',#9148,10.);
#2489=VECTOR('',#9149,10.);
#2490=VECTOR('',#9150,10.);
#2491=VECTOR('',#9153,10.);
#2492=VECTOR('',#9154,10.);
#2493=VECTOR('',#9155,10.);
#2494=VECTOR('',#9158,10.);
#2495=VECTOR('',#9159,10.);
#2496=VECTOR('',#9166,10.);
#2497=VECTOR('',#9167,10.);
#2498=VECTOR('',#9168,10.);
#2499=VECTOR('',#9169,10.);
#2500=VECTOR('',#9172,10.);
#2501=VECTOR('',#9173,10.);
#2502=VECTOR('',#9174,10.);
#2503=VECTOR('',#9177,10.);
#2504=VECTOR('',#9178,10.);
#2505=VECTOR('',#9179,10.);
#2506=VECTOR('',#9182,10.);
#2507=VECTOR('',#9183,10.);
#2508=VECTOR('',#9184,10.);
#2509=VECTOR('',#9187,10.);
#2510=VECTOR('',#9188,10.);
#2511=VECTOR('',#9189,10.);
#2512=VECTOR('',#9192,10.);
#2513=VECTOR('',#9193,10.);
#2514=VECTOR('',#9200,10.);
#2515=VECTOR('',#9201,10.);
#2516=VECTOR('',#9202,10.);
#2517=VECTOR('',#9203,10.);
#2518=VECTOR('',#9206,10.);
#2519=VECTOR('',#9207,10.);
#2520=VECTOR('',#9208,10.);
#2521=VECTOR('',#9211,10.);
#2522=VECTOR('',#9212,10.);
#2523=VECTOR('',#9213,10.);
#2524=VECTOR('',#9216,10.);
#2525=VECTOR('',#9217,10.);
#2526=VECTOR('',#9218,10.);
#2527=VECTOR('',#9221,10.);
#2528=VECTOR('',#9222,10.);
#2529=VECTOR('',#9223,10.);
#2530=VECTOR('',#9226,10.);
#2531=VECTOR('',#9227,10.);
#2532=VECTOR('',#9236,3.75);
#2533=VECTOR('',#9247,3.75);
#2534=VECTOR('',#9258,3.75);
#2535=VECTOR('',#9267,1.8);
#2536=VECTOR('',#9274,1.8);
#2537=VECTOR('',#9277,1.8);
#2538=VECTOR('',#9284,1.8);
#2539=VECTOR('',#9287,1.8);
#2540=VECTOR('',#9294,1.8);
#2541=VECTOR('',#9299,4.6);
#2542=VECTOR('',#9310,1.);
#2543=VECTOR('',#9319,1.);
#2544=VECTOR('',#9328,2.65);
#2545=VECTOR('',#9331,10.);
#2546=VECTOR('',#9332,10.);
#2547=VECTOR('',#9333,10.);
#2548=VECTOR('',#9334,10.);
#2549=VECTOR('',#9335,10.);
#2550=VECTOR('',#9338,10.);
#2551=VECTOR('',#9339,10.);
#2552=VECTOR('',#9340,10.);
#2553=VECTOR('',#9343,10.);
#2554=VECTOR('',#9344,10.);
#2555=VECTOR('',#9345,10.);
#2556=VECTOR('',#9346,10.);
#2557=VECTOR('',#9349,10.);
#2558=VECTOR('',#9350,10.);
#2559=VECTOR('',#9351,10.);
#2560=VECTOR('',#9352,10.);
#2561=VECTOR('',#9353,10.);
#2562=VECTOR('',#9356,10.);
#2563=VECTOR('',#9357,10.);
#2564=VECTOR('',#9360,10.);
#2565=VECTOR('',#9361,10.);
#2566=VECTOR('',#9364,10.);
#2567=VECTOR('',#9365,10.);
#2568=VECTOR('',#9366,10.);
#2569=VECTOR('',#9367,10.);
#2570=VECTOR('',#9370,10.);
#2571=VECTOR('',#9371,10.);
#2572=VECTOR('',#9374,10.);
#2573=VECTOR('',#9375,10.);
#2574=VECTOR('',#9378,10.);
#2575=VECTOR('',#9387,2.);
#2576=VECTOR('',#9394,2.);
#2577=VECTOR('',#9401,2.);
#2578=VECTOR('',#9406,10.);
#2579=VECTOR('',#9407,10.);
#2580=VECTOR('',#9408,10.);
#2581=VECTOR('',#9409,10.);
#2582=VECTOR('',#9412,10.);
#2583=VECTOR('',#9413,10.);
#2584=VECTOR('',#9414,10.);
#2585=VECTOR('',#9417,10.);
#2586=VECTOR('',#9418,10.);
#2587=VECTOR('',#9419,10.);
#2588=VECTOR('',#9422,10.);
#2589=VECTOR('',#9423,10.);
#2590=VECTOR('',#9424,10.);
#2591=VECTOR('',#9427,10.);
#2592=VECTOR('',#9428,10.);
#2593=VECTOR('',#9429,10.);
#2594=VECTOR('',#9432,10.);
#2595=VECTOR('',#9433,10.);
#2596=VECTOR('',#9436,10.);
#2597=VECTOR('',#9437,10.);
#2598=VECTOR('',#9438,10.);
#2599=VECTOR('',#9439,10.);
#2600=VECTOR('',#9442,10.);
#2601=VECTOR('',#9443,10.);
#2602=VECTOR('',#9444,10.);
#2603=VECTOR('',#9447,10.);
#2604=VECTOR('',#9448,10.);
#2605=VECTOR('',#9449,10.);
#2606=VECTOR('',#9452,10.);
#2607=VECTOR('',#9453,10.);
#2608=VECTOR('',#9454,10.);
#2609=VECTOR('',#9457,10.);
#2610=VECTOR('',#9458,10.);
#2611=VECTOR('',#9459,10.);
#2612=VECTOR('',#9462,10.);
#2613=VECTOR('',#9463,10.);
#2614=VECTOR('',#9464,10.);
#2615=VECTOR('',#9467,10.);
#2616=VECTOR('',#9468,10.);
#2617=VECTOR('',#9469,10.);
#2618=VECTOR('',#9472,10.);
#2619=VECTOR('',#9473,10.);
#2620=VECTOR('',#9476,10.);
#2621=VECTOR('',#9477,10.);
#2622=VECTOR('',#9478,10.);
#2623=VECTOR('',#9479,10.);
#2624=VECTOR('',#9482,10.);
#2625=VECTOR('',#9483,10.);
#2626=VECTOR('',#9484,10.);
#2627=VECTOR('',#9487,10.);
#2628=VECTOR('',#9488,10.);
#2629=VECTOR('',#9489,10.);
#2630=VECTOR('',#9492,10.);
#2631=VECTOR('',#9493,10.);
#2632=VECTOR('',#9494,10.);
#2633=VECTOR('',#9497,10.);
#2634=VECTOR('',#9498,10.);
#2635=VECTOR('',#9499,10.);
#2636=VECTOR('',#9502,10.);
#2637=VECTOR('',#9503,10.);
#2638=VECTOR('',#9504,10.);
#2639=VECTOR('',#9507,10.);
#2640=VECTOR('',#9508,10.);
#2641=VECTOR('',#9509,10.);
#2642=VECTOR('',#9512,10.);
#2643=VECTOR('',#9513,10.);
#2644=VECTOR('',#9516,10.);
#2645=VECTOR('',#9517,10.);
#2646=VECTOR('',#9518,10.);
#2647=VECTOR('',#9519,10.);
#2648=VECTOR('',#9522,10.);
#2649=VECTOR('',#9523,10.);
#2650=VECTOR('',#9524,10.);
#2651=VECTOR('',#9527,10.);
#2652=VECTOR('',#9528,10.);
#2653=VECTOR('',#9529,10.);
#2654=VECTOR('',#9532,10.);
#2655=VECTOR('',#9533,10.);
#2656=VECTOR('',#9534,10.);
#2657=VECTOR('',#9537,10.);
#2658=VECTOR('',#9538,10.);
#2659=VECTOR('',#9539,10.);
#2660=VECTOR('',#9542,10.);
#2661=VECTOR('',#9543,10.);
#2662=VECTOR('',#9544,10.);
#2663=VECTOR('',#9547,10.);
#2664=VECTOR('',#9548,10.);
#2665=VECTOR('',#9549,10.);
#2666=VECTOR('',#9552,10.);
#2667=VECTOR('',#9553,10.);
#2668=VECTOR('',#9556,10.);
#2669=VECTOR('',#9557,10.);
#2670=VECTOR('',#9558,10.);
#2671=VECTOR('',#9559,10.);
#2672=VECTOR('',#9562,10.);
#2673=VECTOR('',#9563,10.);
#2674=VECTOR('',#9564,10.);
#2675=VECTOR('',#9567,10.);
#2676=VECTOR('',#9568,10.);
#2677=VECTOR('',#9569,10.);
#2678=VECTOR('',#9572,10.);
#2679=VECTOR('',#9573,10.);
#2680=VECTOR('',#9574,10.);
#2681=VECTOR('',#9577,10.);
#2682=VECTOR('',#9578,10.);
#2683=VECTOR('',#9579,10.);
#2684=VECTOR('',#9582,10.);
#2685=VECTOR('',#9583,10.);
#2686=VECTOR('',#9584,10.);
#2687=VECTOR('',#9587,10.);
#2688=VECTOR('',#9588,10.);
#2689=VECTOR('',#9589,10.);
#2690=VECTOR('',#9592,10.);
#2691=VECTOR('',#9593,10.);
#2692=VECTOR('',#9596,10.);
#2693=VECTOR('',#9597,10.);
#2694=VECTOR('',#9598,10.);
#2695=VECTOR('',#9599,10.);
#2696=VECTOR('',#9602,10.);
#2697=VECTOR('',#9603,10.);
#2698=VECTOR('',#9604,10.);
#2699=VECTOR('',#9607,10.);
#2700=VECTOR('',#9608,10.);
#2701=VECTOR('',#9609,10.);
#2702=VECTOR('',#9612,10.);
#2703=VECTOR('',#9613,10.);
#2704=VECTOR('',#9614,10.);
#2705=VECTOR('',#9617,10.);
#2706=VECTOR('',#9618,10.);
#2707=VECTOR('',#9621,10.);
#2708=VECTOR('',#9622,10.);
#2709=VECTOR('',#9623,10.);
#2710=VECTOR('',#9624,10.);
#2711=VECTOR('',#9625,10.);
#2712=VECTOR('',#9626,10.);
#2713=VECTOR('',#9627,10.);
#2714=VECTOR('',#9628,10.);
#2715=VECTOR('',#9629,10.);
#2716=VECTOR('',#9630,10.);
#2717=VECTOR('',#9631,10.);
#2718=VECTOR('',#9632,10.);
#2719=VECTOR('',#9633,10.);
#2720=VECTOR('',#9634,10.);
#2721=VECTOR('',#9635,10.);
#2722=VECTOR('',#9636,10.);
#2723=VECTOR('',#9637,10.);
#2724=VECTOR('',#9638,10.);
#2725=VECTOR('',#9639,10.);
#2726=VECTOR('',#9640,10.);
#2727=VECTOR('',#9641,10.);
#2728=VECTOR('',#9642,10.);
#2729=VECTOR('',#9643,10.);
#2730=VECTOR('',#9644,10.);
#2731=VECTOR('',#9645,10.);
#2732=VECTOR('',#9646,10.);
#2733=VECTOR('',#9647,10.);
#2734=VECTOR('',#9648,10.);
#2735=VECTOR('',#9649,10.);
#2736=VECTOR('',#9650,10.);
#2737=VECTOR('',#9651,10.);
#2738=VECTOR('',#9652,10.);
#2739=VECTOR('',#9653,10.);
#2740=VECTOR('',#9654,10.);
#2741=VECTOR('',#9655,10.);
#2742=VECTOR('',#9656,10.);
#2743=VECTOR('',#9657,10.);
#2744=VECTOR('',#9658,10.);
#2745=VECTOR('',#9659,10.);
#2746=VECTOR('',#9660,10.);
#2747=VECTOR('',#9661,10.);
#2748=VECTOR('',#9662,10.);
#2749=VECTOR('',#9663,10.);
#2750=VECTOR('',#9664,10.);
#2751=VECTOR('',#9665,10.);
#2752=VECTOR('',#9668,10.);
#2753=VECTOR('',#9669,10.);
#2754=VECTOR('',#9670,10.);
#2755=VECTOR('',#9673,10.);
#2756=VECTOR('',#9674,10.);
#2757=VECTOR('',#9677,10.);
#2758=VECTOR('',#9678,10.);
#2759=VECTOR('',#9681,10.);
#2760=VECTOR('',#9682,10.);
#2761=VECTOR('',#9685,10.);
#2762=VECTOR('',#9686,10.);
#2763=VECTOR('',#9689,10.);
#2764=VECTOR('',#9690,10.);
#2765=VECTOR('',#9693,10.);
#2766=VECTOR('',#9694,10.);
#2767=VECTOR('',#9697,10.);
#2768=VECTOR('',#9698,10.);
#2769=VECTOR('',#9701,10.);
#2770=VECTOR('',#9702,10.);
#2771=VECTOR('',#9705,10.);
#2772=VECTOR('',#9706,10.);
#2773=VECTOR('',#9709,10.);
#2774=VECTOR('',#9710,10.);
#2775=VECTOR('',#9713,10.);
#2776=VECTOR('',#9714,10.);
#2777=VECTOR('',#9717,10.);
#2778=VECTOR('',#9718,10.);
#2779=VECTOR('',#9721,10.);
#2780=VECTOR('',#9722,10.);
#2781=VECTOR('',#9725,10.);
#2782=VECTOR('',#9726,10.);
#2783=VECTOR('',#9729,10.);
#2784=VECTOR('',#9730,10.);
#2785=VECTOR('',#9733,10.);
#2786=VECTOR('',#9734,10.);
#2787=VECTOR('',#9737,10.);
#2788=VECTOR('',#9738,10.);
#2789=VECTOR('',#9741,10.);
#2790=VECTOR('',#9742,10.);
#2791=VECTOR('',#9745,10.);
#2792=VECTOR('',#9746,10.);
#2793=VECTOR('',#9749,10.);
#2794=VECTOR('',#9750,10.);
#2795=VECTOR('',#9753,10.);
#2796=VECTOR('',#9754,10.);
#2797=VECTOR('',#9757,10.);
#2798=VECTOR('',#9758,10.);
#2799=VECTOR('',#9761,10.);
#2800=VECTOR('',#9762,10.);
#2801=VECTOR('',#9765,10.);
#2802=VECTOR('',#9766,10.);
#2803=VECTOR('',#9769,10.);
#2804=VECTOR('',#9770,10.);
#2805=VECTOR('',#9773,10.);
#2806=VECTOR('',#9774,10.);
#2807=VECTOR('',#9777,10.);
#2808=VECTOR('',#9778,10.);
#2809=VECTOR('',#9781,10.);
#2810=VECTOR('',#9782,10.);
#2811=VECTOR('',#9785,10.);
#2812=VECTOR('',#9786,10.);
#2813=VECTOR('',#9789,10.);
#2814=VECTOR('',#9790,10.);
#2815=VECTOR('',#9793,10.);
#2816=VECTOR('',#9794,10.);
#2817=VECTOR('',#9797,10.);
#2818=VECTOR('',#9798,10.);
#2819=VECTOR('',#9801,10.);
#2820=VECTOR('',#9802,10.);
#2821=VECTOR('',#9805,10.);
#2822=VECTOR('',#9806,10.);
#2823=VECTOR('',#9809,10.);
#2824=VECTOR('',#9810,10.);
#2825=VECTOR('',#9813,10.);
#2826=VECTOR('',#9814,10.);
#2827=VECTOR('',#9817,10.);
#2828=VECTOR('',#9818,10.);
#2829=VECTOR('',#9821,10.);
#2830=VECTOR('',#9822,10.);
#2831=VECTOR('',#9825,10.);
#2832=VECTOR('',#9826,10.);
#2833=VECTOR('',#9829,10.);
#2834=VECTOR('',#9830,10.);
#2835=VECTOR('',#9833,10.);
#2836=VECTOR('',#9834,10.);
#2837=VECTOR('',#9837,10.);
#2838=VECTOR('',#9838,10.);
#2839=VECTOR('',#9841,10.);
#2840=VECTOR('',#9842,10.);
#2841=VECTOR('',#9845,10.);
#2842=VECTOR('',#9856,10.);
#2843=VECTOR('',#9857,10.);
#2844=VECTOR('',#9858,10.);
#2845=VECTOR('',#9859,10.);
#2846=VECTOR('',#9862,10.);
#2847=VECTOR('',#9863,10.);
#2848=VECTOR('',#9864,10.);
#2849=VECTOR('',#9867,10.);
#2850=VECTOR('',#9868,10.);
#2851=VECTOR('',#9869,10.);
#2852=VECTOR('',#9872,10.);
#2853=VECTOR('',#9873,10.);
#2854=VECTOR('',#9874,10.);
#2855=VECTOR('',#9877,10.);
#2856=VECTOR('',#9878,10.);
#2857=VECTOR('',#9879,10.);
#2858=VECTOR('',#9882,10.);
#2859=VECTOR('',#9883,10.);
#2860=VECTOR('',#9890,1.5);
#2861=VECTOR('',#9899,2.75);
#2862=VECTOR('',#9908,10.);
#2863=VECTOR('',#9909,10.);
#2864=VECTOR('',#9910,10.);
#2865=VECTOR('',#9911,10.);
#2866=VECTOR('',#9914,10.);
#2867=VECTOR('',#9915,10.);
#2868=VECTOR('',#9916,10.);
#2869=VECTOR('',#9919,10.);
#2870=VECTOR('',#9920,10.);
#2871=VECTOR('',#9921,10.);
#2872=VECTOR('',#9924,10.);
#2873=VECTOR('',#9925,10.);
#2874=VECTOR('',#9926,10.);
#2875=VECTOR('',#9929,10.);
#2876=VECTOR('',#9930,10.);
#2877=VECTOR('',#9931,10.);
#2878=VECTOR('',#9934,10.);
#2879=VECTOR('',#9935,10.);
#2880=VECTOR('',#9942,1.5);
#2881=VECTOR('',#9951,2.75);
#2882=VECTOR('',#9960,10.);
#2883=VECTOR('',#9961,10.);
#2884=VECTOR('',#9962,10.);
#2885=VECTOR('',#9963,10.);
#2886=VECTOR('',#9966,10.);
#2887=VECTOR('',#9967,10.);
#2888=VECTOR('',#9968,10.);
#2889=VECTOR('',#9971,10.);
#2890=VECTOR('',#9972,10.);
#2891=VECTOR('',#9973,10.);
#2892=VECTOR('',#9976,10.);
#2893=VECTOR('',#9977,10.);
#2894=VECTOR('',#9978,10.);
#2895=VECTOR('',#9981,10.);
#2896=VECTOR('',#9982,10.);
#2897=VECTOR('',#9983,10.);
#2898=VECTOR('',#9986,10.);
#2899=VECTOR('',#9987,10.);
#2900=VECTOR('',#9994,1.5);
#2901=VECTOR('',#10003,2.75);
#2902=VECTOR('',#10014,1.6);
#2903=VECTOR('',#10021,3.5);
#2904=VECTOR('',#10032,1.6);
#2905=VECTOR('',#10039,3.5);
#2906=VECTOR('',#10050,1.6);
#2907=VECTOR('',#10057,3.5);
#2908=VECTOR('',#10068,1.6);
#2909=VECTOR('',#10073,10.);
#2910=VECTOR('',#10074,10.);
#2911=VECTOR('',#10075,10.);
#2912=VECTOR('',#10076,10.);
#2913=VECTOR('',#10079,10.);
#2914=VECTOR('',#10080,10.);
#2915=VECTOR('',#10081,10.);
#2916=VECTOR('',#10084,10.);
#2917=VECTOR('',#10085,10.);
#2918=VECTOR('',#10086,10.);
#2919=VECTOR('',#10089,10.);
#2920=VECTOR('',#10090,10.);
#2921=VECTOR('',#10091,10.);
#2922=VECTOR('',#10094,10.);
#2923=VECTOR('',#10095,10.);
#2924=VECTOR('',#10096,10.);
#2925=VECTOR('',#10099,10.);
#2926=VECTOR('',#10100,10.);
#2927=VECTOR('',#10109,1.6);
#2928=VECTOR('',#10114,10.);
#2929=VECTOR('',#10115,10.);
#2930=VECTOR('',#10116,10.);
#2931=VECTOR('',#10117,10.);
#2932=VECTOR('',#10120,10.);
#2933=VECTOR('',#10121,10.);
#2934=VECTOR('',#10122,10.);
#2935=VECTOR('',#10125,10.);
#2936=VECTOR('',#10126,10.);
#2937=VECTOR('',#10127,10.);
#2938=VECTOR('',#10130,10.);
#2939=VECTOR('',#10131,10.);
#2940=VECTOR('',#10132,10.);
#2941=VECTOR('',#10135,10.);
#2942=VECTOR('',#10136,10.);
#2943=VECTOR('',#10137,10.);
#2944=VECTOR('',#10140,10.);
#2945=VECTOR('',#10141,10.);
#2946=VECTOR('',#10150,1.6);
#2947=VECTOR('',#10155,10.);
#2948=VECTOR('',#10156,10.);
#2949=VECTOR('',#10157,10.);
#2950=VECTOR('',#10158,10.);
#2951=VECTOR('',#10161,10.);
#2952=VECTOR('',#10162,10.);
#2953=VECTOR('',#10163,10.);
#2954=VECTOR('',#10166,10.);
#2955=VECTOR('',#10167,10.);
#2956=VECTOR('',#10168,10.);
#2957=VECTOR('',#10171,10.);
#2958=VECTOR('',#10172,10.);
#2959=VECTOR('',#10173,10.);
#2960=VECTOR('',#10176,10.);
#2961=VECTOR('',#10177,10.);
#2962=VECTOR('',#10178,10.);
#2963=VECTOR('',#10181,10.);
#2964=VECTOR('',#10182,10.);
#2965=VECTOR('',#10189,10.);
#2966=VECTOR('',#10190,10.);
#2967=VECTOR('',#10191,10.);
#2968=VECTOR('',#10192,10.);
#2969=VECTOR('',#10195,10.);
#2970=VECTOR('',#10196,10.);
#2971=VECTOR('',#10197,10.);
#2972=VECTOR('',#10200,10.);
#2973=VECTOR('',#10201,10.);
#2974=VECTOR('',#10202,10.);
#2975=VECTOR('',#10205,10.);
#2976=VECTOR('',#10206,10.);
#2977=VECTOR('',#10207,10.);
#2978=VECTOR('',#10210,10.);
#2979=VECTOR('',#10211,10.);
#2980=VECTOR('',#10212,10.);
#2981=VECTOR('',#10215,10.);
#2982=VECTOR('',#10216,10.);
#2983=VECTOR('',#10223,10.);
#2984=VECTOR('',#10224,10.);
#2985=VECTOR('',#10225,10.);
#2986=VECTOR('',#10226,10.);
#2987=VECTOR('',#10229,10.);
#2988=VECTOR('',#10230,10.);
#2989=VECTOR('',#10231,10.);
#2990=VECTOR('',#10234,10.);
#2991=VECTOR('',#10235,10.);
#2992=VECTOR('',#10236,10.);
#2993=VECTOR('',#10239,10.);
#2994=VECTOR('',#10240,10.);
#2995=VECTOR('',#10241,10.);
#2996=VECTOR('',#10244,10.);
#2997=VECTOR('',#10245,10.);
#2998=VECTOR('',#10246,10.);
#2999=VECTOR('',#10249,10.);
#3000=VECTOR('',#10250,10.);
#3001=VECTOR('',#10257,10.);
#3002=VECTOR('',#10258,10.);
#3003=VECTOR('',#10259,10.);
#3004=VECTOR('',#10260,10.);
#3005=VECTOR('',#10263,10.);
#3006=VECTOR('',#10264,10.);
#3007=VECTOR('',#10265,10.);
#3008=VECTOR('',#10268,10.);
#3009=VECTOR('',#10269,10.);
#3010=VECTOR('',#10270,10.);
#3011=VECTOR('',#10273,10.);
#3012=VECTOR('',#10274,10.);
#3013=VECTOR('',#10275,10.);
#3014=VECTOR('',#10278,10.);
#3015=VECTOR('',#10279,10.);
#3016=VECTOR('',#10280,10.);
#3017=VECTOR('',#10283,10.);
#3018=VECTOR('',#10284,10.);
#3019=VECTOR('',#10293,3.75);
#3020=VECTOR('',#10304,3.75);
#3021=VECTOR('',#10315,3.75);
#3022=VECTOR('',#10324,1.8);
#3023=VECTOR('',#10331,1.8);
#3024=VECTOR('',#10334,1.8);
#3025=VECTOR('',#10341,1.8);
#3026=VECTOR('',#10344,1.8);
#3027=VECTOR('',#10351,1.8);
#3028=VECTOR('',#10356,4.6);
#3029=VECTOR('',#10367,1.);
#3030=VECTOR('',#10376,1.);
#3031=VECTOR('',#10385,2.65);
#3032=VECTOR('',#10388,10.);
#3033=VECTOR('',#10389,10.);
#3034=VECTOR('',#10390,10.);
#3035=VECTOR('',#10391,10.);
#3036=VECTOR('',#10392,10.);
#3037=VECTOR('',#10395,10.);
#3038=VECTOR('',#10396,10.);
#3039=VECTOR('',#10397,10.);
#3040=VECTOR('',#10400,10.);
#3041=VECTOR('',#10401,10.);
#3042=VECTOR('',#10402,10.);
#3043=VECTOR('',#10403,10.);
#3044=VECTOR('',#10406,10.);
#3045=VECTOR('',#10407,10.);
#3046=VECTOR('',#10408,10.);
#3047=VECTOR('',#10409,10.);
#3048=VECTOR('',#10410,10.);
#3049=VECTOR('',#10413,10.);
#3050=VECTOR('',#10414,10.);
#3051=VECTOR('',#10417,10.);
#3052=VECTOR('',#10418,10.);
#3053=VECTOR('',#10421,10.);
#3054=VECTOR('',#10422,10.);
#3055=VECTOR('',#10423,10.);
#3056=VECTOR('',#10424,10.);
#3057=VECTOR('',#10427,10.);
#3058=VECTOR('',#10428,10.);
#3059=VECTOR('',#10431,10.);
#3060=VECTOR('',#10432,10.);
#3061=VECTOR('',#10435,10.);
#3062=VECTOR('',#10444,2.);
#3063=VECTOR('',#10451,2.);
#3064=VECTOR('',#10458,2.);
#3065=VECTOR('',#10463,10.);
#3066=VECTOR('',#10464,10.);
#3067=VECTOR('',#10465,10.);
#3068=VECTOR('',#10466,10.);
#3069=VECTOR('',#10469,10.);
#3070=VECTOR('',#10470,10.);
#3071=VECTOR('',#10471,10.);
#3072=VECTOR('',#10474,10.);
#3073=VECTOR('',#10475,10.);
#3074=VECTOR('',#10476,10.);
#3075=VECTOR('',#10479,10.);
#3076=VECTOR('',#10480,10.);
#3077=VECTOR('',#10481,10.);
#3078=VECTOR('',#10484,10.);
#3079=VECTOR('',#10485,10.);
#3080=VECTOR('',#10486,10.);
#3081=VECTOR('',#10489,10.);
#3082=VECTOR('',#10490,10.);
#3083=VECTOR('',#10493,10.);
#3084=VECTOR('',#10494,10.);
#3085=VECTOR('',#10495,10.);
#3086=VECTOR('',#10496,10.);
#3087=VECTOR('',#10499,10.);
#3088=VECTOR('',#10500,10.);
#3089=VECTOR('',#10501,10.);
#3090=VECTOR('',#10504,10.);
#3091=VECTOR('',#10505,10.);
#3092=VECTOR('',#10506,10.);
#3093=VECTOR('',#10509,10.);
#3094=VECTOR('',#10510,10.);
#3095=VECTOR('',#10511,10.);
#3096=VECTOR('',#10514,10.);
#3097=VECTOR('',#10515,10.);
#3098=VECTOR('',#10516,10.);
#3099=VECTOR('',#10519,10.);
#3100=VECTOR('',#10520,10.);
#3101=VECTOR('',#10521,10.);
#3102=VECTOR('',#10524,10.);
#3103=VECTOR('',#10525,10.);
#3104=VECTOR('',#10526,10.);
#3105=VECTOR('',#10529,10.);
#3106=VECTOR('',#10530,10.);
#3107=VECTOR('',#10533,10.);
#3108=VECTOR('',#10534,10.);
#3109=VECTOR('',#10535,10.);
#3110=VECTOR('',#10536,10.);
#3111=VECTOR('',#10539,10.);
#3112=VECTOR('',#10540,10.);
#3113=VECTOR('',#10541,10.);
#3114=VECTOR('',#10544,10.);
#3115=VECTOR('',#10545,10.);
#3116=VECTOR('',#10546,10.);
#3117=VECTOR('',#10549,10.);
#3118=VECTOR('',#10550,10.);
#3119=VECTOR('',#10551,10.);
#3120=VECTOR('',#10554,10.);
#3121=VECTOR('',#10555,10.);
#3122=VECTOR('',#10556,10.);
#3123=VECTOR('',#10559,10.);
#3124=VECTOR('',#10560,10.);
#3125=VECTOR('',#10561,10.);
#3126=VECTOR('',#10564,10.);
#3127=VECTOR('',#10565,10.);
#3128=VECTOR('',#10566,10.);
#3129=VECTOR('',#10569,10.);
#3130=VECTOR('',#10570,10.);
#3131=VECTOR('',#10573,10.);
#3132=VECTOR('',#10574,10.);
#3133=VECTOR('',#10575,10.);
#3134=VECTOR('',#10576,10.);
#3135=VECTOR('',#10579,10.);
#3136=VECTOR('',#10580,10.);
#3137=VECTOR('',#10581,10.);
#3138=VECTOR('',#10584,10.);
#3139=VECTOR('',#10585,10.);
#3140=VECTOR('',#10586,10.);
#3141=VECTOR('',#10589,10.);
#3142=VECTOR('',#10590,10.);
#3143=VECTOR('',#10591,10.);
#3144=VECTOR('',#10594,10.);
#3145=VECTOR('',#10595,10.);
#3146=VECTOR('',#10596,10.);
#3147=VECTOR('',#10599,10.);
#3148=VECTOR('',#10600,10.);
#3149=VECTOR('',#10601,10.);
#3150=VECTOR('',#10604,10.);
#3151=VECTOR('',#10605,10.);
#3152=VECTOR('',#10606,10.);
#3153=VECTOR('',#10609,10.);
#3154=VECTOR('',#10610,10.);
#3155=VECTOR('',#10613,10.);
#3156=VECTOR('',#10614,10.);
#3157=VECTOR('',#10615,10.);
#3158=VECTOR('',#10616,10.);
#3159=VECTOR('',#10619,10.);
#3160=VECTOR('',#10620,10.);
#3161=VECTOR('',#10621,10.);
#3162=VECTOR('',#10624,10.);
#3163=VECTOR('',#10625,10.);
#3164=VECTOR('',#10626,10.);
#3165=VECTOR('',#10629,10.);
#3166=VECTOR('',#10630,10.);
#3167=VECTOR('',#10631,10.);
#3168=VECTOR('',#10634,10.);
#3169=VECTOR('',#10635,10.);
#3170=VECTOR('',#10636,10.);
#3171=VECTOR('',#10639,10.);
#3172=VECTOR('',#10640,10.);
#3173=VECTOR('',#10641,10.);
#3174=VECTOR('',#10644,10.);
#3175=VECTOR('',#10645,10.);
#3176=VECTOR('',#10646,10.);
#3177=VECTOR('',#10649,10.);
#3178=VECTOR('',#10650,10.);
#3179=VECTOR('',#10653,10.);
#3180=VECTOR('',#10654,10.);
#3181=VECTOR('',#10655,10.);
#3182=VECTOR('',#10656,10.);
#3183=VECTOR('',#10659,10.);
#3184=VECTOR('',#10660,10.);
#3185=VECTOR('',#10661,10.);
#3186=VECTOR('',#10664,10.);
#3187=VECTOR('',#10665,10.);
#3188=VECTOR('',#10666,10.);
#3189=VECTOR('',#10669,10.);
#3190=VECTOR('',#10670,10.);
#3191=VECTOR('',#10671,10.);
#3192=VECTOR('',#10674,10.);
#3193=VECTOR('',#10675,10.);
#3194=VECTOR('',#10678,10.);
#3195=VECTOR('',#10679,10.);
#3196=VECTOR('',#10680,10.);
#3197=VECTOR('',#10681,10.);
#3198=VECTOR('',#10682,10.);
#3199=VECTOR('',#10683,10.);
#3200=VECTOR('',#10684,10.);
#3201=VECTOR('',#10685,10.);
#3202=VECTOR('',#10686,10.);
#3203=VECTOR('',#10687,10.);
#3204=VECTOR('',#10688,10.);
#3205=VECTOR('',#10689,10.);
#3206=VECTOR('',#10690,10.);
#3207=VECTOR('',#10691,10.);
#3208=VECTOR('',#10692,10.);
#3209=VECTOR('',#10693,10.);
#3210=VECTOR('',#10694,10.);
#3211=VECTOR('',#10695,10.);
#3212=VECTOR('',#10696,10.);
#3213=VECTOR('',#10697,10.);
#3214=VECTOR('',#10698,10.);
#3215=VECTOR('',#10699,10.);
#3216=VECTOR('',#10700,10.);
#3217=VECTOR('',#10701,10.);
#3218=VECTOR('',#10702,10.);
#3219=VECTOR('',#10703,10.);
#3220=VECTOR('',#10704,10.);
#3221=VECTOR('',#10705,10.);
#3222=VECTOR('',#10706,10.);
#3223=VECTOR('',#10707,10.);
#3224=VECTOR('',#10708,10.);
#3225=VECTOR('',#10709,10.);
#3226=VECTOR('',#10710,10.);
#3227=VECTOR('',#10711,10.);
#3228=VECTOR('',#10712,10.);
#3229=VECTOR('',#10713,10.);
#3230=VECTOR('',#10714,10.);
#3231=VECTOR('',#10715,10.);
#3232=VECTOR('',#10716,10.);
#3233=VECTOR('',#10717,10.);
#3234=VECTOR('',#10718,10.);
#3235=VECTOR('',#10719,10.);
#3236=VECTOR('',#10720,10.);
#3237=VECTOR('',#10721,10.);
#3238=VECTOR('',#10722,10.);
#3239=VECTOR('',#10725,10.);
#3240=VECTOR('',#10726,10.);
#3241=VECTOR('',#10727,10.);
#3242=VECTOR('',#10730,10.);
#3243=VECTOR('',#10731,10.);
#3244=VECTOR('',#10734,10.);
#3245=VECTOR('',#10735,10.);
#3246=VECTOR('',#10738,10.);
#3247=VECTOR('',#10739,10.);
#3248=VECTOR('',#10742,10.);
#3249=VECTOR('',#10743,10.);
#3250=VECTOR('',#10746,10.);
#3251=VECTOR('',#10747,10.);
#3252=VECTOR('',#10750,10.);
#3253=VECTOR('',#10751,10.);
#3254=VECTOR('',#10754,10.);
#3255=VECTOR('',#10755,10.);
#3256=VECTOR('',#10758,10.);
#3257=VECTOR('',#10759,10.);
#3258=VECTOR('',#10762,10.);
#3259=VECTOR('',#10763,10.);
#3260=VECTOR('',#10766,10.);
#3261=VECTOR('',#10767,10.);
#3262=VECTOR('',#10770,10.);
#3263=VECTOR('',#10771,10.);
#3264=VECTOR('',#10774,10.);
#3265=VECTOR('',#10775,10.);
#3266=VECTOR('',#10778,10.);
#3267=VECTOR('',#10779,10.);
#3268=VECTOR('',#10782,10.);
#3269=VECTOR('',#10783,10.);
#3270=VECTOR('',#10786,10.);
#3271=VECTOR('',#10787,10.);
#3272=VECTOR('',#10790,10.);
#3273=VECTOR('',#10791,10.);
#3274=VECTOR('',#10794,10.);
#3275=VECTOR('',#10795,10.);
#3276=VECTOR('',#10798,10.);
#3277=VECTOR('',#10799,10.);
#3278=VECTOR('',#10802,10.);
#3279=VECTOR('',#10803,10.);
#3280=VECTOR('',#10806,10.);
#3281=VECTOR('',#10807,10.);
#3282=VECTOR('',#10810,10.);
#3283=VECTOR('',#10811,10.);
#3284=VECTOR('',#10814,10.);
#3285=VECTOR('',#10815,10.);
#3286=VECTOR('',#10818,10.);
#3287=VECTOR('',#10819,10.);
#3288=VECTOR('',#10822,10.);
#3289=VECTOR('',#10823,10.);
#3290=VECTOR('',#10826,10.);
#3291=VECTOR('',#10827,10.);
#3292=VECTOR('',#10830,10.);
#3293=VECTOR('',#10831,10.);
#3294=VECTOR('',#10834,10.);
#3295=VECTOR('',#10835,10.);
#3296=VECTOR('',#10838,10.);
#3297=VECTOR('',#10839,10.);
#3298=VECTOR('',#10842,10.);
#3299=VECTOR('',#10843,10.);
#3300=VECTOR('',#10846,10.);
#3301=VECTOR('',#10847,10.);
#3302=VECTOR('',#10850,10.);
#3303=VECTOR('',#10851,10.);
#3304=VECTOR('',#10854,10.);
#3305=VECTOR('',#10855,10.);
#3306=VECTOR('',#10858,10.);
#3307=VECTOR('',#10859,10.);
#3308=VECTOR('',#10862,10.);
#3309=VECTOR('',#10863,10.);
#3310=VECTOR('',#10866,10.);
#3311=VECTOR('',#10867,10.);
#3312=VECTOR('',#10870,10.);
#3313=VECTOR('',#10871,10.);
#3314=VECTOR('',#10874,10.);
#3315=VECTOR('',#10875,10.);
#3316=VECTOR('',#10878,10.);
#3317=VECTOR('',#10879,10.);
#3318=VECTOR('',#10882,10.);
#3319=VECTOR('',#10883,10.);
#3320=VECTOR('',#10886,10.);
#3321=VECTOR('',#10887,10.);
#3322=VECTOR('',#10890,10.);
#3323=VECTOR('',#10891,10.);
#3324=VECTOR('',#10894,10.);
#3325=VECTOR('',#10895,10.);
#3326=VECTOR('',#10898,10.);
#3327=VECTOR('',#10899,10.);
#3328=VECTOR('',#10902,10.);
#3329=VERTEX_POINT('',#10915);
#3330=VERTEX_POINT('',#10916);
#3331=VERTEX_POINT('',#10918);
#3332=VERTEX_POINT('',#10920);
#3333=VERTEX_POINT('',#10924);
#3334=VERTEX_POINT('',#10926);
#3335=VERTEX_POINT('',#10930);
#3336=VERTEX_POINT('',#10932);
#3337=VERTEX_POINT('',#10936);
#3338=VERTEX_POINT('',#10938);
#3339=VERTEX_POINT('',#10942);
#3340=VERTEX_POINT('',#10944);
#3341=VERTEX_POINT('',#10952);
#3342=VERTEX_POINT('',#10954);
#3343=VERTEX_POINT('',#10959);
#3344=VERTEX_POINT('',#10961);
#3345=VERTEX_POINT('',#10967);
#3346=VERTEX_POINT('',#10968);
#3347=VERTEX_POINT('',#10970);
#3348=VERTEX_POINT('',#10972);
#3349=VERTEX_POINT('',#10976);
#3350=VERTEX_POINT('',#10978);
#3351=VERTEX_POINT('',#10982);
#3352=VERTEX_POINT('',#10984);
#3353=VERTEX_POINT('',#10988);
#3354=VERTEX_POINT('',#10990);
#3355=VERTEX_POINT('',#10994);
#3356=VERTEX_POINT('',#10996);
#3357=VERTEX_POINT('',#11004);
#3358=VERTEX_POINT('',#11006);
#3359=VERTEX_POINT('',#11011);
#3360=VERTEX_POINT('',#11013);
#3361=VERTEX_POINT('',#11019);
#3362=VERTEX_POINT('',#11020);
#3363=VERTEX_POINT('',#11022);
#3364=VERTEX_POINT('',#11024);
#3365=VERTEX_POINT('',#11028);
#3366=VERTEX_POINT('',#11030);
#3367=VERTEX_POINT('',#11034);
#3368=VERTEX_POINT('',#11036);
#3369=VERTEX_POINT('',#11040);
#3370=VERTEX_POINT('',#11042);
#3371=VERTEX_POINT('',#11046);
#3372=VERTEX_POINT('',#11048);
#3373=VERTEX_POINT('',#11056);
#3374=VERTEX_POINT('',#11058);
#3375=VERTEX_POINT('',#11063);
#3376=VERTEX_POINT('',#11065);
#3377=VERTEX_POINT('',#11071);
#3378=VERTEX_POINT('',#11073);
#3379=VERTEX_POINT('',#11077);
#3380=VERTEX_POINT('',#11079);
#3381=VERTEX_POINT('',#11085);
#3382=VERTEX_POINT('',#11087);
#3383=VERTEX_POINT('',#11091);
#3384=VERTEX_POINT('',#11093);
#3385=VERTEX_POINT('',#11099);
#3386=VERTEX_POINT('',#11101);
#3387=VERTEX_POINT('',#11105);
#3388=VERTEX_POINT('',#11107);
#3389=VERTEX_POINT('',#11113);
#3390=VERTEX_POINT('',#11115);
#3391=VERTEX_POINT('',#11119);
#3392=VERTEX_POINT('',#11120);
#3393=VERTEX_POINT('',#11122);
#3394=VERTEX_POINT('',#11124);
#3395=VERTEX_POINT('',#11128);
#3396=VERTEX_POINT('',#11130);
#3397=VERTEX_POINT('',#11134);
#3398=VERTEX_POINT('',#11136);
#3399=VERTEX_POINT('',#11140);
#3400=VERTEX_POINT('',#11142);
#3401=VERTEX_POINT('',#11146);
#3402=VERTEX_POINT('',#11148);
#3403=VERTEX_POINT('',#11157);
#3404=VERTEX_POINT('',#11159);
#3405=VERTEX_POINT('',#11163);
#3406=VERTEX_POINT('',#11164);
#3407=VERTEX_POINT('',#11166);
#3408=VERTEX_POINT('',#11168);
#3409=VERTEX_POINT('',#11172);
#3410=VERTEX_POINT('',#11174);
#3411=VERTEX_POINT('',#11178);
#3412=VERTEX_POINT('',#11180);
#3413=VERTEX_POINT('',#11184);
#3414=VERTEX_POINT('',#11186);
#3415=VERTEX_POINT('',#11190);
#3416=VERTEX_POINT('',#11192);
#3417=VERTEX_POINT('',#11201);
#3418=VERTEX_POINT('',#11203);
#3419=VERTEX_POINT('',#11207);
#3420=VERTEX_POINT('',#11208);
#3421=VERTEX_POINT('',#11210);
#3422=VERTEX_POINT('',#11212);
#3423=VERTEX_POINT('',#11216);
#3424=VERTEX_POINT('',#11218);
#3425=VERTEX_POINT('',#11222);
#3426=VERTEX_POINT('',#11224);
#3427=VERTEX_POINT('',#11228);
#3428=VERTEX_POINT('',#11230);
#3429=VERTEX_POINT('',#11234);
#3430=VERTEX_POINT('',#11236);
#3431=VERTEX_POINT('',#11245);
#3432=VERTEX_POINT('',#11246);
#3433=VERTEX_POINT('',#11248);
#3434=VERTEX_POINT('',#11250);
#3435=VERTEX_POINT('',#11254);
#3436=VERTEX_POINT('',#11256);
#3437=VERTEX_POINT('',#11260);
#3438=VERTEX_POINT('',#11262);
#3439=VERTEX_POINT('',#11266);
#3440=VERTEX_POINT('',#11268);
#3441=VERTEX_POINT('',#11272);
#3442=VERTEX_POINT('',#11274);
#3443=VERTEX_POINT('',#11281);
#3444=VERTEX_POINT('',#11284);
#3445=VERTEX_POINT('',#11285);
#3446=VERTEX_POINT('',#11287);
#3447=VERTEX_POINT('',#11289);
#3448=VERTEX_POINT('',#11293);
#3449=VERTEX_POINT('',#11295);
#3450=VERTEX_POINT('',#11299);
#3451=VERTEX_POINT('',#11301);
#3452=VERTEX_POINT('',#11305);
#3453=VERTEX_POINT('',#11307);
#3454=VERTEX_POINT('',#11311);
#3455=VERTEX_POINT('',#11313);
#3456=VERTEX_POINT('',#11320);
#3457=VERTEX_POINT('',#11323);
#3458=VERTEX_POINT('',#11324);
#3459=VERTEX_POINT('',#11326);
#3460=VERTEX_POINT('',#11328);
#3461=VERTEX_POINT('',#11332);
#3462=VERTEX_POINT('',#11334);
#3463=VERTEX_POINT('',#11338);
#3464=VERTEX_POINT('',#11340);
#3465=VERTEX_POINT('',#11344);
#3466=VERTEX_POINT('',#11346);
#3467=VERTEX_POINT('',#11350);
#3468=VERTEX_POINT('',#11352);
#3469=VERTEX_POINT('',#11359);
#3470=VERTEX_POINT('',#11362);
#3471=VERTEX_POINT('',#11364);
#3472=VERTEX_POINT('',#11368);
#3473=VERTEX_POINT('',#11371);
#3474=VERTEX_POINT('',#11373);
#3475=VERTEX_POINT('',#11377);
#3476=VERTEX_POINT('',#11380);
#3477=VERTEX_POINT('',#11382);
#3478=VERTEX_POINT('',#11386);
#3479=VERTEX_POINT('',#11389);
#3480=VERTEX_POINT('',#11393);
#3481=VERTEX_POINT('',#11397);
#3482=VERTEX_POINT('',#11401);
#3483=VERTEX_POINT('',#11405);
#3484=VERTEX_POINT('',#11409);
#3485=VERTEX_POINT('',#11413);
#3486=VERTEX_POINT('',#11415);
#3487=VERTEX_POINT('',#11419);
#3488=VERTEX_POINT('',#11422);
#3489=VERTEX_POINT('',#11424);
#3490=VERTEX_POINT('',#11429);
#3491=VERTEX_POINT('',#11431);
#3492=VERTEX_POINT('',#11436);
#3493=VERTEX_POINT('',#11440);
#3494=VERTEX_POINT('',#11441);
#3495=VERTEX_POINT('',#11443);
#3496=VERTEX_POINT('',#11445);
#3497=VERTEX_POINT('',#11447);
#3498=VERTEX_POINT('',#11451);
#3499=VERTEX_POINT('',#11453);
#3500=VERTEX_POINT('',#11457);
#3501=VERTEX_POINT('',#11459);
#3502=VERTEX_POINT('',#11461);
#3503=VERTEX_POINT('',#11465);
#3504=VERTEX_POINT('',#11467);
#3505=VERTEX_POINT('',#11469);
#3506=VERTEX_POINT('',#11471);
#3507=VERTEX_POINT('',#11475);
#3508=VERTEX_POINT('',#11479);
#3509=VERTEX_POINT('',#11483);
#3510=VERTEX_POINT('',#11485);
#3511=VERTEX_POINT('',#11487);
#3512=VERTEX_POINT('',#11491);
#3513=VERTEX_POINT('',#11502);
#3514=VERTEX_POINT('',#11504);
#3515=VERTEX_POINT('',#11508);
#3516=VERTEX_POINT('',#11510);
#3517=VERTEX_POINT('',#11514);
#3518=VERTEX_POINT('',#11516);
#3519=VERTEX_POINT('',#11520);
#3520=VERTEX_POINT('',#11521);
#3521=VERTEX_POINT('',#11523);
#3522=VERTEX_POINT('',#11525);
#3523=VERTEX_POINT('',#11529);
#3524=VERTEX_POINT('',#11531);
#3525=VERTEX_POINT('',#11535);
#3526=VERTEX_POINT('',#11537);
#3527=VERTEX_POINT('',#11541);
#3528=VERTEX_POINT('',#11543);
#3529=VERTEX_POINT('',#11547);
#3530=VERTEX_POINT('',#11549);
#3531=VERTEX_POINT('',#11556);
#3532=VERTEX_POINT('',#11557);
#3533=VERTEX_POINT('',#11559);
#3534=VERTEX_POINT('',#11561);
#3535=VERTEX_POINT('',#11565);
#3536=VERTEX_POINT('',#11567);
#3537=VERTEX_POINT('',#11571);
#3538=VERTEX_POINT('',#11573);
#3539=VERTEX_POINT('',#11577);
#3540=VERTEX_POINT('',#11579);
#3541=VERTEX_POINT('',#11583);
#3542=VERTEX_POINT('',#11585);
#3543=VERTEX_POINT('',#11589);
#3544=VERTEX_POINT('',#11591);
#3545=VERTEX_POINT('',#11595);
#3546=VERTEX_POINT('',#11597);
#3547=VERTEX_POINT('',#11604);
#3548=VERTEX_POINT('',#11605);
#3549=VERTEX_POINT('',#11607);
#3550=VERTEX_POINT('',#11609);
#3551=VERTEX_POINT('',#11613);
#3552=VERTEX_POINT('',#11615);
#3553=VERTEX_POINT('',#11619);
#3554=VERTEX_POINT('',#11621);
#3555=VERTEX_POINT('',#11625);
#3556=VERTEX_POINT('',#11627);
#3557=VERTEX_POINT('',#11631);
#3558=VERTEX_POINT('',#11633);
#3559=VERTEX_POINT('',#11637);
#3560=VERTEX_POINT('',#11639);
#3561=VERTEX_POINT('',#11643);
#3562=VERTEX_POINT('',#11645);
#3563=VERTEX_POINT('',#11652);
#3564=VERTEX_POINT('',#11653);
#3565=VERTEX_POINT('',#11655);
#3566=VERTEX_POINT('',#11657);
#3567=VERTEX_POINT('',#11661);
#3568=VERTEX_POINT('',#11663);
#3569=VERTEX_POINT('',#11667);
#3570=VERTEX_POINT('',#11669);
#3571=VERTEX_POINT('',#11673);
#3572=VERTEX_POINT('',#11675);
#3573=VERTEX_POINT('',#11679);
#3574=VERTEX_POINT('',#11681);
#3575=VERTEX_POINT('',#11685);
#3576=VERTEX_POINT('',#11687);
#3577=VERTEX_POINT('',#11691);
#3578=VERTEX_POINT('',#11693);
#3579=VERTEX_POINT('',#11700);
#3580=VERTEX_POINT('',#11701);
#3581=VERTEX_POINT('',#11703);
#3582=VERTEX_POINT('',#11705);
#3583=VERTEX_POINT('',#11709);
#3584=VERTEX_POINT('',#11711);
#3585=VERTEX_POINT('',#11715);
#3586=VERTEX_POINT('',#11717);
#3587=VERTEX_POINT('',#11721);
#3588=VERTEX_POINT('',#11723);
#3589=VERTEX_POINT('',#11727);
#3590=VERTEX_POINT('',#11729);
#3591=VERTEX_POINT('',#11733);
#3592=VERTEX_POINT('',#11735);
#3593=VERTEX_POINT('',#11739);
#3594=VERTEX_POINT('',#11741);
#3595=VERTEX_POINT('',#11748);
#3596=VERTEX_POINT('',#11749);
#3597=VERTEX_POINT('',#11751);
#3598=VERTEX_POINT('',#11753);
#3599=VERTEX_POINT('',#11757);
#3600=VERTEX_POINT('',#11759);
#3601=VERTEX_POINT('',#11763);
#3602=VERTEX_POINT('',#11765);
#3603=VERTEX_POINT('',#11769);
#3604=VERTEX_POINT('',#11771);
#3605=VERTEX_POINT('',#11778);
#3606=VERTEX_POINT('',#11779);
#3607=VERTEX_POINT('',#11781);
#3608=VERTEX_POINT('',#11783);
#3609=VERTEX_POINT('',#11785);
#3610=VERTEX_POINT('',#11787);
#3611=VERTEX_POINT('',#11789);
#3612=VERTEX_POINT('',#11791);
#3613=VERTEX_POINT('',#11793);
#3614=VERTEX_POINT('',#11795);
#3615=VERTEX_POINT('',#11797);
#3616=VERTEX_POINT('',#11799);
#3617=VERTEX_POINT('',#11801);
#3618=VERTEX_POINT('',#11803);
#3619=VERTEX_POINT('',#11805);
#3620=VERTEX_POINT('',#11807);
#3621=VERTEX_POINT('',#11809);
#3622=VERTEX_POINT('',#11811);
#3623=VERTEX_POINT('',#11813);
#3624=VERTEX_POINT('',#11815);
#3625=VERTEX_POINT('',#11817);
#3626=VERTEX_POINT('',#11819);
#3627=VERTEX_POINT('',#11821);
#3628=VERTEX_POINT('',#11823);
#3629=VERTEX_POINT('',#11825);
#3630=VERTEX_POINT('',#11827);
#3631=VERTEX_POINT('',#11829);
#3632=VERTEX_POINT('',#11831);
#3633=VERTEX_POINT('',#11833);
#3634=VERTEX_POINT('',#11835);
#3635=VERTEX_POINT('',#11837);
#3636=VERTEX_POINT('',#11839);
#3637=VERTEX_POINT('',#11841);
#3638=VERTEX_POINT('',#11843);
#3639=VERTEX_POINT('',#11845);
#3640=VERTEX_POINT('',#11847);
#3641=VERTEX_POINT('',#11849);
#3642=VERTEX_POINT('',#11851);
#3643=VERTEX_POINT('',#11853);
#3644=VERTEX_POINT('',#11855);
#3645=VERTEX_POINT('',#11857);
#3646=VERTEX_POINT('',#11859);
#3647=VERTEX_POINT('',#11861);
#3648=VERTEX_POINT('',#11863);
#3649=VERTEX_POINT('',#11865);
#3650=VERTEX_POINT('',#11869);
#3651=VERTEX_POINT('',#11871);
#3652=VERTEX_POINT('',#11875);
#3653=VERTEX_POINT('',#11879);
#3654=VERTEX_POINT('',#11883);
#3655=VERTEX_POINT('',#11887);
#3656=VERTEX_POINT('',#11891);
#3657=VERTEX_POINT('',#11895);
#3658=VERTEX_POINT('',#11899);
#3659=VERTEX_POINT('',#11903);
#3660=VERTEX_POINT('',#11907);
#3661=VERTEX_POINT('',#11911);
#3662=VERTEX_POINT('',#11915);
#3663=VERTEX_POINT('',#11919);
#3664=VERTEX_POINT('',#11923);
#3665=VERTEX_POINT('',#11927);
#3666=VERTEX_POINT('',#11931);
#3667=VERTEX_POINT('',#11935);
#3668=VERTEX_POINT('',#11939);
#3669=VERTEX_POINT('',#11943);
#3670=VERTEX_POINT('',#11947);
#3671=VERTEX_POINT('',#11951);
#3672=VERTEX_POINT('',#11955);
#3673=VERTEX_POINT('',#11959);
#3674=VERTEX_POINT('',#11963);
#3675=VERTEX_POINT('',#11967);
#3676=VERTEX_POINT('',#11971);
#3677=VERTEX_POINT('',#11975);
#3678=VERTEX_POINT('',#11979);
#3679=VERTEX_POINT('',#11983);
#3680=VERTEX_POINT('',#11987);
#3681=VERTEX_POINT('',#11991);
#3682=VERTEX_POINT('',#11995);
#3683=VERTEX_POINT('',#11999);
#3684=VERTEX_POINT('',#12003);
#3685=VERTEX_POINT('',#12007);
#3686=VERTEX_POINT('',#12011);
#3687=VERTEX_POINT('',#12015);
#3688=VERTEX_POINT('',#12019);
#3689=VERTEX_POINT('',#12023);
#3690=VERTEX_POINT('',#12027);
#3691=VERTEX_POINT('',#12031);
#3692=VERTEX_POINT('',#12035);
#3693=VERTEX_POINT('',#12039);
#3694=VERTEX_POINT('',#12043);
#3695=VERTEX_POINT('',#12053);
#3696=VERTEX_POINT('',#12054);
#3697=VERTEX_POINT('',#12056);
#3698=VERTEX_POINT('',#12058);
#3699=VERTEX_POINT('',#12062);
#3700=VERTEX_POINT('',#12064);
#3701=VERTEX_POINT('',#12068);
#3702=VERTEX_POINT('',#12070);
#3703=VERTEX_POINT('',#12074);
#3704=VERTEX_POINT('',#12076);
#3705=VERTEX_POINT('',#12080);
#3706=VERTEX_POINT('',#12082);
#3707=VERTEX_POINT('',#12090);
#3708=VERTEX_POINT('',#12092);
#3709=VERTEX_POINT('',#12097);
#3710=VERTEX_POINT('',#12099);
#3711=VERTEX_POINT('',#12105);
#3712=VERTEX_POINT('',#12106);
#3713=VERTEX_POINT('',#12108);
#3714=VERTEX_POINT('',#12110);
#3715=VERTEX_POINT('',#12114);
#3716=VERTEX_POINT('',#12116);
#3717=VERTEX_POINT('',#12120);
#3718=VERTEX_POINT('',#12122);
#3719=VERTEX_POINT('',#12126);
#3720=VERTEX_POINT('',#12128);
#3721=VERTEX_POINT('',#12132);
#3722=VERTEX_POINT('',#12134);
#3723=VERTEX_POINT('',#12142);
#3724=VERTEX_POINT('',#12144);
#3725=VERTEX_POINT('',#12149);
#3726=VERTEX_POINT('',#12151);
#3727=VERTEX_POINT('',#12157);
#3728=VERTEX_POINT('',#12158);
#3729=VERTEX_POINT('',#12160);
#3730=VERTEX_POINT('',#12162);
#3731=VERTEX_POINT('',#12166);
#3732=VERTEX_POINT('',#12168);
#3733=VERTEX_POINT('',#12172);
#3734=VERTEX_POINT('',#12174);
#3735=VERTEX_POINT('',#12178);
#3736=VERTEX_POINT('',#12180);
#3737=VERTEX_POINT('',#12184);
#3738=VERTEX_POINT('',#12186);
#3739=VERTEX_POINT('',#12194);
#3740=VERTEX_POINT('',#12196);
#3741=VERTEX_POINT('',#12201);
#3742=VERTEX_POINT('',#12203);
#3743=VERTEX_POINT('',#12209);
#3744=VERTEX_POINT('',#12211);
#3745=VERTEX_POINT('',#12215);
#3746=VERTEX_POINT('',#12217);
#3747=VERTEX_POINT('',#12223);
#3748=VERTEX_POINT('',#12225);
#3749=VERTEX_POINT('',#12229);
#3750=VERTEX_POINT('',#12231);
#3751=VERTEX_POINT('',#12237);
#3752=VERTEX_POINT('',#12239);
#3753=VERTEX_POINT('',#12243);
#3754=VERTEX_POINT('',#12245);
#3755=VERTEX_POINT('',#12251);
#3756=VERTEX_POINT('',#12253);
#3757=VERTEX_POINT('',#12257);
#3758=VERTEX_POINT('',#12258);
#3759=VERTEX_POINT('',#12260);
#3760=VERTEX_POINT('',#12262);
#3761=VERTEX_POINT('',#12266);
#3762=VERTEX_POINT('',#12268);
#3763=VERTEX_POINT('',#12272);
#3764=VERTEX_POINT('',#12274);
#3765=VERTEX_POINT('',#12278);
#3766=VERTEX_POINT('',#12280);
#3767=VERTEX_POINT('',#12284);
#3768=VERTEX_POINT('',#12286);
#3769=VERTEX_POINT('',#12295);
#3770=VERTEX_POINT('',#12297);
#3771=VERTEX_POINT('',#12301);
#3772=VERTEX_POINT('',#12302);
#3773=VERTEX_POINT('',#12304);
#3774=VERTEX_POINT('',#12306);
#3775=VERTEX_POINT('',#12310);
#3776=VERTEX_POINT('',#12312);
#3777=VERTEX_POINT('',#12316);
#3778=VERTEX_POINT('',#12318);
#3779=VERTEX_POINT('',#12322);
#3780=VERTEX_POINT('',#12324);
#3781=VERTEX_POINT('',#12328);
#3782=VERTEX_POINT('',#12330);
#3783=VERTEX_POINT('',#12339);
#3784=VERTEX_POINT('',#12341);
#3785=VERTEX_POINT('',#12345);
#3786=VERTEX_POINT('',#12346);
#3787=VERTEX_POINT('',#12348);
#3788=VERTEX_POINT('',#12350);
#3789=VERTEX_POINT('',#12354);
#3790=VERTEX_POINT('',#12356);
#3791=VERTEX_POINT('',#12360);
#3792=VERTEX_POINT('',#12362);
#3793=VERTEX_POINT('',#12366);
#3794=VERTEX_POINT('',#12368);
#3795=VERTEX_POINT('',#12372);
#3796=VERTEX_POINT('',#12374);
#3797=VERTEX_POINT('',#12383);
#3798=VERTEX_POINT('',#12384);
#3799=VERTEX_POINT('',#12386);
#3800=VERTEX_POINT('',#12388);
#3801=VERTEX_POINT('',#12392);
#3802=VERTEX_POINT('',#12394);
#3803=VERTEX_POINT('',#12398);
#3804=VERTEX_POINT('',#12400);
#3805=VERTEX_POINT('',#12404);
#3806=VERTEX_POINT('',#12406);
#3807=VERTEX_POINT('',#12410);
#3808=VERTEX_POINT('',#12412);
#3809=VERTEX_POINT('',#12419);
#3810=VERTEX_POINT('',#12422);
#3811=VERTEX_POINT('',#12423);
#3812=VERTEX_POINT('',#12425);
#3813=VERTEX_POINT('',#12427);
#3814=VERTEX_POINT('',#12431);
#3815=VERTEX_POINT('',#12433);
#3816=VERTEX_POINT('',#12437);
#3817=VERTEX_POINT('',#12439);
#3818=VERTEX_POINT('',#12443);
#3819=VERTEX_POINT('',#12445);
#3820=VERTEX_POINT('',#12449);
#3821=VERTEX_POINT('',#12451);
#3822=VERTEX_POINT('',#12458);
#3823=VERTEX_POINT('',#12461);
#3824=VERTEX_POINT('',#12462);
#3825=VERTEX_POINT('',#12464);
#3826=VERTEX_POINT('',#12466);
#3827=VERTEX_POINT('',#12470);
#3828=VERTEX_POINT('',#12472);
#3829=VERTEX_POINT('',#12476);
#3830=VERTEX_POINT('',#12478);
#3831=VERTEX_POINT('',#12482);
#3832=VERTEX_POINT('',#12484);
#3833=VERTEX_POINT('',#12488);
#3834=VERTEX_POINT('',#12490);
#3835=VERTEX_POINT('',#12497);
#3836=VERTEX_POINT('',#12500);
#3837=VERTEX_POINT('',#12502);
#3838=VERTEX_POINT('',#12506);
#3839=VERTEX_POINT('',#12509);
#3840=VERTEX_POINT('',#12511);
#3841=VERTEX_POINT('',#12515);
#3842=VERTEX_POINT('',#12518);
#3843=VERTEX_POINT('',#12520);
#3844=VERTEX_POINT('',#12524);
#3845=VERTEX_POINT('',#12527);
#3846=VERTEX_POINT('',#12531);
#3847=VERTEX_POINT('',#12535);
#3848=VERTEX_POINT('',#12539);
#3849=VERTEX_POINT('',#12543);
#3850=VERTEX_POINT('',#12547);
#3851=VERTEX_POINT('',#12551);
#3852=VERTEX_POINT('',#12553);
#3853=VERTEX_POINT('',#12557);
#3854=VERTEX_POINT('',#12560);
#3855=VERTEX_POINT('',#12562);
#3856=VERTEX_POINT('',#12567);
#3857=VERTEX_POINT('',#12569);
#3858=VERTEX_POINT('',#12574);
#3859=VERTEX_POINT('',#12578);
#3860=VERTEX_POINT('',#12579);
#3861=VERTEX_POINT('',#12581);
#3862=VERTEX_POINT('',#12583);
#3863=VERTEX_POINT('',#12585);
#3864=VERTEX_POINT('',#12589);
#3865=VERTEX_POINT('',#12591);
#3866=VERTEX_POINT('',#12595);
#3867=VERTEX_POINT('',#12597);
#3868=VERTEX_POINT('',#12599);
#3869=VERTEX_POINT('',#12603);
#3870=VERTEX_POINT('',#12605);
#3871=VERTEX_POINT('',#12607);
#3872=VERTEX_POINT('',#12609);
#3873=VERTEX_POINT('',#12613);
#3874=VERTEX_POINT('',#12617);
#3875=VERTEX_POINT('',#12621);
#3876=VERTEX_POINT('',#12623);
#3877=VERTEX_POINT('',#12625);
#3878=VERTEX_POINT('',#12629);
#3879=VERTEX_POINT('',#12640);
#3880=VERTEX_POINT('',#12642);
#3881=VERTEX_POINT('',#12646);
#3882=VERTEX_POINT('',#12648);
#3883=VERTEX_POINT('',#12652);
#3884=VERTEX_POINT('',#12654);
#3885=VERTEX_POINT('',#12658);
#3886=VERTEX_POINT('',#12659);
#3887=VERTEX_POINT('',#12661);
#3888=VERTEX_POINT('',#12663);
#3889=VERTEX_POINT('',#12667);
#3890=VERTEX_POINT('',#12669);
#3891=VERTEX_POINT('',#12673);
#3892=VERTEX_POINT('',#12675);
#3893=VERTEX_POINT('',#12679);
#3894=VERTEX_POINT('',#12681);
#3895=VERTEX_POINT('',#12685);
#3896=VERTEX_POINT('',#12687);
#3897=VERTEX_POINT('',#12694);
#3898=VERTEX_POINT('',#12695);
#3899=VERTEX_POINT('',#12697);
#3900=VERTEX_POINT('',#12699);
#3901=VERTEX_POINT('',#12703);
#3902=VERTEX_POINT('',#12705);
#3903=VERTEX_POINT('',#12709);
#3904=VERTEX_POINT('',#12711);
#3905=VERTEX_POINT('',#12715);
#3906=VERTEX_POINT('',#12717);
#3907=VERTEX_POINT('',#12721);
#3908=VERTEX_POINT('',#12723);
#3909=VERTEX_POINT('',#12727);
#3910=VERTEX_POINT('',#12729);
#3911=VERTEX_POINT('',#12733);
#3912=VERTEX_POINT('',#12735);
#3913=VERTEX_POINT('',#12742);
#3914=VERTEX_POINT('',#12743);
#3915=VERTEX_POINT('',#12745);
#3916=VERTEX_POINT('',#12747);
#3917=VERTEX_POINT('',#12751);
#3918=VERTEX_POINT('',#12753);
#3919=VERTEX_POINT('',#12757);
#3920=VERTEX_POINT('',#12759);
#3921=VERTEX_POINT('',#12763);
#3922=VERTEX_POINT('',#12765);
#3923=VERTEX_POINT('',#12769);
#3924=VERTEX_POINT('',#12771);
#3925=VERTEX_POINT('',#12775);
#3926=VERTEX_POINT('',#12777);
#3927=VERTEX_POINT('',#12781);
#3928=VERTEX_POINT('',#12783);
#3929=VERTEX_POINT('',#12790);
#3930=VERTEX_POINT('',#12791);
#3931=VERTEX_POINT('',#12793);
#3932=VERTEX_POINT('',#12795);
#3933=VERTEX_POINT('',#12799);
#3934=VERTEX_POINT('',#12801);
#3935=VERTEX_POINT('',#12805);
#3936=VERTEX_POINT('',#12807);
#3937=VERTEX_POINT('',#12811);
#3938=VERTEX_POINT('',#12813);
#3939=VERTEX_POINT('',#12817);
#3940=VERTEX_POINT('',#12819);
#3941=VERTEX_POINT('',#12823);
#3942=VERTEX_POINT('',#12825);
#3943=VERTEX_POINT('',#12829);
#3944=VERTEX_POINT('',#12831);
#3945=VERTEX_POINT('',#12838);
#3946=VERTEX_POINT('',#12839);
#3947=VERTEX_POINT('',#12841);
#3948=VERTEX_POINT('',#12843);
#3949=VERTEX_POINT('',#12847);
#3950=VERTEX_POINT('',#12849);
#3951=VERTEX_POINT('',#12853);
#3952=VERTEX_POINT('',#12855);
#3953=VERTEX_POINT('',#12859);
#3954=VERTEX_POINT('',#12861);
#3955=VERTEX_POINT('',#12865);
#3956=VERTEX_POINT('',#12867);
#3957=VERTEX_POINT('',#12871);
#3958=VERTEX_POINT('',#12873);
#3959=VERTEX_POINT('',#12877);
#3960=VERTEX_POINT('',#12879);
#3961=VERTEX_POINT('',#12886);
#3962=VERTEX_POINT('',#12887);
#3963=VERTEX_POINT('',#12889);
#3964=VERTEX_POINT('',#12891);
#3965=VERTEX_POINT('',#12895);
#3966=VERTEX_POINT('',#12897);
#3967=VERTEX_POINT('',#12901);
#3968=VERTEX_POINT('',#12903);
#3969=VERTEX_POINT('',#12907);
#3970=VERTEX_POINT('',#12909);
#3971=VERTEX_POINT('',#12916);
#3972=VERTEX_POINT('',#12917);
#3973=VERTEX_POINT('',#12919);
#3974=VERTEX_POINT('',#12921);
#3975=VERTEX_POINT('',#12923);
#3976=VERTEX_POINT('',#12925);
#3977=VERTEX_POINT('',#12927);
#3978=VERTEX_POINT('',#12929);
#3979=VERTEX_POINT('',#12931);
#3980=VERTEX_POINT('',#12933);
#3981=VERTEX_POINT('',#12935);
#3982=VERTEX_POINT('',#12937);
#3983=VERTEX_POINT('',#12939);
#3984=VERTEX_POINT('',#12941);
#3985=VERTEX_POINT('',#12943);
#3986=VERTEX_POINT('',#12945);
#3987=VERTEX_POINT('',#12947);
#3988=VERTEX_POINT('',#12949);
#3989=VERTEX_POINT('',#12951);
#3990=VERTEX_POINT('',#12953);
#3991=VERTEX_POINT('',#12955);
#3992=VERTEX_POINT('',#12957);
#3993=VERTEX_POINT('',#12959);
#3994=VERTEX_POINT('',#12961);
#3995=VERTEX_POINT('',#12963);
#3996=VERTEX_POINT('',#12965);
#3997=VERTEX_POINT('',#12967);
#3998=VERTEX_POINT('',#12969);
#3999=VERTEX_POINT('',#12971);
#4000=VERTEX_POINT('',#12973);
#4001=VERTEX_POINT('',#12975);
#4002=VERTEX_POINT('',#12977);
#4003=VERTEX_POINT('',#12979);
#4004=VERTEX_POINT('',#12981);
#4005=VERTEX_POINT('',#12983);
#4006=VERTEX_POINT('',#12985);
#4007=VERTEX_POINT('',#12987);
#4008=VERTEX_POINT('',#12989);
#4009=VERTEX_POINT('',#12991);
#4010=VERTEX_POINT('',#12993);
#4011=VERTEX_POINT('',#12995);
#4012=VERTEX_POINT('',#12997);
#4013=VERTEX_POINT('',#12999);
#4014=VERTEX_POINT('',#13001);
#4015=VERTEX_POINT('',#13003);
#4016=VERTEX_POINT('',#13007);
#4017=VERTEX_POINT('',#13009);
#4018=VERTEX_POINT('',#13013);
#4019=VERTEX_POINT('',#13017);
#4020=VERTEX_POINT('',#13021);
#4021=VERTEX_POINT('',#13025);
#4022=VERTEX_POINT('',#13029);
#4023=VERTEX_POINT('',#13033);
#4024=VERTEX_POINT('',#13037);
#4025=VERTEX_POINT('',#13041);
#4026=VERTEX_POINT('',#13045);
#4027=VERTEX_POINT('',#13049);
#4028=VERTEX_POINT('',#13053);
#4029=VERTEX_POINT('',#13057);
#4030=VERTEX_POINT('',#13061);
#4031=VERTEX_POINT('',#13065);
#4032=VERTEX_POINT('',#13069);
#4033=VERTEX_POINT('',#13073);
#4034=VERTEX_POINT('',#13077);
#4035=VERTEX_POINT('',#13081);
#4036=VERTEX_POINT('',#13085);
#4037=VERTEX_POINT('',#13089);
#4038=VERTEX_POINT('',#13093);
#4039=VERTEX_POINT('',#13097);
#4040=VERTEX_POINT('',#13101);
#4041=VERTEX_POINT('',#13105);
#4042=VERTEX_POINT('',#13109);
#4043=VERTEX_POINT('',#13113);
#4044=VERTEX_POINT('',#13117);
#4045=VERTEX_POINT('',#13121);
#4046=VERTEX_POINT('',#13125);
#4047=VERTEX_POINT('',#13129);
#4048=VERTEX_POINT('',#13133);
#4049=VERTEX_POINT('',#13137);
#4050=VERTEX_POINT('',#13141);
#4051=VERTEX_POINT('',#13145);
#4052=VERTEX_POINT('',#13149);
#4053=VERTEX_POINT('',#13153);
#4054=VERTEX_POINT('',#13157);
#4055=VERTEX_POINT('',#13161);
#4056=VERTEX_POINT('',#13165);
#4057=VERTEX_POINT('',#13169);
#4058=VERTEX_POINT('',#13173);
#4059=VERTEX_POINT('',#13177);
#4060=VERTEX_POINT('',#13181);
#4061=EDGE_CURVE('',#3329,#3330,#1381,.T.);
#4062=EDGE_CURVE('',#3329,#3331,#1382,.T.);
#4063=EDGE_CURVE('',#3331,#3332,#1383,.T.);
#4064=EDGE_CURVE('',#3330,#3332,#1384,.T.);
#4065=EDGE_CURVE('',#3333,#3329,#1385,.T.);
#4066=EDGE_CURVE('',#3333,#3334,#1386,.T.);
#4067=EDGE_CURVE('',#3334,#3331,#1387,.T.);
#4068=EDGE_CURVE('',#3335,#3333,#1388,.T.);
#4069=EDGE_CURVE('',#3335,#3336,#1389,.T.);
#4070=EDGE_CURVE('',#3336,#3334,#1390,.T.);
#4071=EDGE_CURVE('',#3337,#3335,#1391,.T.);
#4072=EDGE_CURVE('',#3337,#3338,#1392,.T.);
#4073=EDGE_CURVE('',#3338,#3336,#1393,.T.);
#4074=EDGE_CURVE('',#3339,#3337,#1394,.T.);
#4075=EDGE_CURVE('',#3339,#3340,#1395,.T.);
#4076=EDGE_CURVE('',#3340,#3338,#1396,.T.);
#4077=EDGE_CURVE('',#3330,#3339,#1397,.T.);
#4078=EDGE_CURVE('',#3332,#3340,#1398,.T.);
#4079=EDGE_CURVE('',#3341,#3341,#197,.T.);
#4080=EDGE_CURVE('',#3341,#3342,#1399,.T.);
#4081=EDGE_CURVE('',#3342,#3342,#198,.T.);
#4082=EDGE_CURVE('',#3343,#3343,#199,.T.);
#4083=EDGE_CURVE('',#3343,#3344,#1400,.T.);
#4084=EDGE_CURVE('',#3344,#3344,#200,.T.);
#4085=EDGE_CURVE('',#3345,#3346,#1401,.T.);
#4086=EDGE_CURVE('',#3345,#3347,#1402,.T.);
#4087=EDGE_CURVE('',#3347,#3348,#1403,.T.);
#4088=EDGE_CURVE('',#3346,#3348,#1404,.T.);
#4089=EDGE_CURVE('',#3349,#3345,#1405,.T.);
#4090=EDGE_CURVE('',#3349,#3350,#1406,.T.);
#4091=EDGE_CURVE('',#3350,#3347,#1407,.T.);
#4092=EDGE_CURVE('',#3351,#3349,#1408,.T.);
#4093=EDGE_CURVE('',#3351,#3352,#1409,.T.);
#4094=EDGE_CURVE('',#3352,#3350,#1410,.T.);
#4095=EDGE_CURVE('',#3353,#3351,#1411,.T.);
#4096=EDGE_CURVE('',#3353,#3354,#1412,.T.);
#4097=EDGE_CURVE('',#3354,#3352,#1413,.T.);
#4098=EDGE_CURVE('',#3355,#3353,#1414,.T.);
#4099=EDGE_CURVE('',#3355,#3356,#1415,.T.);
#4100=EDGE_CURVE('',#3356,#3354,#1416,.T.);
#4101=EDGE_CURVE('',#3346,#3355,#1417,.T.);
#4102=EDGE_CURVE('',#3348,#3356,#1418,.T.);
#4103=EDGE_CURVE('',#3357,#3357,#201,.T.);
#4104=EDGE_CURVE('',#3357,#3358,#1419,.T.);
#4105=EDGE_CURVE('',#3358,#3358,#202,.T.);
#4106=EDGE_CURVE('',#3359,#3359,#203,.T.);
#4107=EDGE_CURVE('',#3359,#3360,#1420,.T.);
#4108=EDGE_CURVE('',#3360,#3360,#204,.T.);
#4109=EDGE_CURVE('',#3361,#3362,#1421,.T.);
#4110=EDGE_CURVE('',#3361,#3363,#1422,.T.);
#4111=EDGE_CURVE('',#3363,#3364,#1423,.T.);
#4112=EDGE_CURVE('',#3362,#3364,#1424,.T.);
#4113=EDGE_CURVE('',#3365,#3361,#1425,.T.);
#4114=EDGE_CURVE('',#3365,#3366,#1426,.T.);
#4115=EDGE_CURVE('',#3366,#3363,#1427,.T.);
#4116=EDGE_CURVE('',#3367,#3365,#1428,.T.);
#4117=EDGE_CURVE('',#3367,#3368,#1429,.T.);
#4118=EDGE_CURVE('',#3368,#3366,#1430,.T.);
#4119=EDGE_CURVE('',#3369,#3367,#1431,.T.);
#4120=EDGE_CURVE('',#3369,#3370,#1432,.T.);
#4121=EDGE_CURVE('',#3370,#3368,#1433,.T.);
#4122=EDGE_CURVE('',#3371,#3369,#1434,.T.);
#4123=EDGE_CURVE('',#3371,#3372,#1435,.T.);
#4124=EDGE_CURVE('',#3372,#3370,#1436,.T.);
#4125=EDGE_CURVE('',#3362,#3371,#1437,.T.);
#4126=EDGE_CURVE('',#3364,#3372,#1438,.T.);
#4127=EDGE_CURVE('',#3373,#3373,#205,.T.);
#4128=EDGE_CURVE('',#3373,#3374,#1439,.T.);
#4129=EDGE_CURVE('',#3374,#3374,#206,.T.);
#4130=EDGE_CURVE('',#3375,#3375,#207,.T.);
#4131=EDGE_CURVE('',#3375,#3376,#1440,.T.);
#4132=EDGE_CURVE('',#3376,#3376,#208,.T.);
#4133=EDGE_CURVE('',#3377,#3377,#209,.T.);
#4134=EDGE_CURVE('',#3377,#3378,#1441,.T.);
#4135=EDGE_CURVE('',#3378,#3378,#210,.T.);
#4136=EDGE_CURVE('',#3379,#3379,#211,.T.);
#4137=EDGE_CURVE('',#3379,#3380,#1442,.T.);
#4138=EDGE_CURVE('',#3380,#3380,#212,.T.);
#4139=EDGE_CURVE('',#3381,#3381,#213,.T.);
#4140=EDGE_CURVE('',#3381,#3382,#1443,.T.);
#4141=EDGE_CURVE('',#3382,#3382,#214,.T.);
#4142=EDGE_CURVE('',#3383,#3383,#215,.T.);
#4143=EDGE_CURVE('',#3383,#3384,#1444,.T.);
#4144=EDGE_CURVE('',#3384,#3384,#216,.T.);
#4145=EDGE_CURVE('',#3385,#3385,#217,.T.);
#4146=EDGE_CURVE('',#3385,#3386,#1445,.T.);
#4147=EDGE_CURVE('',#3386,#3386,#218,.T.);
#4148=EDGE_CURVE('',#3387,#3387,#219,.T.);
#4149=EDGE_CURVE('',#3387,#3388,#1446,.T.);
#4150=EDGE_CURVE('',#3388,#3388,#220,.T.);
#4151=EDGE_CURVE('',#3389,#3389,#221,.T.);
#4152=EDGE_CURVE('',#3389,#3390,#1447,.T.);
#4153=EDGE_CURVE('',#3390,#3390,#222,.T.);
#4154=EDGE_CURVE('',#3391,#3392,#1448,.T.);
#4155=EDGE_CURVE('',#3391,#3393,#1449,.T.);
#4156=EDGE_CURVE('',#3394,#3393,#1450,.T.);
#4157=EDGE_CURVE('',#3392,#3394,#1451,.T.);
#4158=EDGE_CURVE('',#3392,#3395,#1452,.T.);
#4159=EDGE_CURVE('',#3396,#3394,#1453,.T.);
#4160=EDGE_CURVE('',#3395,#3396,#1454,.T.);
#4161=EDGE_CURVE('',#3395,#3397,#1455,.T.);
#4162=EDGE_CURVE('',#3398,#3396,#1456,.T.);
#4163=EDGE_CURVE('',#3397,#3398,#1457,.T.);
#4164=EDGE_CURVE('',#3397,#3399,#1458,.T.);
#4165=EDGE_CURVE('',#3400,#3398,#1459,.T.);
#4166=EDGE_CURVE('',#3399,#3400,#1460,.T.);
#4167=EDGE_CURVE('',#3399,#3401,#1461,.T.);
#4168=EDGE_CURVE('',#3402,#3400,#1462,.T.);
#4169=EDGE_CURVE('',#3401,#3402,#1463,.T.);
#4170=EDGE_CURVE('',#3401,#3391,#1464,.T.);
#4171=EDGE_CURVE('',#3393,#3402,#1465,.T.);
#4172=EDGE_CURVE('',#3403,#3403,#223,.T.);
#4173=EDGE_CURVE('',#3403,#3404,#1466,.T.);
#4174=EDGE_CURVE('',#3404,#3404,#224,.T.);
#4175=EDGE_CURVE('',#3405,#3406,#1467,.T.);
#4176=EDGE_CURVE('',#3405,#3407,#1468,.T.);
#4177=EDGE_CURVE('',#3408,#3407,#1469,.T.);
#4178=EDGE_CURVE('',#3406,#3408,#1470,.T.);
#4179=EDGE_CURVE('',#3406,#3409,#1471,.T.);
#4180=EDGE_CURVE('',#3410,#3408,#1472,.T.);
#4181=EDGE_CURVE('',#3409,#3410,#1473,.T.);
#4182=EDGE_CURVE('',#3409,#3411,#1474,.T.);
#4183=EDGE_CURVE('',#3412,#3410,#1475,.T.);
#4184=EDGE_CURVE('',#3411,#3412,#1476,.T.);
#4185=EDGE_CURVE('',#3411,#3413,#1477,.T.);
#4186=EDGE_CURVE('',#3414,#3412,#1478,.T.);
#4187=EDGE_CURVE('',#3413,#3414,#1479,.T.);
#4188=EDGE_CURVE('',#3413,#3415,#1480,.T.);
#4189=EDGE_CURVE('',#3416,#3414,#1481,.T.);
#4190=EDGE_CURVE('',#3415,#3416,#1482,.T.);
#4191=EDGE_CURVE('',#3415,#3405,#1483,.T.);
#4192=EDGE_CURVE('',#3407,#3416,#1484,.T.);
#4193=EDGE_CURVE('',#3417,#3417,#225,.T.);
#4194=EDGE_CURVE('',#3417,#3418,#1485,.T.);
#4195=EDGE_CURVE('',#3418,#3418,#226,.T.);
#4196=EDGE_CURVE('',#3419,#3420,#1486,.T.);
#4197=EDGE_CURVE('',#3419,#3421,#1487,.T.);
#4198=EDGE_CURVE('',#3422,#3421,#1488,.T.);
#4199=EDGE_CURVE('',#3420,#3422,#1489,.T.);
#4200=EDGE_CURVE('',#3420,#3423,#1490,.T.);
#4201=EDGE_CURVE('',#3424,#3422,#1491,.T.);
#4202=EDGE_CURVE('',#3423,#3424,#1492,.T.);
#4203=EDGE_CURVE('',#3423,#3425,#1493,.T.);
#4204=EDGE_CURVE('',#3426,#3424,#1494,.T.);
#4205=EDGE_CURVE('',#3425,#3426,#1495,.T.);
#4206=EDGE_CURVE('',#3425,#3427,#1496,.T.);
#4207=EDGE_CURVE('',#3428,#3426,#1497,.T.);
#4208=EDGE_CURVE('',#3427,#3428,#1498,.T.);
#4209=EDGE_CURVE('',#3427,#3429,#1499,.T.);
#4210=EDGE_CURVE('',#3430,#3428,#1500,.T.);
#4211=EDGE_CURVE('',#3429,#3430,#1501,.T.);
#4212=EDGE_CURVE('',#3429,#3419,#1502,.T.);
#4213=EDGE_CURVE('',#3421,#3430,#1503,.T.);
#4214=EDGE_CURVE('',#3431,#3432,#1504,.T.);
#4215=EDGE_CURVE('',#3431,#3433,#1505,.T.);
#4216=EDGE_CURVE('',#3433,#3434,#1506,.T.);
#4217=EDGE_CURVE('',#3432,#3434,#1507,.T.);
#4218=EDGE_CURVE('',#3435,#3431,#1508,.T.);
#4219=EDGE_CURVE('',#3435,#3436,#1509,.T.);
#4220=EDGE_CURVE('',#3436,#3433,#1510,.T.);
#4221=EDGE_CURVE('',#3437,#3435,#1511,.T.);
#4222=EDGE_CURVE('',#3437,#3438,#1512,.T.);
#4223=EDGE_CURVE('',#3438,#3436,#1513,.T.);
#4224=EDGE_CURVE('',#3439,#3437,#1514,.T.);
#4225=EDGE_CURVE('',#3439,#3440,#1515,.T.);
#4226=EDGE_CURVE('',#3440,#3438,#1516,.T.);
#4227=EDGE_CURVE('',#3441,#3439,#1517,.T.);
#4228=EDGE_CURVE('',#3441,#3442,#1518,.T.);
#4229=EDGE_CURVE('',#3442,#3440,#1519,.T.);
#4230=EDGE_CURVE('',#3432,#3441,#1520,.T.);
#4231=EDGE_CURVE('',#3434,#3442,#1521,.T.);
#4232=EDGE_CURVE('',#3443,#3443,#227,.T.);
#4233=EDGE_CURVE('',#3444,#3445,#1522,.T.);
#4234=EDGE_CURVE('',#3444,#3446,#1523,.T.);
#4235=EDGE_CURVE('',#3446,#3447,#1524,.T.);
#4236=EDGE_CURVE('',#3445,#3447,#1525,.T.);
#4237=EDGE_CURVE('',#3448,#3444,#1526,.T.);
#4238=EDGE_CURVE('',#3448,#3449,#1527,.T.);
#4239=EDGE_CURVE('',#3449,#3446,#1528,.T.);
#4240=EDGE_CURVE('',#3450,#3448,#1529,.T.);
#4241=EDGE_CURVE('',#3450,#3451,#1530,.T.);
#4242=EDGE_CURVE('',#3451,#3449,#1531,.T.);
#4243=EDGE_CURVE('',#3452,#3450,#1532,.T.);
#4244=EDGE_CURVE('',#3452,#3453,#1533,.T.);
#4245=EDGE_CURVE('',#3453,#3451,#1534,.T.);
#4246=EDGE_CURVE('',#3454,#3452,#1535,.T.);
#4247=EDGE_CURVE('',#3454,#3455,#1536,.T.);
#4248=EDGE_CURVE('',#3455,#3453,#1537,.T.);
#4249=EDGE_CURVE('',#3445,#3454,#1538,.T.);
#4250=EDGE_CURVE('',#3447,#3455,#1539,.T.);
#4251=EDGE_CURVE('',#3456,#3456,#228,.T.);
#4252=EDGE_CURVE('',#3457,#3458,#1540,.T.);
#4253=EDGE_CURVE('',#3457,#3459,#1541,.T.);
#4254=EDGE_CURVE('',#3459,#3460,#1542,.T.);
#4255=EDGE_CURVE('',#3458,#3460,#1543,.T.);
#4256=EDGE_CURVE('',#3461,#3457,#1544,.T.);
#4257=EDGE_CURVE('',#3461,#3462,#1545,.T.);
#4258=EDGE_CURVE('',#3462,#3459,#1546,.T.);
#4259=EDGE_CURVE('',#3463,#3461,#1547,.T.);
#4260=EDGE_CURVE('',#3463,#3464,#1548,.T.);
#4261=EDGE_CURVE('',#3464,#3462,#1549,.T.);
#4262=EDGE_CURVE('',#3465,#3463,#1550,.T.);
#4263=EDGE_CURVE('',#3465,#3466,#1551,.T.);
#4264=EDGE_CURVE('',#3466,#3464,#1552,.T.);
#4265=EDGE_CURVE('',#3467,#3465,#1553,.T.);
#4266=EDGE_CURVE('',#3467,#3468,#1554,.T.);
#4267=EDGE_CURVE('',#3468,#3466,#1555,.T.);
#4268=EDGE_CURVE('',#3458,#3467,#1556,.T.);
#4269=EDGE_CURVE('',#3460,#3468,#1557,.T.);
#4270=EDGE_CURVE('',#3469,#3469,#229,.T.);
#4271=EDGE_CURVE('',#3470,#3470,#230,.T.);
#4272=EDGE_CURVE('',#3470,#3471,#1558,.T.);
#4273=EDGE_CURVE('',#3471,#3471,#231,.T.);
#4274=EDGE_CURVE('',#3472,#3472,#232,.T.);
#4275=EDGE_CURVE('',#3473,#3473,#233,.T.);
#4276=EDGE_CURVE('',#3473,#3474,#1559,.T.);
#4277=EDGE_CURVE('',#3474,#3474,#234,.T.);
#4278=EDGE_CURVE('',#3475,#3475,#235,.T.);
#4279=EDGE_CURVE('',#3476,#3476,#236,.T.);
#4280=EDGE_CURVE('',#3476,#3477,#1560,.T.);
#4281=EDGE_CURVE('',#3477,#3477,#237,.T.);
#4282=EDGE_CURVE('',#3478,#3478,#238,.T.);
#4283=EDGE_CURVE('',#3443,#3479,#1561,.T.);
#4284=EDGE_CURVE('',#3479,#3479,#239,.T.);
#4285=EDGE_CURVE('',#3480,#3480,#240,.T.);
#4286=EDGE_CURVE('',#3480,#3472,#1562,.T.);
#4287=EDGE_CURVE('',#3456,#3481,#1563,.T.);
#4288=EDGE_CURVE('',#3481,#3481,#241,.T.);
#4289=EDGE_CURVE('',#3482,#3482,#242,.T.);
#4290=EDGE_CURVE('',#3482,#3475,#1564,.T.);
#4291=EDGE_CURVE('',#3469,#3483,#1565,.T.);
#4292=EDGE_CURVE('',#3483,#3483,#243,.T.);
#4293=EDGE_CURVE('',#3484,#3484,#244,.T.);
#4294=EDGE_CURVE('',#3484,#3478,#1566,.T.);
#4295=EDGE_CURVE('',#3485,#3485,#245,.T.);
#4296=EDGE_CURVE('',#3485,#3486,#1567,.T.);
#4297=EDGE_CURVE('',#3486,#3486,#246,.T.);
#4298=EDGE_CURVE('',#3487,#3487,#247,.T.);
#4299=EDGE_CURVE('',#3488,#3488,#248,.T.);
#4300=EDGE_CURVE('',#3488,#3489,#1568,.T.);
#4301=EDGE_CURVE('',#3489,#3489,#249,.T.);
#4302=EDGE_CURVE('',#3490,#3490,#250,.T.);
#4303=EDGE_CURVE('',#3490,#3491,#1569,.T.);
#4304=EDGE_CURVE('',#3491,#3491,#251,.T.);
#4305=EDGE_CURVE('',#3492,#3492,#252,.T.);
#4306=EDGE_CURVE('',#3492,#3487,#1570,.T.);
#4307=EDGE_CURVE('',#3493,#3494,#1571,.T.);
#4308=EDGE_CURVE('',#3493,#3495,#1572,.T.);
#4309=EDGE_CURVE('',#3496,#3495,#1573,.T.);
#4310=EDGE_CURVE('',#3497,#3496,#1574,.T.);
#4311=EDGE_CURVE('',#3494,#3497,#1575,.T.);
#4312=EDGE_CURVE('',#3498,#3493,#1576,.T.);
#4313=EDGE_CURVE('',#3498,#3499,#1577,.T.);
#4314=EDGE_CURVE('',#3495,#3499,#1578,.T.);
#4315=EDGE_CURVE('',#3500,#3498,#1579,.T.);
#4316=EDGE_CURVE('',#3501,#3500,#1580,.T.);
#4317=EDGE_CURVE('',#3502,#3501,#1581,.T.);
#4318=EDGE_CURVE('',#3499,#3502,#1582,.T.);
#4319=EDGE_CURVE('',#3503,#3494,#1583,.T.);
#4320=EDGE_CURVE('',#3504,#3503,#1584,.T.);
#4321=EDGE_CURVE('',#3505,#3504,#1585,.T.);
#4322=EDGE_CURVE('',#3506,#3505,#1586,.T.);
#4323=EDGE_CURVE('',#3500,#3506,#1587,.T.);
#4324=EDGE_CURVE('',#3497,#3507,#1588,.T.);
#4325=EDGE_CURVE('',#3503,#3507,#1589,.T.);
#4326=EDGE_CURVE('',#3496,#3508,#1590,.T.);
#4327=EDGE_CURVE('',#3507,#3508,#1591,.T.);
#4328=EDGE_CURVE('',#3509,#3506,#1592,.T.);
#4329=EDGE_CURVE('',#3505,#3510,#1593,.T.);
#4330=EDGE_CURVE('',#3510,#3511,#1594,.T.);
#4331=EDGE_CURVE('',#3511,#3509,#1595,.T.);
#4332=EDGE_CURVE('',#3512,#3504,#1596,.T.);
#4333=EDGE_CURVE('',#3510,#3512,#1597,.T.);
#4334=EDGE_CURVE('',#3511,#3502,#1598,.T.);
#4335=EDGE_CURVE('',#3508,#3512,#1599,.T.);
#4336=EDGE_CURVE('',#3509,#3501,#1600,.T.);
#4337=EDGE_CURVE('',#3513,#3513,#253,.T.);
#4338=EDGE_CURVE('',#3513,#3514,#1601,.T.);
#4339=EDGE_CURVE('',#3514,#3514,#254,.T.);
#4340=EDGE_CURVE('',#3515,#3515,#255,.T.);
#4341=EDGE_CURVE('',#3515,#3516,#1602,.T.);
#4342=EDGE_CURVE('',#3516,#3516,#256,.T.);
#4343=EDGE_CURVE('',#3517,#3517,#257,.T.);
#4344=EDGE_CURVE('',#3517,#3518,#1603,.T.);
#4345=EDGE_CURVE('',#3518,#3518,#258,.T.);
#4346=EDGE_CURVE('',#3519,#3520,#1604,.T.);
#4347=EDGE_CURVE('',#3519,#3521,#1605,.T.);
#4348=EDGE_CURVE('',#3522,#3521,#1606,.T.);
#4349=EDGE_CURVE('',#3520,#3522,#1607,.T.);
#4350=EDGE_CURVE('',#3520,#3523,#1608,.T.);
#4351=EDGE_CURVE('',#3524,#3522,#1609,.T.);
#4352=EDGE_CURVE('',#3523,#3524,#1610,.T.);
#4353=EDGE_CURVE('',#3523,#3525,#1611,.T.);
#4354=EDGE_CURVE('',#3526,#3524,#1612,.T.);
#4355=EDGE_CURVE('',#3525,#3526,#1613,.T.);
#4356=EDGE_CURVE('',#3525,#3527,#1614,.T.);
#4357=EDGE_CURVE('',#3528,#3526,#1615,.T.);
#4358=EDGE_CURVE('',#3528,#3527,#1616,.T.);
#4359=EDGE_CURVE('',#3529,#3519,#1617,.T.);
#4360=EDGE_CURVE('',#3529,#3530,#1618,.T.);
#4361=EDGE_CURVE('',#3521,#3530,#1619,.T.);
#4362=EDGE_CURVE('',#3527,#3529,#1620,.T.);
#4363=EDGE_CURVE('',#3530,#3528,#1621,.T.);
#4364=EDGE_CURVE('',#3531,#3532,#1622,.T.);
#4365=EDGE_CURVE('',#3531,#3533,#1623,.T.);
#4366=EDGE_CURVE('',#3534,#3533,#1624,.T.);
#4367=EDGE_CURVE('',#3532,#3534,#1625,.T.);
#4368=EDGE_CURVE('',#3532,#3535,#1626,.T.);
#4369=EDGE_CURVE('',#3536,#3534,#1627,.T.);
#4370=EDGE_CURVE('',#3535,#3536,#1628,.T.);
#4371=EDGE_CURVE('',#3535,#3537,#1629,.T.);
#4372=EDGE_CURVE('',#3538,#3536,#1630,.T.);
#4373=EDGE_CURVE('',#3537,#3538,#1631,.T.);
#4374=EDGE_CURVE('',#3537,#3539,#1632,.T.);
#4375=EDGE_CURVE('',#3540,#3538,#1633,.T.);
#4376=EDGE_CURVE('',#3539,#3540,#1634,.T.);
#4377=EDGE_CURVE('',#3539,#3541,#1635,.T.);
#4378=EDGE_CURVE('',#3542,#3540,#1636,.T.);
#4379=EDGE_CURVE('',#3542,#3541,#1637,.T.);
#4380=EDGE_CURVE('',#3543,#3531,#1638,.T.);
#4381=EDGE_CURVE('',#3543,#3544,#1639,.T.);
#4382=EDGE_CURVE('',#3533,#3544,#1640,.T.);
#4383=EDGE_CURVE('',#3545,#3543,#1641,.T.);
#4384=EDGE_CURVE('',#3545,#3546,#1642,.T.);
#4385=EDGE_CURVE('',#3544,#3546,#1643,.T.);
#4386=EDGE_CURVE('',#3541,#3545,#1644,.T.);
#4387=EDGE_CURVE('',#3546,#3542,#1645,.T.);
#4388=EDGE_CURVE('',#3547,#3548,#1646,.T.);
#4389=EDGE_CURVE('',#3547,#3549,#1647,.T.);
#4390=EDGE_CURVE('',#3550,#3549,#1648,.T.);
#4391=EDGE_CURVE('',#3548,#3550,#1649,.T.);
#4392=EDGE_CURVE('',#3548,#3551,#1650,.T.);
#4393=EDGE_CURVE('',#3552,#3550,#1651,.T.);
#4394=EDGE_CURVE('',#3551,#3552,#1652,.T.);
#4395=EDGE_CURVE('',#3551,#3553,#1653,.T.);
#4396=EDGE_CURVE('',#3554,#3552,#1654,.T.);
#4397=EDGE_CURVE('',#3553,#3554,#1655,.T.);
#4398=EDGE_CURVE('',#3553,#3555,#1656,.T.);
#4399=EDGE_CURVE('',#3556,#3554,#1657,.T.);
#4400=EDGE_CURVE('',#3555,#3556,#1658,.T.);
#4401=EDGE_CURVE('',#3555,#3557,#1659,.T.);
#4402=EDGE_CURVE('',#3558,#3556,#1660,.T.);
#4403=EDGE_CURVE('',#3558,#3557,#1661,.T.);
#4404=EDGE_CURVE('',#3559,#3547,#1662,.T.);
#4405=EDGE_CURVE('',#3559,#3560,#1663,.T.);
#4406=EDGE_CURVE('',#3549,#3560,#1664,.T.);
#4407=EDGE_CURVE('',#3561,#3559,#1665,.T.);
#4408=EDGE_CURVE('',#3561,#3562,#1666,.T.);
#4409=EDGE_CURVE('',#3560,#3562,#1667,.T.);
#4410=EDGE_CURVE('',#3557,#3561,#1668,.T.);
#4411=EDGE_CURVE('',#3562,#3558,#1669,.T.);
#4412=EDGE_CURVE('',#3563,#3564,#1670,.T.);
#4413=EDGE_CURVE('',#3563,#3565,#1671,.T.);
#4414=EDGE_CURVE('',#3566,#3565,#1672,.T.);
#4415=EDGE_CURVE('',#3564,#3566,#1673,.T.);
#4416=EDGE_CURVE('',#3564,#3567,#1674,.T.);
#4417=EDGE_CURVE('',#3568,#3566,#1675,.T.);
#4418=EDGE_CURVE('',#3567,#3568,#1676,.T.);
#4419=EDGE_CURVE('',#3567,#3569,#1677,.T.);
#4420=EDGE_CURVE('',#3570,#3568,#1678,.T.);
#4421=EDGE_CURVE('',#3569,#3570,#1679,.T.);
#4422=EDGE_CURVE('',#3569,#3571,#1680,.T.);
#4423=EDGE_CURVE('',#3572,#3570,#1681,.T.);
#4424=EDGE_CURVE('',#3571,#3572,#1682,.T.);
#4425=EDGE_CURVE('',#3571,#3573,#1683,.T.);
#4426=EDGE_CURVE('',#3574,#3572,#1684,.T.);
#4427=EDGE_CURVE('',#3574,#3573,#1685,.T.);
#4428=EDGE_CURVE('',#3575,#3563,#1686,.T.);
#4429=EDGE_CURVE('',#3575,#3576,#1687,.T.);
#4430=EDGE_CURVE('',#3565,#3576,#1688,.T.);
#4431=EDGE_CURVE('',#3577,#3575,#1689,.T.);
#4432=EDGE_CURVE('',#3577,#3578,#1690,.T.);
#4433=EDGE_CURVE('',#3576,#3578,#1691,.T.);
#4434=EDGE_CURVE('',#3573,#3577,#1692,.T.);
#4435=EDGE_CURVE('',#3578,#3574,#1693,.T.);
#4436=EDGE_CURVE('',#3579,#3580,#1694,.T.);
#4437=EDGE_CURVE('',#3579,#3581,#1695,.T.);
#4438=EDGE_CURVE('',#3582,#3581,#1696,.T.);
#4439=EDGE_CURVE('',#3580,#3582,#1697,.T.);
#4440=EDGE_CURVE('',#3580,#3583,#1698,.T.);
#4441=EDGE_CURVE('',#3584,#3582,#1699,.T.);
#4442=EDGE_CURVE('',#3583,#3584,#1700,.T.);
#4443=EDGE_CURVE('',#3583,#3585,#1701,.T.);
#4444=EDGE_CURVE('',#3586,#3584,#1702,.T.);
#4445=EDGE_CURVE('',#3585,#3586,#1703,.T.);
#4446=EDGE_CURVE('',#3585,#3587,#1704,.T.);
#4447=EDGE_CURVE('',#3588,#3586,#1705,.T.);
#4448=EDGE_CURVE('',#3587,#3588,#1706,.T.);
#4449=EDGE_CURVE('',#3587,#3589,#1707,.T.);
#4450=EDGE_CURVE('',#3590,#3588,#1708,.T.);
#4451=EDGE_CURVE('',#3590,#3589,#1709,.T.);
#4452=EDGE_CURVE('',#3591,#3579,#1710,.T.);
#4453=EDGE_CURVE('',#3591,#3592,#1711,.T.);
#4454=EDGE_CURVE('',#3581,#3592,#1712,.T.);
#4455=EDGE_CURVE('',#3593,#3591,#1713,.T.);
#4456=EDGE_CURVE('',#3593,#3594,#1714,.T.);
#4457=EDGE_CURVE('',#3592,#3594,#1715,.T.);
#4458=EDGE_CURVE('',#3589,#3593,#1716,.T.);
#4459=EDGE_CURVE('',#3594,#3590,#1717,.T.);
#4460=EDGE_CURVE('',#3595,#3596,#1718,.T.);
#4461=EDGE_CURVE('',#3595,#3597,#1719,.T.);
#4462=EDGE_CURVE('',#3598,#3597,#1720,.T.);
#4463=EDGE_CURVE('',#3596,#3598,#1721,.T.);
#4464=EDGE_CURVE('',#3596,#3599,#1722,.T.);
#4465=EDGE_CURVE('',#3600,#3598,#1723,.T.);
#4466=EDGE_CURVE('',#3599,#3600,#1724,.T.);
#4467=EDGE_CURVE('',#3599,#3601,#1725,.T.);
#4468=EDGE_CURVE('',#3602,#3600,#1726,.T.);
#4469=EDGE_CURVE('',#3602,#3601,#1727,.T.);
#4470=EDGE_CURVE('',#3603,#3595,#1728,.T.);
#4471=EDGE_CURVE('',#3603,#3604,#1729,.T.);
#4472=EDGE_CURVE('',#3597,#3604,#1730,.T.);
#4473=EDGE_CURVE('',#3601,#3603,#1731,.T.);
#4474=EDGE_CURVE('',#3604,#3602,#1732,.T.);
#4475=EDGE_CURVE('',#3605,#3606,#1733,.T.);
#4476=EDGE_CURVE('',#3606,#3607,#1734,.T.);
#4477=EDGE_CURVE('',#3607,#3608,#1735,.T.);
#4478=EDGE_CURVE('',#3608,#3609,#1736,.T.);
#4479=EDGE_CURVE('',#3609,#3610,#1737,.T.);
#4480=EDGE_CURVE('',#3610,#3611,#1738,.T.);
#4481=EDGE_CURVE('',#3611,#3612,#1739,.T.);
#4482=EDGE_CURVE('',#3612,#3613,#1740,.T.);
#4483=EDGE_CURVE('',#3613,#3614,#1741,.T.);
#4484=EDGE_CURVE('',#3614,#3615,#1742,.T.);
#4485=EDGE_CURVE('',#3615,#3616,#1743,.T.);
#4486=EDGE_CURVE('',#3616,#3617,#1744,.T.);
#4487=EDGE_CURVE('',#3617,#3618,#1745,.T.);
#4488=EDGE_CURVE('',#3618,#3619,#1746,.T.);
#4489=EDGE_CURVE('',#3619,#3620,#1747,.T.);
#4490=EDGE_CURVE('',#3620,#3621,#1748,.T.);
#4491=EDGE_CURVE('',#3621,#3622,#1749,.T.);
#4492=EDGE_CURVE('',#3622,#3623,#1750,.T.);
#4493=EDGE_CURVE('',#3623,#3624,#1751,.T.);
#4494=EDGE_CURVE('',#3624,#3625,#1752,.T.);
#4495=EDGE_CURVE('',#3625,#3626,#1753,.T.);
#4496=EDGE_CURVE('',#3626,#3627,#1754,.T.);
#4497=EDGE_CURVE('',#3627,#3628,#1755,.T.);
#4498=EDGE_CURVE('',#3628,#3629,#1756,.T.);
#4499=EDGE_CURVE('',#3629,#3630,#1757,.T.);
#4500=EDGE_CURVE('',#3630,#3631,#1758,.T.);
#4501=EDGE_CURVE('',#3631,#3632,#1759,.T.);
#4502=EDGE_CURVE('',#3632,#3633,#1760,.T.);
#4503=EDGE_CURVE('',#3633,#3634,#1761,.T.);
#4504=EDGE_CURVE('',#3634,#3635,#1762,.T.);
#4505=EDGE_CURVE('',#3635,#3636,#1763,.T.);
#4506=EDGE_CURVE('',#3636,#3637,#1764,.T.);
#4507=EDGE_CURVE('',#3637,#3638,#1765,.T.);
#4508=EDGE_CURVE('',#3638,#3639,#1766,.T.);
#4509=EDGE_CURVE('',#3639,#3640,#1767,.T.);
#4510=EDGE_CURVE('',#3640,#3641,#1768,.T.);
#4511=EDGE_CURVE('',#3641,#3642,#1769,.T.);
#4512=EDGE_CURVE('',#3642,#3643,#1770,.T.);
#4513=EDGE_CURVE('',#3643,#3644,#1771,.T.);
#4514=EDGE_CURVE('',#3644,#3645,#1772,.T.);
#4515=EDGE_CURVE('',#3645,#3646,#1773,.T.);
#4516=EDGE_CURVE('',#3646,#3647,#1774,.T.);
#4517=EDGE_CURVE('',#3647,#3648,#1775,.T.);
#4518=EDGE_CURVE('',#3648,#3649,#1776,.T.);
#4519=EDGE_CURVE('',#3649,#3605,#1777,.T.);
#4520=EDGE_CURVE('',#3650,#3606,#1778,.T.);
#4521=EDGE_CURVE('',#3651,#3650,#1779,.T.);
#4522=EDGE_CURVE('',#3607,#3651,#1780,.T.);
#4523=EDGE_CURVE('',#3652,#3651,#1781,.T.);
#4524=EDGE_CURVE('',#3608,#3652,#1782,.T.);
#4525=EDGE_CURVE('',#3653,#3652,#1783,.T.);
#4526=EDGE_CURVE('',#3609,#3653,#1784,.T.);
#4527=EDGE_CURVE('',#3654,#3653,#1785,.T.);
#4528=EDGE_CURVE('',#3610,#3654,#1786,.T.);
#4529=EDGE_CURVE('',#3655,#3654,#1787,.T.);
#4530=EDGE_CURVE('',#3611,#3655,#1788,.T.);
#4531=EDGE_CURVE('',#3656,#3655,#1789,.T.);
#4532=EDGE_CURVE('',#3612,#3656,#1790,.T.);
#4533=EDGE_CURVE('',#3657,#3656,#1791,.T.);
#4534=EDGE_CURVE('',#3613,#3657,#1792,.T.);
#4535=EDGE_CURVE('',#3658,#3657,#1793,.T.);
#4536=EDGE_CURVE('',#3614,#3658,#1794,.T.);
#4537=EDGE_CURVE('',#3659,#3658,#1795,.T.);
#4538=EDGE_CURVE('',#3615,#3659,#1796,.T.);
#4539=EDGE_CURVE('',#3660,#3659,#1797,.T.);
#4540=EDGE_CURVE('',#3616,#3660,#1798,.T.);
#4541=EDGE_CURVE('',#3661,#3660,#1799,.T.);
#4542=EDGE_CURVE('',#3617,#3661,#1800,.T.);
#4543=EDGE_CURVE('',#3662,#3661,#1801,.T.);
#4544=EDGE_CURVE('',#3618,#3662,#1802,.T.);
#4545=EDGE_CURVE('',#3663,#3662,#1803,.T.);
#4546=EDGE_CURVE('',#3619,#3663,#1804,.T.);
#4547=EDGE_CURVE('',#3664,#3663,#1805,.T.);
#4548=EDGE_CURVE('',#3620,#3664,#1806,.T.);
#4549=EDGE_CURVE('',#3665,#3664,#1807,.T.);
#4550=EDGE_CURVE('',#3621,#3665,#1808,.T.);
#4551=EDGE_CURVE('',#3666,#3665,#1809,.T.);
#4552=EDGE_CURVE('',#3622,#3666,#1810,.T.);
#4553=EDGE_CURVE('',#3667,#3666,#1811,.T.);
#4554=EDGE_CURVE('',#3623,#3667,#1812,.T.);
#4555=EDGE_CURVE('',#3668,#3667,#1813,.T.);
#4556=EDGE_CURVE('',#3624,#3668,#1814,.T.);
#4557=EDGE_CURVE('',#3669,#3668,#1815,.T.);
#4558=EDGE_CURVE('',#3625,#3669,#1816,.T.);
#4559=EDGE_CURVE('',#3670,#3669,#1817,.T.);
#4560=EDGE_CURVE('',#3626,#3670,#1818,.T.);
#4561=EDGE_CURVE('',#3671,#3670,#1819,.T.);
#4562=EDGE_CURVE('',#3627,#3671,#1820,.T.);
#4563=EDGE_CURVE('',#3672,#3671,#1821,.T.);
#4564=EDGE_CURVE('',#3628,#3672,#1822,.T.);
#4565=EDGE_CURVE('',#3673,#3672,#1823,.T.);
#4566=EDGE_CURVE('',#3629,#3673,#1824,.T.);
#4567=EDGE_CURVE('',#3674,#3673,#1825,.T.);
#4568=EDGE_CURVE('',#3630,#3674,#1826,.T.);
#4569=EDGE_CURVE('',#3675,#3674,#1827,.T.);
#4570=EDGE_CURVE('',#3631,#3675,#1828,.T.);
#4571=EDGE_CURVE('',#3676,#3675,#1829,.T.);
#4572=EDGE_CURVE('',#3632,#3676,#1830,.T.);
#4573=EDGE_CURVE('',#3677,#3676,#1831,.T.);
#4574=EDGE_CURVE('',#3633,#3677,#1832,.T.);
#4575=EDGE_CURVE('',#3678,#3677,#1833,.T.);
#4576=EDGE_CURVE('',#3634,#3678,#1834,.T.);
#4577=EDGE_CURVE('',#3679,#3678,#1835,.T.);
#4578=EDGE_CURVE('',#3635,#3679,#1836,.T.);
#4579=EDGE_CURVE('',#3680,#3679,#1837,.T.);
#4580=EDGE_CURVE('',#3636,#3680,#1838,.T.);
#4581=EDGE_CURVE('',#3681,#3680,#1839,.T.);
#4582=EDGE_CURVE('',#3637,#3681,#1840,.T.);
#4583=EDGE_CURVE('',#3682,#3681,#1841,.T.);
#4584=EDGE_CURVE('',#3638,#3682,#1842,.T.);
#4585=EDGE_CURVE('',#3683,#3682,#1843,.T.);
#4586=EDGE_CURVE('',#3639,#3683,#1844,.T.);
#4587=EDGE_CURVE('',#3684,#3683,#1845,.T.);
#4588=EDGE_CURVE('',#3640,#3684,#1846,.T.);
#4589=EDGE_CURVE('',#3685,#3684,#1847,.T.);
#4590=EDGE_CURVE('',#3641,#3685,#1848,.T.);
#4591=EDGE_CURVE('',#3686,#3685,#1849,.T.);
#4592=EDGE_CURVE('',#3642,#3686,#1850,.T.);
#4593=EDGE_CURVE('',#3687,#3686,#1851,.T.);
#4594=EDGE_CURVE('',#3643,#3687,#1852,.T.);
#4595=EDGE_CURVE('',#3688,#3687,#1853,.T.);
#4596=EDGE_CURVE('',#3644,#3688,#1854,.T.);
#4597=EDGE_CURVE('',#3689,#3688,#1855,.T.);
#4598=EDGE_CURVE('',#3645,#3689,#1856,.T.);
#4599=EDGE_CURVE('',#3690,#3689,#1857,.T.);
#4600=EDGE_CURVE('',#3646,#3690,#1858,.T.);
#4601=EDGE_CURVE('',#3691,#3690,#1859,.T.);
#4602=EDGE_CURVE('',#3647,#3691,#1860,.T.);
#4603=EDGE_CURVE('',#3692,#3691,#1861,.T.);
#4604=EDGE_CURVE('',#3648,#3692,#1862,.T.);
#4605=EDGE_CURVE('',#3693,#3692,#1863,.T.);
#4606=EDGE_CURVE('',#3649,#3693,#1864,.T.);
#4607=EDGE_CURVE('',#3694,#3693,#1865,.T.);
#4608=EDGE_CURVE('',#3605,#3694,#1866,.T.);
#4609=EDGE_CURVE('',#3650,#3694,#1867,.T.);
#4610=EDGE_CURVE('',#3695,#3696,#1868,.T.);
#4611=EDGE_CURVE('',#3695,#3697,#1869,.T.);
#4612=EDGE_CURVE('',#3697,#3698,#1870,.T.);
#4613=EDGE_CURVE('',#3696,#3698,#1871,.T.);
#4614=EDGE_CURVE('',#3699,#3695,#1872,.T.);
#4615=EDGE_CURVE('',#3699,#3700,#1873,.T.);
#4616=EDGE_CURVE('',#3700,#3697,#1874,.T.);
#4617=EDGE_CURVE('',#3701,#3699,#1875,.T.);
#4618=EDGE_CURVE('',#3701,#3702,#1876,.T.);
#4619=EDGE_CURVE('',#3702,#3700,#1877,.T.);
#4620=EDGE_CURVE('',#3703,#3701,#1878,.T.);
#4621=EDGE_CURVE('',#3703,#3704,#1879,.T.);
#4622=EDGE_CURVE('',#3704,#3702,#1880,.T.);
#4623=EDGE_CURVE('',#3705,#3703,#1881,.T.);
#4624=EDGE_CURVE('',#3705,#3706,#1882,.T.);
#4625=EDGE_CURVE('',#3706,#3704,#1883,.T.);
#4626=EDGE_CURVE('',#3696,#3705,#1884,.T.);
#4627=EDGE_CURVE('',#3698,#3706,#1885,.T.);
#4628=EDGE_CURVE('',#3707,#3707,#259,.T.);
#4629=EDGE_CURVE('',#3707,#3708,#1886,.T.);
#4630=EDGE_CURVE('',#3708,#3708,#260,.T.);
#4631=EDGE_CURVE('',#3709,#3709,#261,.T.);
#4632=EDGE_CURVE('',#3709,#3710,#1887,.T.);
#4633=EDGE_CURVE('',#3710,#3710,#262,.T.);
#4634=EDGE_CURVE('',#3711,#3712,#1888,.T.);
#4635=EDGE_CURVE('',#3711,#3713,#1889,.T.);
#4636=EDGE_CURVE('',#3713,#3714,#1890,.T.);
#4637=EDGE_CURVE('',#3712,#3714,#1891,.T.);
#4638=EDGE_CURVE('',#3715,#3711,#1892,.T.);
#4639=EDGE_CURVE('',#3715,#3716,#1893,.T.);
#4640=EDGE_CURVE('',#3716,#3713,#1894,.T.);
#4641=EDGE_CURVE('',#3717,#3715,#1895,.T.);
#4642=EDGE_CURVE('',#3717,#3718,#1896,.T.);
#4643=EDGE_CURVE('',#3718,#3716,#1897,.T.);
#4644=EDGE_CURVE('',#3719,#3717,#1898,.T.);
#4645=EDGE_CURVE('',#3719,#3720,#1899,.T.);
#4646=EDGE_CURVE('',#3720,#3718,#1900,.T.);
#4647=EDGE_CURVE('',#3721,#3719,#1901,.T.);
#4648=EDGE_CURVE('',#3721,#3722,#1902,.T.);
#4649=EDGE_CURVE('',#3722,#3720,#1903,.T.);
#4650=EDGE_CURVE('',#3712,#3721,#1904,.T.);
#4651=EDGE_CURVE('',#3714,#3722,#1905,.T.);
#4652=EDGE_CURVE('',#3723,#3723,#263,.T.);
#4653=EDGE_CURVE('',#3723,#3724,#1906,.T.);
#4654=EDGE_CURVE('',#3724,#3724,#264,.T.);
#4655=EDGE_CURVE('',#3725,#3725,#265,.T.);
#4656=EDGE_CURVE('',#3725,#3726,#1907,.T.);
#4657=EDGE_CURVE('',#3726,#3726,#266,.T.);
#4658=EDGE_CURVE('',#3727,#3728,#1908,.T.);
#4659=EDGE_CURVE('',#3727,#3729,#1909,.T.);
#4660=EDGE_CURVE('',#3729,#3730,#1910,.T.);
#4661=EDGE_CURVE('',#3728,#3730,#1911,.T.);
#4662=EDGE_CURVE('',#3731,#3727,#1912,.T.);
#4663=EDGE_CURVE('',#3731,#3732,#1913,.T.);
#4664=EDGE_CURVE('',#3732,#3729,#1914,.T.);
#4665=EDGE_CURVE('',#3733,#3731,#1915,.T.);
#4666=EDGE_CURVE('',#3733,#3734,#1916,.T.);
#4667=EDGE_CURVE('',#3734,#3732,#1917,.T.);
#4668=EDGE_CURVE('',#3735,#3733,#1918,.T.);
#4669=EDGE_CURVE('',#3735,#3736,#1919,.T.);
#4670=EDGE_CURVE('',#3736,#3734,#1920,.T.);
#4671=EDGE_CURVE('',#3737,#3735,#1921,.T.);
#4672=EDGE_CURVE('',#3737,#3738,#1922,.T.);
#4673=EDGE_CURVE('',#3738,#3736,#1923,.T.);
#4674=EDGE_CURVE('',#3728,#3737,#1924,.T.);
#4675=EDGE_CURVE('',#3730,#3738,#1925,.T.);
#4676=EDGE_CURVE('',#3739,#3739,#267,.T.);
#4677=EDGE_CURVE('',#3739,#3740,#1926,.T.);
#4678=EDGE_CURVE('',#3740,#3740,#268,.T.);
#4679=EDGE_CURVE('',#3741,#3741,#269,.T.);
#4680=EDGE_CURVE('',#3741,#3742,#1927,.T.);
#4681=EDGE_CURVE('',#3742,#3742,#270,.T.);
#4682=EDGE_CURVE('',#3743,#3743,#271,.T.);
#4683=EDGE_CURVE('',#3743,#3744,#1928,.T.);
#4684=EDGE_CURVE('',#3744,#3744,#272,.T.);
#4685=EDGE_CURVE('',#3745,#3745,#273,.T.);
#4686=EDGE_CURVE('',#3745,#3746,#1929,.T.);
#4687=EDGE_CURVE('',#3746,#3746,#274,.T.);
#4688=EDGE_CURVE('',#3747,#3747,#275,.T.);
#4689=EDGE_CURVE('',#3747,#3748,#1930,.T.);
#4690=EDGE_CURVE('',#3748,#3748,#276,.T.);
#4691=EDGE_CURVE('',#3749,#3749,#277,.T.);
#4692=EDGE_CURVE('',#3749,#3750,#1931,.T.);
#4693=EDGE_CURVE('',#3750,#3750,#278,.T.);
#4694=EDGE_CURVE('',#3751,#3751,#279,.T.);
#4695=EDGE_CURVE('',#3751,#3752,#1932,.T.);
#4696=EDGE_CURVE('',#3752,#3752,#280,.T.);
#4697=EDGE_CURVE('',#3753,#3753,#281,.T.);
#4698=EDGE_CURVE('',#3753,#3754,#1933,.T.);
#4699=EDGE_CURVE('',#3754,#3754,#282,.T.);
#4700=EDGE_CURVE('',#3755,#3755,#283,.T.);
#4701=EDGE_CURVE('',#3755,#3756,#1934,.T.);
#4702=EDGE_CURVE('',#3756,#3756,#284,.T.);
#4703=EDGE_CURVE('',#3757,#3758,#1935,.T.);
#4704=EDGE_CURVE('',#3758,#3759,#1936,.T.);
#4705=EDGE_CURVE('',#3760,#3759,#1937,.T.);
#4706=EDGE_CURVE('',#3757,#3760,#1938,.T.);
#4707=EDGE_CURVE('',#3761,#3757,#1939,.T.);
#4708=EDGE_CURVE('',#3762,#3760,#1940,.T.);
#4709=EDGE_CURVE('',#3761,#3762,#1941,.T.);
#4710=EDGE_CURVE('',#3763,#3761,#1942,.T.);
#4711=EDGE_CURVE('',#3764,#3762,#1943,.T.);
#4712=EDGE_CURVE('',#3763,#3764,#1944,.T.);
#4713=EDGE_CURVE('',#3765,#3763,#1945,.T.);
#4714=EDGE_CURVE('',#3766,#3764,#1946,.T.);
#4715=EDGE_CURVE('',#3765,#3766,#1947,.T.);
#4716=EDGE_CURVE('',#3767,#3765,#1948,.T.);
#4717=EDGE_CURVE('',#3768,#3766,#1949,.T.);
#4718=EDGE_CURVE('',#3767,#3768,#1950,.T.);
#4719=EDGE_CURVE('',#3758,#3767,#1951,.T.);
#4720=EDGE_CURVE('',#3759,#3768,#1952,.T.);
#4721=EDGE_CURVE('',#3769,#3769,#285,.T.);
#4722=EDGE_CURVE('',#3769,#3770,#1953,.T.);
#4723=EDGE_CURVE('',#3770,#3770,#286,.T.);
#4724=EDGE_CURVE('',#3771,#3772,#1954,.T.);
#4725=EDGE_CURVE('',#3772,#3773,#1955,.T.);
#4726=EDGE_CURVE('',#3774,#3773,#1956,.T.);
#4727=EDGE_CURVE('',#3771,#3774,#1957,.T.);
#4728=EDGE_CURVE('',#3775,#3771,#1958,.T.);
#4729=EDGE_CURVE('',#3776,#3774,#1959,.T.);
#4730=EDGE_CURVE('',#3775,#3776,#1960,.T.);
#4731=EDGE_CURVE('',#3777,#3775,#1961,.T.);
#4732=EDGE_CURVE('',#3778,#3776,#1962,.T.);
#4733=EDGE_CURVE('',#3777,#3778,#1963,.T.);
#4734=EDGE_CURVE('',#3779,#3777,#1964,.T.);
#4735=EDGE_CURVE('',#3780,#3778,#1965,.T.);
#4736=EDGE_CURVE('',#3779,#3780,#1966,.T.);
#4737=EDGE_CURVE('',#3781,#3779,#1967,.T.);
#4738=EDGE_CURVE('',#3782,#3780,#1968,.T.);
#4739=EDGE_CURVE('',#3781,#3782,#1969,.T.);
#4740=EDGE_CURVE('',#3772,#3781,#1970,.T.);
#4741=EDGE_CURVE('',#3773,#3782,#1971,.T.);
#4742=EDGE_CURVE('',#3783,#3783,#287,.T.);
#4743=EDGE_CURVE('',#3783,#3784,#1972,.T.);
#4744=EDGE_CURVE('',#3784,#3784,#288,.T.);
#4745=EDGE_CURVE('',#3785,#3786,#1973,.T.);
#4746=EDGE_CURVE('',#3786,#3787,#1974,.T.);
#4747=EDGE_CURVE('',#3788,#3787,#1975,.T.);
#4748=EDGE_CURVE('',#3785,#3788,#1976,.T.);
#4749=EDGE_CURVE('',#3789,#3785,#1977,.T.);
#4750=EDGE_CURVE('',#3790,#3788,#1978,.T.);
#4751=EDGE_CURVE('',#3789,#3790,#1979,.T.);
#4752=EDGE_CURVE('',#3791,#3789,#1980,.T.);
#4753=EDGE_CURVE('',#3792,#3790,#1981,.T.);
#4754=EDGE_CURVE('',#3791,#3792,#1982,.T.);
#4755=EDGE_CURVE('',#3793,#3791,#1983,.T.);
#4756=EDGE_CURVE('',#3794,#3792,#1984,.T.);
#4757=EDGE_CURVE('',#3793,#3794,#1985,.T.);
#4758=EDGE_CURVE('',#3795,#3793,#1986,.T.);
#4759=EDGE_CURVE('',#3796,#3794,#1987,.T.);
#4760=EDGE_CURVE('',#3795,#3796,#1988,.T.);
#4761=EDGE_CURVE('',#3786,#3795,#1989,.T.);
#4762=EDGE_CURVE('',#3787,#3796,#1990,.T.);
#4763=EDGE_CURVE('',#3797,#3798,#1991,.T.);
#4764=EDGE_CURVE('',#3797,#3799,#1992,.T.);
#4765=EDGE_CURVE('',#3799,#3800,#1993,.T.);
#4766=EDGE_CURVE('',#3798,#3800,#1994,.T.);
#4767=EDGE_CURVE('',#3801,#3797,#1995,.T.);
#4768=EDGE_CURVE('',#3801,#3802,#1996,.T.);
#4769=EDGE_CURVE('',#3802,#3799,#1997,.T.);
#4770=EDGE_CURVE('',#3803,#3801,#1998,.T.);
#4771=EDGE_CURVE('',#3803,#3804,#1999,.T.);
#4772=EDGE_CURVE('',#3804,#3802,#2000,.T.);
#4773=EDGE_CURVE('',#3805,#3803,#2001,.T.);
#4774=EDGE_CURVE('',#3805,#3806,#2002,.T.);
#4775=EDGE_CURVE('',#3806,#3804,#2003,.T.);
#4776=EDGE_CURVE('',#3807,#3805,#2004,.T.);
#4777=EDGE_CURVE('',#3807,#3808,#2005,.T.);
#4778=EDGE_CURVE('',#3808,#3806,#2006,.T.);
#4779=EDGE_CURVE('',#3798,#3807,#2007,.T.);
#4780=EDGE_CURVE('',#3800,#3808,#2008,.T.);
#4781=EDGE_CURVE('',#3809,#3809,#289,.T.);
#4782=EDGE_CURVE('',#3810,#3811,#2009,.T.);
#4783=EDGE_CURVE('',#3810,#3812,#2010,.T.);
#4784=EDGE_CURVE('',#3812,#3813,#2011,.T.);
#4785=EDGE_CURVE('',#3811,#3813,#2012,.T.);
#4786=EDGE_CURVE('',#3814,#3810,#2013,.T.);
#4787=EDGE_CURVE('',#3814,#3815,#2014,.T.);
#4788=EDGE_CURVE('',#3815,#3812,#2015,.T.);
#4789=EDGE_CURVE('',#3816,#3814,#2016,.T.);
#4790=EDGE_CURVE('',#3816,#3817,#2017,.T.);
#4791=EDGE_CURVE('',#3817,#3815,#2018,.T.);
#4792=EDGE_CURVE('',#3818,#3816,#2019,.T.);
#4793=EDGE_CURVE('',#3818,#3819,#2020,.T.);
#4794=EDGE_CURVE('',#3819,#3817,#2021,.T.);
#4795=EDGE_CURVE('',#3820,#3818,#2022,.T.);
#4796=EDGE_CURVE('',#3820,#3821,#2023,.T.);
#4797=EDGE_CURVE('',#3821,#3819,#2024,.T.);
#4798=EDGE_CURVE('',#3811,#3820,#2025,.T.);
#4799=EDGE_CURVE('',#3813,#3821,#2026,.T.);
#4800=EDGE_CURVE('',#3822,#3822,#290,.T.);
#4801=EDGE_CURVE('',#3823,#3824,#2027,.T.);
#4802=EDGE_CURVE('',#3823,#3825,#2028,.T.);
#4803=EDGE_CURVE('',#3825,#3826,#2029,.T.);
#4804=EDGE_CURVE('',#3824,#3826,#2030,.T.);
#4805=EDGE_CURVE('',#3827,#3823,#2031,.T.);
#4806=EDGE_CURVE('',#3827,#3828,#2032,.T.);
#4807=EDGE_CURVE('',#3828,#3825,#2033,.T.);
#4808=EDGE_CURVE('',#3829,#3827,#2034,.T.);
#4809=EDGE_CURVE('',#3829,#3830,#2035,.T.);
#4810=EDGE_CURVE('',#3830,#3828,#2036,.T.);
#4811=EDGE_CURVE('',#3831,#3829,#2037,.T.);
#4812=EDGE_CURVE('',#3831,#3832,#2038,.T.);
#4813=EDGE_CURVE('',#3832,#3830,#2039,.T.);
#4814=EDGE_CURVE('',#3833,#3831,#2040,.T.);
#4815=EDGE_CURVE('',#3833,#3834,#2041,.T.);
#4816=EDGE_CURVE('',#3834,#3832,#2042,.T.);
#4817=EDGE_CURVE('',#3824,#3833,#2043,.T.);
#4818=EDGE_CURVE('',#3826,#3834,#2044,.T.);
#4819=EDGE_CURVE('',#3835,#3835,#291,.T.);
#4820=EDGE_CURVE('',#3836,#3836,#292,.T.);
#4821=EDGE_CURVE('',#3836,#3837,#2045,.T.);
#4822=EDGE_CURVE('',#3837,#3837,#293,.T.);
#4823=EDGE_CURVE('',#3838,#3838,#294,.T.);
#4824=EDGE_CURVE('',#3839,#3839,#295,.T.);
#4825=EDGE_CURVE('',#3839,#3840,#2046,.T.);
#4826=EDGE_CURVE('',#3840,#3840,#296,.T.);
#4827=EDGE_CURVE('',#3841,#3841,#297,.T.);
#4828=EDGE_CURVE('',#3842,#3842,#298,.T.);
#4829=EDGE_CURVE('',#3842,#3843,#2047,.T.);
#4830=EDGE_CURVE('',#3843,#3843,#299,.T.);
#4831=EDGE_CURVE('',#3844,#3844,#300,.T.);
#4832=EDGE_CURVE('',#3838,#3845,#2048,.T.);
#4833=EDGE_CURVE('',#3845,#3845,#301,.T.);
#4834=EDGE_CURVE('',#3846,#3846,#302,.T.);
#4835=EDGE_CURVE('',#3846,#3809,#2049,.T.);
#4836=EDGE_CURVE('',#3841,#3847,#2050,.T.);
#4837=EDGE_CURVE('',#3847,#3847,#303,.T.);
#4838=EDGE_CURVE('',#3848,#3848,#304,.T.);
#4839=EDGE_CURVE('',#3848,#3822,#2051,.T.);
#4840=EDGE_CURVE('',#3844,#3849,#2052,.T.);
#4841=EDGE_CURVE('',#3849,#3849,#305,.T.);
#4842=EDGE_CURVE('',#3850,#3850,#306,.T.);
#4843=EDGE_CURVE('',#3850,#3835,#2053,.T.);
#4844=EDGE_CURVE('',#3851,#3851,#307,.T.);
#4845=EDGE_CURVE('',#3851,#3852,#2054,.T.);
#4846=EDGE_CURVE('',#3852,#3852,#308,.T.);
#4847=EDGE_CURVE('',#3853,#3853,#309,.T.);
#4848=EDGE_CURVE('',#3854,#3854,#310,.T.);
#4849=EDGE_CURVE('',#3854,#3855,#2055,.T.);
#4850=EDGE_CURVE('',#3855,#3855,#311,.T.);
#4851=EDGE_CURVE('',#3856,#3856,#312,.T.);
#4852=EDGE_CURVE('',#3856,#3857,#2056,.T.);
#4853=EDGE_CURVE('',#3857,#3857,#313,.T.);
#4854=EDGE_CURVE('',#3858,#3858,#314,.T.);
#4855=EDGE_CURVE('',#3858,#3853,#2057,.T.);
#4856=EDGE_CURVE('',#3859,#3860,#2058,.T.);
#4857=EDGE_CURVE('',#3859,#3861,#2059,.T.);
#4858=EDGE_CURVE('',#3862,#3861,#2060,.T.);
#4859=EDGE_CURVE('',#3863,#3862,#2061,.T.);
#4860=EDGE_CURVE('',#3860,#3863,#2062,.T.);
#4861=EDGE_CURVE('',#3864,#3859,#2063,.T.);
#4862=EDGE_CURVE('',#3864,#3865,#2064,.T.);
#4863=EDGE_CURVE('',#3861,#3865,#2065,.T.);
#4864=EDGE_CURVE('',#3866,#3864,#2066,.T.);
#4865=EDGE_CURVE('',#3867,#3866,#2067,.T.);
#4866=EDGE_CURVE('',#3868,#3867,#2068,.T.);
#4867=EDGE_CURVE('',#3865,#3868,#2069,.T.);
#4868=EDGE_CURVE('',#3869,#3860,#2070,.T.);
#4869=EDGE_CURVE('',#3870,#3869,#2071,.T.);
#4870=EDGE_CURVE('',#3871,#3870,#2072,.T.);
#4871=EDGE_CURVE('',#3872,#3871,#2073,.T.);
#4872=EDGE_CURVE('',#3866,#3872,#2074,.T.);
#4873=EDGE_CURVE('',#3863,#3873,#2075,.T.);
#4874=EDGE_CURVE('',#3869,#3873,#2076,.T.);
#4875=EDGE_CURVE('',#3862,#3874,#2077,.T.);
#4876=EDGE_CURVE('',#3873,#3874,#2078,.T.);
#4877=EDGE_CURVE('',#3875,#3872,#2079,.T.);
#4878=EDGE_CURVE('',#3871,#3876,#2080,.T.);
#4879=EDGE_CURVE('',#3876,#3877,#2081,.T.);
#4880=EDGE_CURVE('',#3877,#3875,#2082,.T.);
#4881=EDGE_CURVE('',#3878,#3870,#2083,.T.);
#4882=EDGE_CURVE('',#3876,#3878,#2084,.T.);
#4883=EDGE_CURVE('',#3877,#3868,#2085,.T.);
#4884=EDGE_CURVE('',#3874,#3878,#2086,.T.);
#4885=EDGE_CURVE('',#3875,#3867,#2087,.T.);
#4886=EDGE_CURVE('',#3879,#3879,#315,.T.);
#4887=EDGE_CURVE('',#3879,#3880,#2088,.T.);
#4888=EDGE_CURVE('',#3880,#3880,#316,.T.);
#4889=EDGE_CURVE('',#3881,#3881,#317,.T.);
#4890=EDGE_CURVE('',#3881,#3882,#2089,.T.);
#4891=EDGE_CURVE('',#3882,#3882,#318,.T.);
#4892=EDGE_CURVE('',#3883,#3883,#319,.T.);
#4893=EDGE_CURVE('',#3883,#3884,#2090,.T.);
#4894=EDGE_CURVE('',#3884,#3884,#320,.T.);
#4895=EDGE_CURVE('',#3885,#3886,#2091,.T.);
#4896=EDGE_CURVE('',#3885,#3887,#2092,.T.);
#4897=EDGE_CURVE('',#3888,#3887,#2093,.T.);
#4898=EDGE_CURVE('',#3886,#3888,#2094,.T.);
#4899=EDGE_CURVE('',#3886,#3889,#2095,.T.);
#4900=EDGE_CURVE('',#3890,#3888,#2096,.T.);
#4901=EDGE_CURVE('',#3889,#3890,#2097,.T.);
#4902=EDGE_CURVE('',#3889,#3891,#2098,.T.);
#4903=EDGE_CURVE('',#3892,#3890,#2099,.T.);
#4904=EDGE_CURVE('',#3891,#3892,#2100,.T.);
#4905=EDGE_CURVE('',#3891,#3893,#2101,.T.);
#4906=EDGE_CURVE('',#3894,#3892,#2102,.T.);
#4907=EDGE_CURVE('',#3894,#3893,#2103,.T.);
#4908=EDGE_CURVE('',#3895,#3885,#2104,.T.);
#4909=EDGE_CURVE('',#3895,#3896,#2105,.T.);
#4910=EDGE_CURVE('',#3887,#3896,#2106,.T.);
#4911=EDGE_CURVE('',#3893,#3895,#2107,.T.);
#4912=EDGE_CURVE('',#3896,#3894,#2108,.T.);
#4913=EDGE_CURVE('',#3897,#3898,#2109,.T.);
#4914=EDGE_CURVE('',#3897,#3899,#2110,.T.);
#4915=EDGE_CURVE('',#3900,#3899,#2111,.T.);
#4916=EDGE_CURVE('',#3898,#3900,#2112,.T.);
#4917=EDGE_CURVE('',#3898,#3901,#2113,.T.);
#4918=EDGE_CURVE('',#3902,#3900,#2114,.T.);
#4919=EDGE_CURVE('',#3901,#3902,#2115,.T.);
#4920=EDGE_CURVE('',#3901,#3903,#2116,.T.);
#4921=EDGE_CURVE('',#3904,#3902,#2117,.T.);
#4922=EDGE_CURVE('',#3903,#3904,#2118,.T.);
#4923=EDGE_CURVE('',#3903,#3905,#2119,.T.);
#4924=EDGE_CURVE('',#3906,#3904,#2120,.T.);
#4925=EDGE_CURVE('',#3905,#3906,#2121,.T.);
#4926=EDGE_CURVE('',#3905,#3907,#2122,.T.);
#4927=EDGE_CURVE('',#3908,#3906,#2123,.T.);
#4928=EDGE_CURVE('',#3908,#3907,#2124,.T.);
#4929=EDGE_CURVE('',#3909,#3897,#2125,.T.);
#4930=EDGE_CURVE('',#3909,#3910,#2126,.T.);
#4931=EDGE_CURVE('',#3899,#3910,#2127,.T.);
#4932=EDGE_CURVE('',#3911,#3909,#2128,.T.);
#4933=EDGE_CURVE('',#3911,#3912,#2129,.T.);
#4934=EDGE_CURVE('',#3910,#3912,#2130,.T.);
#4935=EDGE_CURVE('',#3907,#3911,#2131,.T.);
#4936=EDGE_CURVE('',#3912,#3908,#2132,.T.);
#4937=EDGE_CURVE('',#3913,#3914,#2133,.T.);
#4938=EDGE_CURVE('',#3913,#3915,#2134,.T.);
#4939=EDGE_CURVE('',#3916,#3915,#2135,.T.);
#4940=EDGE_CURVE('',#3914,#3916,#2136,.T.);
#4941=EDGE_CURVE('',#3914,#3917,#2137,.T.);
#4942=EDGE_CURVE('',#3918,#3916,#2138,.T.);
#4943=EDGE_CURVE('',#3917,#3918,#2139,.T.);
#4944=EDGE_CURVE('',#3917,#3919,#2140,.T.);
#4945=EDGE_CURVE('',#3920,#3918,#2141,.T.);
#4946=EDGE_CURVE('',#3919,#3920,#2142,.T.);
#4947=EDGE_CURVE('',#3919,#3921,#2143,.T.);
#4948=EDGE_CURVE('',#3922,#3920,#2144,.T.);
#4949=EDGE_CURVE('',#3921,#3922,#2145,.T.);
#4950=EDGE_CURVE('',#3921,#3923,#2146,.T.);
#4951=EDGE_CURVE('',#3924,#3922,#2147,.T.);
#4952=EDGE_CURVE('',#3924,#3923,#2148,.T.);
#4953=EDGE_CURVE('',#3925,#3913,#2149,.T.);
#4954=EDGE_CURVE('',#3925,#3926,#2150,.T.);
#4955=EDGE_CURVE('',#3915,#3926,#2151,.T.);
#4956=EDGE_CURVE('',#3927,#3925,#2152,.T.);
#4957=EDGE_CURVE('',#3927,#3928,#2153,.T.);
#4958=EDGE_CURVE('',#3926,#3928,#2154,.T.);
#4959=EDGE_CURVE('',#3923,#3927,#2155,.T.);
#4960=EDGE_CURVE('',#3928,#3924,#2156,.T.);
#4961=EDGE_CURVE('',#3929,#3930,#2157,.T.);
#4962=EDGE_CURVE('',#3929,#3931,#2158,.T.);
#4963=EDGE_CURVE('',#3932,#3931,#2159,.T.);
#4964=EDGE_CURVE('',#3930,#3932,#2160,.T.);
#4965=EDGE_CURVE('',#3930,#3933,#2161,.T.);
#4966=EDGE_CURVE('',#3934,#3932,#2162,.T.);
#4967=EDGE_CURVE('',#3933,#3934,#2163,.T.);
#4968=EDGE_CURVE('',#3933,#3935,#2164,.T.);
#4969=EDGE_CURVE('',#3936,#3934,#2165,.T.);
#4970=EDGE_CURVE('',#3935,#3936,#2166,.T.);
#4971=EDGE_CURVE('',#3935,#3937,#2167,.T.);
#4972=EDGE_CURVE('',#3938,#3936,#2168,.T.);
#4973=EDGE_CURVE('',#3937,#3938,#2169,.T.);
#4974=EDGE_CURVE('',#3937,#3939,#2170,.T.);
#4975=EDGE_CURVE('',#3940,#3938,#2171,.T.);
#4976=EDGE_CURVE('',#3940,#3939,#2172,.T.);
#4977=EDGE_CURVE('',#3941,#3929,#2173,.T.);
#4978=EDGE_CURVE('',#3941,#3942,#2174,.T.);
#4979=EDGE_CURVE('',#3931,#3942,#2175,.T.);
#4980=EDGE_CURVE('',#3943,#3941,#2176,.T.);
#4981=EDGE_CURVE('',#3943,#3944,#2177,.T.);
#4982=EDGE_CURVE('',#3942,#3944,#2178,.T.);
#4983=EDGE_CURVE('',#3939,#3943,#2179,.T.);
#4984=EDGE_CURVE('',#3944,#3940,#2180,.T.);
#4985=EDGE_CURVE('',#3945,#3946,#2181,.T.);
#4986=EDGE_CURVE('',#3945,#3947,#2182,.T.);
#4987=EDGE_CURVE('',#3948,#3947,#2183,.T.);
#4988=EDGE_CURVE('',#3946,#3948,#2184,.T.);
#4989=EDGE_CURVE('',#3946,#3949,#2185,.T.);
#4990=EDGE_CURVE('',#3950,#3948,#2186,.T.);
#4991=EDGE_CURVE('',#3949,#3950,#2187,.T.);
#4992=EDGE_CURVE('',#3949,#3951,#2188,.T.);
#4993=EDGE_CURVE('',#3952,#3950,#2189,.T.);
#4994=EDGE_CURVE('',#3951,#3952,#2190,.T.);
#4995=EDGE_CURVE('',#3951,#3953,#2191,.T.);
#4996=EDGE_CURVE('',#3954,#3952,#2192,.T.);
#4997=EDGE_CURVE('',#3953,#3954,#2193,.T.);
#4998=EDGE_CURVE('',#3953,#3955,#2194,.T.);
#4999=EDGE_CURVE('',#3956,#3954,#2195,.T.);
#5000=EDGE_CURVE('',#3956,#3955,#2196,.T.);
#5001=EDGE_CURVE('',#3957,#3945,#2197,.T.);
#5002=EDGE_CURVE('',#3957,#3958,#2198,.T.);
#5003=EDGE_CURVE('',#3947,#3958,#2199,.T.);
#5004=EDGE_CURVE('',#3959,#3957,#2200,.T.);
#5005=EDGE_CURVE('',#3959,#3960,#2201,.T.);
#5006=EDGE_CURVE('',#3958,#3960,#2202,.T.);
#5007=EDGE_CURVE('',#3955,#3959,#2203,.T.);
#5008=EDGE_CURVE('',#3960,#3956,#2204,.T.);
#5009=EDGE_CURVE('',#3961,#3962,#2205,.T.);
#5010=EDGE_CURVE('',#3961,#3963,#2206,.T.);
#5011=EDGE_CURVE('',#3964,#3963,#2207,.T.);
#5012=EDGE_CURVE('',#3962,#3964,#2208,.T.);
#5013=EDGE_CURVE('',#3962,#3965,#2209,.T.);
#5014=EDGE_CURVE('',#3966,#3964,#2210,.T.);
#5015=EDGE_CURVE('',#3965,#3966,#2211,.T.);
#5016=EDGE_CURVE('',#3965,#3967,#2212,.T.);
#5017=EDGE_CURVE('',#3968,#3966,#2213,.T.);
#5018=EDGE_CURVE('',#3968,#3967,#2214,.T.);
#5019=EDGE_CURVE('',#3969,#3961,#2215,.T.);
#5020=EDGE_CURVE('',#3969,#3970,#2216,.T.);
#5021=EDGE_CURVE('',#3963,#3970,#2217,.T.);
#5022=EDGE_CURVE('',#3967,#3969,#2218,.T.);
#5023=EDGE_CURVE('',#3970,#3968,#2219,.T.);
#5024=EDGE_CURVE('',#3971,#3972,#2220,.T.);
#5025=EDGE_CURVE('',#3972,#3973,#2221,.T.);
#5026=EDGE_CURVE('',#3973,#3974,#2222,.T.);
#5027=EDGE_CURVE('',#3974,#3975,#2223,.T.);
#5028=EDGE_CURVE('',#3975,#3976,#2224,.T.);
#5029=EDGE_CURVE('',#3976,#3977,#2225,.T.);
#5030=EDGE_CURVE('',#3977,#3978,#2226,.T.);
#5031=EDGE_CURVE('',#3978,#3979,#2227,.T.);
#5032=EDGE_CURVE('',#3979,#3980,#2228,.T.);
#5033=EDGE_CURVE('',#3980,#3981,#2229,.T.);
#5034=EDGE_CURVE('',#3981,#3982,#2230,.T.);
#5035=EDGE_CURVE('',#3982,#3983,#2231,.T.);
#5036=EDGE_CURVE('',#3983,#3984,#2232,.T.);
#5037=EDGE_CURVE('',#3984,#3985,#2233,.T.);
#5038=EDGE_CURVE('',#3985,#3986,#2234,.T.);
#5039=EDGE_CURVE('',#3986,#3987,#2235,.T.);
#5040=EDGE_CURVE('',#3987,#3988,#2236,.T.);
#5041=EDGE_CURVE('',#3988,#3989,#2237,.T.);
#5042=EDGE_CURVE('',#3989,#3990,#2238,.T.);
#5043=EDGE_CURVE('',#3990,#3991,#2239,.T.);
#5044=EDGE_CURVE('',#3991,#3992,#2240,.T.);
#5045=EDGE_CURVE('',#3992,#3993,#2241,.T.);
#5046=EDGE_CURVE('',#3993,#3994,#2242,.T.);
#5047=EDGE_CURVE('',#3994,#3995,#2243,.T.);
#5048=EDGE_CURVE('',#3995,#3996,#2244,.T.);
#5049=EDGE_CURVE('',#3996,#3997,#2245,.T.);
#5050=EDGE_CURVE('',#3997,#3998,#2246,.T.);
#5051=EDGE_CURVE('',#3998,#3999,#2247,.T.);
#5052=EDGE_CURVE('',#3999,#4000,#2248,.T.);
#5053=EDGE_CURVE('',#4000,#4001,#2249,.T.);
#5054=EDGE_CURVE('',#4001,#4002,#2250,.T.);
#5055=EDGE_CURVE('',#4002,#4003,#2251,.T.);
#5056=EDGE_CURVE('',#4003,#4004,#2252,.T.);
#5057=EDGE_CURVE('',#4004,#4005,#2253,.T.);
#5058=EDGE_CURVE('',#4005,#4006,#2254,.T.);
#5059=EDGE_CURVE('',#4006,#4007,#2255,.T.);
#5060=EDGE_CURVE('',#4007,#4008,#2256,.T.);
#5061=EDGE_CURVE('',#4008,#4009,#2257,.T.);
#5062=EDGE_CURVE('',#4009,#4010,#2258,.T.);
#5063=EDGE_CURVE('',#4010,#4011,#2259,.T.);
#5064=EDGE_CURVE('',#4011,#4012,#2260,.T.);
#5065=EDGE_CURVE('',#4012,#4013,#2261,.T.);
#5066=EDGE_CURVE('',#4013,#4014,#2262,.T.);
#5067=EDGE_CURVE('',#4014,#4015,#2263,.T.);
#5068=EDGE_CURVE('',#4015,#3971,#2264,.T.);
#5069=EDGE_CURVE('',#4016,#3972,#2265,.T.);
#5070=EDGE_CURVE('',#4017,#4016,#2266,.T.);
#5071=EDGE_CURVE('',#3973,#4017,#2267,.T.);
#5072=EDGE_CURVE('',#4018,#4017,#2268,.T.);
#5073=EDGE_CURVE('',#3974,#4018,#2269,.T.);
#5074=EDGE_CURVE('',#4019,#4018,#2270,.T.);
#5075=EDGE_CURVE('',#3975,#4019,#2271,.T.);
#5076=EDGE_CURVE('',#4020,#4019,#2272,.T.);
#5077=EDGE_CURVE('',#3976,#4020,#2273,.T.);
#5078=EDGE_CURVE('',#4021,#4020,#2274,.T.);
#5079=EDGE_CURVE('',#3977,#4021,#2275,.T.);
#5080=EDGE_CURVE('',#4022,#4021,#2276,.T.);
#5081=EDGE_CURVE('',#3978,#4022,#2277,.T.);
#5082=EDGE_CURVE('',#4023,#4022,#2278,.T.);
#5083=EDGE_CURVE('',#3979,#4023,#2279,.T.);
#5084=EDGE_CURVE('',#4024,#4023,#2280,.T.);
#5085=EDGE_CURVE('',#3980,#4024,#2281,.T.);
#5086=EDGE_CURVE('',#4025,#4024,#2282,.T.);
#5087=EDGE_CURVE('',#3981,#4025,#2283,.T.);
#5088=EDGE_CURVE('',#4026,#4025,#2284,.T.);
#5089=EDGE_CURVE('',#3982,#4026,#2285,.T.);
#5090=EDGE_CURVE('',#4027,#4026,#2286,.T.);
#5091=EDGE_CURVE('',#3983,#4027,#2287,.T.);
#5092=EDGE_CURVE('',#4028,#4027,#2288,.T.);
#5093=EDGE_CURVE('',#3984,#4028,#2289,.T.);
#5094=EDGE_CURVE('',#4029,#4028,#2290,.T.);
#5095=EDGE_CURVE('',#3985,#4029,#2291,.T.);
#5096=EDGE_CURVE('',#4030,#4029,#2292,.T.);
#5097=EDGE_CURVE('',#3986,#4030,#2293,.T.);
#5098=EDGE_CURVE('',#4031,#4030,#2294,.T.);
#5099=EDGE_CURVE('',#3987,#4031,#2295,.T.);
#5100=EDGE_CURVE('',#4032,#4031,#2296,.T.);
#5101=EDGE_CURVE('',#3988,#4032,#2297,.T.);
#5102=EDGE_CURVE('',#4033,#4032,#2298,.T.);
#5103=EDGE_CURVE('',#3989,#4033,#2299,.T.);
#5104=EDGE_CURVE('',#4034,#4033,#2300,.T.);
#5105=EDGE_CURVE('',#3990,#4034,#2301,.T.);
#5106=EDGE_CURVE('',#4035,#4034,#2302,.T.);
#5107=EDGE_CURVE('',#3991,#4035,#2303,.T.);
#5108=EDGE_CURVE('',#4036,#4035,#2304,.T.);
#5109=EDGE_CURVE('',#3992,#4036,#2305,.T.);
#5110=EDGE_CURVE('',#4037,#4036,#2306,.T.);
#5111=EDGE_CURVE('',#3993,#4037,#2307,.T.);
#5112=EDGE_CURVE('',#4038,#4037,#2308,.T.);
#5113=EDGE_CURVE('',#3994,#4038,#2309,.T.);
#5114=EDGE_CURVE('',#4039,#4038,#2310,.T.);
#5115=EDGE_CURVE('',#3995,#4039,#2311,.T.);
#5116=EDGE_CURVE('',#4040,#4039,#2312,.T.);
#5117=EDGE_CURVE('',#3996,#4040,#2313,.T.);
#5118=EDGE_CURVE('',#4041,#4040,#2314,.T.);
#5119=EDGE_CURVE('',#3997,#4041,#2315,.T.);
#5120=EDGE_CURVE('',#4042,#4041,#2316,.T.);
#5121=EDGE_CURVE('',#3998,#4042,#2317,.T.);
#5122=EDGE_CURVE('',#4043,#4042,#2318,.T.);
#5123=EDGE_CURVE('',#3999,#4043,#2319,.T.);
#5124=EDGE_CURVE('',#4044,#4043,#2320,.T.);
#5125=EDGE_CURVE('',#4000,#4044,#2321,.T.);
#5126=EDGE_CURVE('',#4045,#4044,#2322,.T.);
#5127=EDGE_CURVE('',#4001,#4045,#2323,.T.);
#5128=EDGE_CURVE('',#4046,#4045,#2324,.T.);
#5129=EDGE_CURVE('',#4002,#4046,#2325,.T.);
#5130=EDGE_CURVE('',#4047,#4046,#2326,.T.);
#5131=EDGE_CURVE('',#4003,#4047,#2327,.T.);
#5132=EDGE_CURVE('',#4048,#4047,#2328,.T.);
#5133=EDGE_CURVE('',#4004,#4048,#2329,.T.);
#5134=EDGE_CURVE('',#4049,#4048,#2330,.T.);
#5135=EDGE_CURVE('',#4005,#4049,#2331,.T.);
#5136=EDGE_CURVE('',#4050,#4049,#2332,.T.);
#5137=EDGE_CURVE('',#4006,#4050,#2333,.T.);
#5138=EDGE_CURVE('',#4051,#4050,#2334,.T.);
#5139=EDGE_CURVE('',#4007,#4051,#2335,.T.);
#5140=EDGE_CURVE('',#4052,#4051,#2336,.T.);
#5141=EDGE_CURVE('',#4008,#4052,#2337,.T.);
#5142=EDGE_CURVE('',#4053,#4052,#2338,.T.);
#5143=EDGE_CURVE('',#4009,#4053,#2339,.T.);
#5144=EDGE_CURVE('',#4054,#4053,#2340,.T.);
#5145=EDGE_CURVE('',#4010,#4054,#2341,.T.);
#5146=EDGE_CURVE('',#4055,#4054,#2342,.T.);
#5147=EDGE_CURVE('',#4011,#4055,#2343,.T.);
#5148=EDGE_CURVE('',#4056,#4055,#2344,.T.);
#5149=EDGE_CURVE('',#4012,#4056,#2345,.T.);
#5150=EDGE_CURVE('',#4057,#4056,#2346,.T.);
#5151=EDGE_CURVE('',#4013,#4057,#2347,.T.);
#5152=EDGE_CURVE('',#4058,#4057,#2348,.T.);
#5153=EDGE_CURVE('',#4014,#4058,#2349,.T.);
#5154=EDGE_CURVE('',#4059,#4058,#2350,.T.);
#5155=EDGE_CURVE('',#4015,#4059,#2351,.T.);
#5156=EDGE_CURVE('',#4060,#4059,#2352,.T.);
#5157=EDGE_CURVE('',#3971,#4060,#2353,.T.);
#5158=EDGE_CURVE('',#4016,#4060,#2354,.T.);
#5159=ORIENTED_EDGE('',*,*,#4061,.F.);
#5160=ORIENTED_EDGE('',*,*,#4062,.T.);
#5161=ORIENTED_EDGE('',*,*,#4063,.T.);
#5162=ORIENTED_EDGE('',*,*,#4064,.F.);
#5163=ORIENTED_EDGE('',*,*,#4065,.F.);
#5164=ORIENTED_EDGE('',*,*,#4066,.T.);
#5165=ORIENTED_EDGE('',*,*,#4067,.T.);
#5166=ORIENTED_EDGE('',*,*,#4062,.F.);
#5167=ORIENTED_EDGE('',*,*,#4068,.F.);
#5168=ORIENTED_EDGE('',*,*,#4069,.T.);
#5169=ORIENTED_EDGE('',*,*,#4070,.T.);
#5170=ORIENTED_EDGE('',*,*,#4066,.F.);
#5171=ORIENTED_EDGE('',*,*,#4071,.F.);
#5172=ORIENTED_EDGE('',*,*,#4072,.T.);
#5173=ORIENTED_EDGE('',*,*,#4073,.T.);
#5174=ORIENTED_EDGE('',*,*,#4069,.F.);
#5175=ORIENTED_EDGE('',*,*,#4074,.F.);
#5176=ORIENTED_EDGE('',*,*,#4075,.T.);
#5177=ORIENTED_EDGE('',*,*,#4076,.T.);
#5178=ORIENTED_EDGE('',*,*,#4072,.F.);
#5179=ORIENTED_EDGE('',*,*,#4077,.F.);
#5180=ORIENTED_EDGE('',*,*,#4064,.T.);
#5181=ORIENTED_EDGE('',*,*,#4078,.T.);
#5182=ORIENTED_EDGE('',*,*,#4075,.F.);
#5183=ORIENTED_EDGE('',*,*,#4078,.F.);
#5184=ORIENTED_EDGE('',*,*,#4063,.F.);
#5185=ORIENTED_EDGE('',*,*,#4067,.F.);
#5186=ORIENTED_EDGE('',*,*,#4070,.F.);
#5187=ORIENTED_EDGE('',*,*,#4073,.F.);
#5188=ORIENTED_EDGE('',*,*,#4076,.F.);
#5189=ORIENTED_EDGE('',*,*,#4079,.F.);
#5190=ORIENTED_EDGE('',*,*,#4080,.T.);
#5191=ORIENTED_EDGE('',*,*,#4081,.F.);
#5192=ORIENTED_EDGE('',*,*,#4080,.F.);
#5193=ORIENTED_EDGE('',*,*,#4079,.T.);
#5194=ORIENTED_EDGE('',*,*,#4082,.F.);
#5195=ORIENTED_EDGE('',*,*,#4083,.T.);
#5196=ORIENTED_EDGE('',*,*,#4084,.T.);
#5197=ORIENTED_EDGE('',*,*,#4083,.F.);
#5198=ORIENTED_EDGE('',*,*,#4082,.T.);
#5199=ORIENTED_EDGE('',*,*,#4061,.T.);
#5200=ORIENTED_EDGE('',*,*,#4077,.T.);
#5201=ORIENTED_EDGE('',*,*,#4074,.T.);
#5202=ORIENTED_EDGE('',*,*,#4071,.T.);
#5203=ORIENTED_EDGE('',*,*,#4068,.T.);
#5204=ORIENTED_EDGE('',*,*,#4065,.T.);
#5205=ORIENTED_EDGE('',*,*,#4084,.F.);
#5206=ORIENTED_EDGE('',*,*,#4081,.T.);
#5207=ORIENTED_EDGE('',*,*,#4085,.F.);
#5208=ORIENTED_EDGE('',*,*,#4086,.T.);
#5209=ORIENTED_EDGE('',*,*,#4087,.T.);
#5210=ORIENTED_EDGE('',*,*,#4088,.F.);
#5211=ORIENTED_EDGE('',*,*,#4089,.F.);
#5212=ORIENTED_EDGE('',*,*,#4090,.T.);
#5213=ORIENTED_EDGE('',*,*,#4091,.T.);
#5214=ORIENTED_EDGE('',*,*,#4086,.F.);
#5215=ORIENTED_EDGE('',*,*,#4092,.F.);
#5216=ORIENTED_EDGE('',*,*,#4093,.T.);
#5217=ORIENTED_EDGE('',*,*,#4094,.T.);
#5218=ORIENTED_EDGE('',*,*,#4090,.F.);
#5219=ORIENTED_EDGE('',*,*,#4095,.F.);
#5220=ORIENTED_EDGE('',*,*,#4096,.T.);
#5221=ORIENTED_EDGE('',*,*,#4097,.T.);
#5222=ORIENTED_EDGE('',*,*,#4093,.F.);
#5223=ORIENTED_EDGE('',*,*,#4098,.F.);
#5224=ORIENTED_EDGE('',*,*,#4099,.T.);
#5225=ORIENTED_EDGE('',*,*,#4100,.T.);
#5226=ORIENTED_EDGE('',*,*,#4096,.F.);
#5227=ORIENTED_EDGE('',*,*,#4101,.F.);
#5228=ORIENTED_EDGE('',*,*,#4088,.T.);
#5229=ORIENTED_EDGE('',*,*,#4102,.T.);
#5230=ORIENTED_EDGE('',*,*,#4099,.F.);
#5231=ORIENTED_EDGE('',*,*,#4102,.F.);
#5232=ORIENTED_EDGE('',*,*,#4087,.F.);
#5233=ORIENTED_EDGE('',*,*,#4091,.F.);
#5234=ORIENTED_EDGE('',*,*,#4094,.F.);
#5235=ORIENTED_EDGE('',*,*,#4097,.F.);
#5236=ORIENTED_EDGE('',*,*,#4100,.F.);
#5237=ORIENTED_EDGE('',*,*,#4103,.F.);
#5238=ORIENTED_EDGE('',*,*,#4104,.T.);
#5239=ORIENTED_EDGE('',*,*,#4105,.F.);
#5240=ORIENTED_EDGE('',*,*,#4104,.F.);
#5241=ORIENTED_EDGE('',*,*,#4103,.T.);
#5242=ORIENTED_EDGE('',*,*,#4106,.F.);
#5243=ORIENTED_EDGE('',*,*,#4107,.T.);
#5244=ORIENTED_EDGE('',*,*,#4108,.T.);
#5245=ORIENTED_EDGE('',*,*,#4107,.F.);
#5246=ORIENTED_EDGE('',*,*,#4106,.T.);
#5247=ORIENTED_EDGE('',*,*,#4085,.T.);
#5248=ORIENTED_EDGE('',*,*,#4101,.T.);
#5249=ORIENTED_EDGE('',*,*,#4098,.T.);
#5250=ORIENTED_EDGE('',*,*,#4095,.T.);
#5251=ORIENTED_EDGE('',*,*,#4092,.T.);
#5252=ORIENTED_EDGE('',*,*,#4089,.T.);
#5253=ORIENTED_EDGE('',*,*,#4108,.F.);
#5254=ORIENTED_EDGE('',*,*,#4105,.T.);
#5255=ORIENTED_EDGE('',*,*,#4109,.F.);
#5256=ORIENTED_EDGE('',*,*,#4110,.T.);
#5257=ORIENTED_EDGE('',*,*,#4111,.T.);
#5258=ORIENTED_EDGE('',*,*,#4112,.F.);
#5259=ORIENTED_EDGE('',*,*,#4113,.F.);
#5260=ORIENTED_EDGE('',*,*,#4114,.T.);
#5261=ORIENTED_EDGE('',*,*,#4115,.T.);
#5262=ORIENTED_EDGE('',*,*,#4110,.F.);
#5263=ORIENTED_EDGE('',*,*,#4116,.F.);
#5264=ORIENTED_EDGE('',*,*,#4117,.T.);
#5265=ORIENTED_EDGE('',*,*,#4118,.T.);
#5266=ORIENTED_EDGE('',*,*,#4114,.F.);
#5267=ORIENTED_EDGE('',*,*,#4119,.F.);
#5268=ORIENTED_EDGE('',*,*,#4120,.T.);
#5269=ORIENTED_EDGE('',*,*,#4121,.T.);
#5270=ORIENTED_EDGE('',*,*,#4117,.F.);
#5271=ORIENTED_EDGE('',*,*,#4122,.F.);
#5272=ORIENTED_EDGE('',*,*,#4123,.T.);
#5273=ORIENTED_EDGE('',*,*,#4124,.T.);
#5274=ORIENTED_EDGE('',*,*,#4120,.F.);
#5275=ORIENTED_EDGE('',*,*,#4125,.F.);
#5276=ORIENTED_EDGE('',*,*,#4112,.T.);
#5277=ORIENTED_EDGE('',*,*,#4126,.T.);
#5278=ORIENTED_EDGE('',*,*,#4123,.F.);
#5279=ORIENTED_EDGE('',*,*,#4126,.F.);
#5280=ORIENTED_EDGE('',*,*,#4111,.F.);
#5281=ORIENTED_EDGE('',*,*,#4115,.F.);
#5282=ORIENTED_EDGE('',*,*,#4118,.F.);
#5283=ORIENTED_EDGE('',*,*,#4121,.F.);
#5284=ORIENTED_EDGE('',*,*,#4124,.F.);
#5285=ORIENTED_EDGE('',*,*,#4127,.F.);
#5286=ORIENTED_EDGE('',*,*,#4128,.T.);
#5287=ORIENTED_EDGE('',*,*,#4129,.F.);
#5288=ORIENTED_EDGE('',*,*,#4128,.F.);
#5289=ORIENTED_EDGE('',*,*,#4127,.T.);
#5290=ORIENTED_EDGE('',*,*,#4130,.F.);
#5291=ORIENTED_EDGE('',*,*,#4131,.T.);
#5292=ORIENTED_EDGE('',*,*,#4132,.T.);
#5293=ORIENTED_EDGE('',*,*,#4131,.F.);
#5294=ORIENTED_EDGE('',*,*,#4130,.T.);
#5295=ORIENTED_EDGE('',*,*,#4109,.T.);
#5296=ORIENTED_EDGE('',*,*,#4125,.T.);
#5297=ORIENTED_EDGE('',*,*,#4122,.T.);
#5298=ORIENTED_EDGE('',*,*,#4119,.T.);
#5299=ORIENTED_EDGE('',*,*,#4116,.T.);
#5300=ORIENTED_EDGE('',*,*,#4113,.T.);
#5301=ORIENTED_EDGE('',*,*,#4132,.F.);
#5302=ORIENTED_EDGE('',*,*,#4129,.T.);
#5303=ORIENTED_EDGE('',*,*,#4133,.F.);
#5304=ORIENTED_EDGE('',*,*,#4134,.T.);
#5305=ORIENTED_EDGE('',*,*,#4135,.T.);
#5306=ORIENTED_EDGE('',*,*,#4134,.F.);
#5307=ORIENTED_EDGE('',*,*,#4136,.F.);
#5308=ORIENTED_EDGE('',*,*,#4137,.T.);
#5309=ORIENTED_EDGE('',*,*,#4138,.T.);
#5310=ORIENTED_EDGE('',*,*,#4137,.F.);
#5311=ORIENTED_EDGE('',*,*,#4136,.T.);
#5312=ORIENTED_EDGE('',*,*,#4133,.T.);
#5313=ORIENTED_EDGE('',*,*,#4138,.F.);
#5314=ORIENTED_EDGE('',*,*,#4135,.F.);
#5315=ORIENTED_EDGE('',*,*,#4139,.F.);
#5316=ORIENTED_EDGE('',*,*,#4140,.T.);
#5317=ORIENTED_EDGE('',*,*,#4141,.T.);
#5318=ORIENTED_EDGE('',*,*,#4140,.F.);
#5319=ORIENTED_EDGE('',*,*,#4142,.F.);
#5320=ORIENTED_EDGE('',*,*,#4143,.T.);
#5321=ORIENTED_EDGE('',*,*,#4144,.T.);
#5322=ORIENTED_EDGE('',*,*,#4143,.F.);
#5323=ORIENTED_EDGE('',*,*,#4142,.T.);
#5324=ORIENTED_EDGE('',*,*,#4139,.T.);
#5325=ORIENTED_EDGE('',*,*,#4144,.F.);
#5326=ORIENTED_EDGE('',*,*,#4141,.F.);
#5327=ORIENTED_EDGE('',*,*,#4145,.F.);
#5328=ORIENTED_EDGE('',*,*,#4146,.T.);
#5329=ORIENTED_EDGE('',*,*,#4147,.T.);
#5330=ORIENTED_EDGE('',*,*,#4146,.F.);
#5331=ORIENTED_EDGE('',*,*,#4148,.F.);
#5332=ORIENTED_EDGE('',*,*,#4149,.T.);
#5333=ORIENTED_EDGE('',*,*,#4150,.T.);
#5334=ORIENTED_EDGE('',*,*,#4149,.F.);
#5335=ORIENTED_EDGE('',*,*,#4148,.T.);
#5336=ORIENTED_EDGE('',*,*,#4145,.T.);
#5337=ORIENTED_EDGE('',*,*,#4150,.F.);
#5338=ORIENTED_EDGE('',*,*,#4147,.F.);
#5339=ORIENTED_EDGE('',*,*,#4151,.F.);
#5340=ORIENTED_EDGE('',*,*,#4152,.T.);
#5341=ORIENTED_EDGE('',*,*,#4153,.F.);
#5342=ORIENTED_EDGE('',*,*,#4152,.F.);
#5343=ORIENTED_EDGE('',*,*,#4154,.F.);
#5344=ORIENTED_EDGE('',*,*,#4155,.T.);
#5345=ORIENTED_EDGE('',*,*,#4156,.F.);
#5346=ORIENTED_EDGE('',*,*,#4157,.F.);
#5347=ORIENTED_EDGE('',*,*,#4158,.F.);
#5348=ORIENTED_EDGE('',*,*,#4157,.T.);
#5349=ORIENTED_EDGE('',*,*,#4159,.F.);
#5350=ORIENTED_EDGE('',*,*,#4160,.F.);
#5351=ORIENTED_EDGE('',*,*,#4161,.F.);
#5352=ORIENTED_EDGE('',*,*,#4160,.T.);
#5353=ORIENTED_EDGE('',*,*,#4162,.F.);
#5354=ORIENTED_EDGE('',*,*,#4163,.F.);
#5355=ORIENTED_EDGE('',*,*,#4164,.F.);
#5356=ORIENTED_EDGE('',*,*,#4163,.T.);
#5357=ORIENTED_EDGE('',*,*,#4165,.F.);
#5358=ORIENTED_EDGE('',*,*,#4166,.F.);
#5359=ORIENTED_EDGE('',*,*,#4167,.F.);
#5360=ORIENTED_EDGE('',*,*,#4166,.T.);
#5361=ORIENTED_EDGE('',*,*,#4168,.F.);
#5362=ORIENTED_EDGE('',*,*,#4169,.F.);
#5363=ORIENTED_EDGE('',*,*,#4170,.F.);
#5364=ORIENTED_EDGE('',*,*,#4169,.T.);
#5365=ORIENTED_EDGE('',*,*,#4171,.F.);
#5366=ORIENTED_EDGE('',*,*,#4155,.F.);
#5367=ORIENTED_EDGE('',*,*,#4170,.T.);
#5368=ORIENTED_EDGE('',*,*,#4154,.T.);
#5369=ORIENTED_EDGE('',*,*,#4158,.T.);
#5370=ORIENTED_EDGE('',*,*,#4161,.T.);
#5371=ORIENTED_EDGE('',*,*,#4164,.T.);
#5372=ORIENTED_EDGE('',*,*,#4167,.T.);
#5373=ORIENTED_EDGE('',*,*,#4153,.T.);
#5374=ORIENTED_EDGE('',*,*,#4171,.T.);
#5375=ORIENTED_EDGE('',*,*,#4168,.T.);
#5376=ORIENTED_EDGE('',*,*,#4165,.T.);
#5377=ORIENTED_EDGE('',*,*,#4162,.T.);
#5378=ORIENTED_EDGE('',*,*,#4159,.T.);
#5379=ORIENTED_EDGE('',*,*,#4156,.T.);
#5380=ORIENTED_EDGE('',*,*,#4151,.T.);
#5381=ORIENTED_EDGE('',*,*,#4172,.F.);
#5382=ORIENTED_EDGE('',*,*,#4173,.T.);
#5383=ORIENTED_EDGE('',*,*,#4174,.F.);
#5384=ORIENTED_EDGE('',*,*,#4173,.F.);
#5385=ORIENTED_EDGE('',*,*,#4175,.F.);
#5386=ORIENTED_EDGE('',*,*,#4176,.T.);
#5387=ORIENTED_EDGE('',*,*,#4177,.F.);
#5388=ORIENTED_EDGE('',*,*,#4178,.F.);
#5389=ORIENTED_EDGE('',*,*,#4179,.F.);
#5390=ORIENTED_EDGE('',*,*,#4178,.T.);
#5391=ORIENTED_EDGE('',*,*,#4180,.F.);
#5392=ORIENTED_EDGE('',*,*,#4181,.F.);
#5393=ORIENTED_EDGE('',*,*,#4182,.F.);
#5394=ORIENTED_EDGE('',*,*,#4181,.T.);
#5395=ORIENTED_EDGE('',*,*,#4183,.F.);
#5396=ORIENTED_EDGE('',*,*,#4184,.F.);
#5397=ORIENTED_EDGE('',*,*,#4185,.F.);
#5398=ORIENTED_EDGE('',*,*,#4184,.T.);
#5399=ORIENTED_EDGE('',*,*,#4186,.F.);
#5400=ORIENTED_EDGE('',*,*,#4187,.F.);
#5401=ORIENTED_EDGE('',*,*,#4188,.F.);
#5402=ORIENTED_EDGE('',*,*,#4187,.T.);
#5403=ORIENTED_EDGE('',*,*,#4189,.F.);
#5404=ORIENTED_EDGE('',*,*,#4190,.F.);
#5405=ORIENTED_EDGE('',*,*,#4191,.F.);
#5406=ORIENTED_EDGE('',*,*,#4190,.T.);
#5407=ORIENTED_EDGE('',*,*,#4192,.F.);
#5408=ORIENTED_EDGE('',*,*,#4176,.F.);
#5409=ORIENTED_EDGE('',*,*,#4191,.T.);
#5410=ORIENTED_EDGE('',*,*,#4175,.T.);
#5411=ORIENTED_EDGE('',*,*,#4179,.T.);
#5412=ORIENTED_EDGE('',*,*,#4182,.T.);
#5413=ORIENTED_EDGE('',*,*,#4185,.T.);
#5414=ORIENTED_EDGE('',*,*,#4188,.T.);
#5415=ORIENTED_EDGE('',*,*,#4174,.T.);
#5416=ORIENTED_EDGE('',*,*,#4192,.T.);
#5417=ORIENTED_EDGE('',*,*,#4189,.T.);
#5418=ORIENTED_EDGE('',*,*,#4186,.T.);
#5419=ORIENTED_EDGE('',*,*,#4183,.T.);
#5420=ORIENTED_EDGE('',*,*,#4180,.T.);
#5421=ORIENTED_EDGE('',*,*,#4177,.T.);
#5422=ORIENTED_EDGE('',*,*,#4172,.T.);
#5423=ORIENTED_EDGE('',*,*,#4193,.F.);
#5424=ORIENTED_EDGE('',*,*,#4194,.T.);
#5425=ORIENTED_EDGE('',*,*,#4195,.F.);
#5426=ORIENTED_EDGE('',*,*,#4194,.F.);
#5427=ORIENTED_EDGE('',*,*,#4196,.F.);
#5428=ORIENTED_EDGE('',*,*,#4197,.T.);
#5429=ORIENTED_EDGE('',*,*,#4198,.F.);
#5430=ORIENTED_EDGE('',*,*,#4199,.F.);
#5431=ORIENTED_EDGE('',*,*,#4200,.F.);
#5432=ORIENTED_EDGE('',*,*,#4199,.T.);
#5433=ORIENTED_EDGE('',*,*,#4201,.F.);
#5434=ORIENTED_EDGE('',*,*,#4202,.F.);
#5435=ORIENTED_EDGE('',*,*,#4203,.F.);
#5436=ORIENTED_EDGE('',*,*,#4202,.T.);
#5437=ORIENTED_EDGE('',*,*,#4204,.F.);
#5438=ORIENTED_EDGE('',*,*,#4205,.F.);
#5439=ORIENTED_EDGE('',*,*,#4206,.F.);
#5440=ORIENTED_EDGE('',*,*,#4205,.T.);
#5441=ORIENTED_EDGE('',*,*,#4207,.F.);
#5442=ORIENTED_EDGE('',*,*,#4208,.F.);
#5443=ORIENTED_EDGE('',*,*,#4209,.F.);
#5444=ORIENTED_EDGE('',*,*,#4208,.T.);
#5445=ORIENTED_EDGE('',*,*,#4210,.F.);
#5446=ORIENTED_EDGE('',*,*,#4211,.F.);
#5447=ORIENTED_EDGE('',*,*,#4212,.F.);
#5448=ORIENTED_EDGE('',*,*,#4211,.T.);
#5449=ORIENTED_EDGE('',*,*,#4213,.F.);
#5450=ORIENTED_EDGE('',*,*,#4197,.F.);
#5451=ORIENTED_EDGE('',*,*,#4212,.T.);
#5452=ORIENTED_EDGE('',*,*,#4196,.T.);
#5453=ORIENTED_EDGE('',*,*,#4200,.T.);
#5454=ORIENTED_EDGE('',*,*,#4203,.T.);
#5455=ORIENTED_EDGE('',*,*,#4206,.T.);
#5456=ORIENTED_EDGE('',*,*,#4209,.T.);
#5457=ORIENTED_EDGE('',*,*,#4195,.T.);
#5458=ORIENTED_EDGE('',*,*,#4213,.T.);
#5459=ORIENTED_EDGE('',*,*,#4210,.T.);
#5460=ORIENTED_EDGE('',*,*,#4207,.T.);
#5461=ORIENTED_EDGE('',*,*,#4204,.T.);
#5462=ORIENTED_EDGE('',*,*,#4201,.T.);
#5463=ORIENTED_EDGE('',*,*,#4198,.T.);
#5464=ORIENTED_EDGE('',*,*,#4193,.T.);
#5465=ORIENTED_EDGE('',*,*,#4214,.F.);
#5466=ORIENTED_EDGE('',*,*,#4215,.T.);
#5467=ORIENTED_EDGE('',*,*,#4216,.T.);
#5468=ORIENTED_EDGE('',*,*,#4217,.F.);
#5469=ORIENTED_EDGE('',*,*,#4218,.F.);
#5470=ORIENTED_EDGE('',*,*,#4219,.T.);
#5471=ORIENTED_EDGE('',*,*,#4220,.T.);
#5472=ORIENTED_EDGE('',*,*,#4215,.F.);
#5473=ORIENTED_EDGE('',*,*,#4221,.F.);
#5474=ORIENTED_EDGE('',*,*,#4222,.T.);
#5475=ORIENTED_EDGE('',*,*,#4223,.T.);
#5476=ORIENTED_EDGE('',*,*,#4219,.F.);
#5477=ORIENTED_EDGE('',*,*,#4224,.F.);
#5478=ORIENTED_EDGE('',*,*,#4225,.T.);
#5479=ORIENTED_EDGE('',*,*,#4226,.T.);
#5480=ORIENTED_EDGE('',*,*,#4222,.F.);
#5481=ORIENTED_EDGE('',*,*,#4227,.F.);
#5482=ORIENTED_EDGE('',*,*,#4228,.T.);
#5483=ORIENTED_EDGE('',*,*,#4229,.T.);
#5484=ORIENTED_EDGE('',*,*,#4225,.F.);
#5485=ORIENTED_EDGE('',*,*,#4230,.F.);
#5486=ORIENTED_EDGE('',*,*,#4217,.T.);
#5487=ORIENTED_EDGE('',*,*,#4231,.T.);
#5488=ORIENTED_EDGE('',*,*,#4228,.F.);
#5489=ORIENTED_EDGE('',*,*,#4231,.F.);
#5490=ORIENTED_EDGE('',*,*,#4216,.F.);
#5491=ORIENTED_EDGE('',*,*,#4220,.F.);
#5492=ORIENTED_EDGE('',*,*,#4223,.F.);
#5493=ORIENTED_EDGE('',*,*,#4226,.F.);
#5494=ORIENTED_EDGE('',*,*,#4229,.F.);
#5495=ORIENTED_EDGE('',*,*,#4232,.F.);
#5496=ORIENTED_EDGE('',*,*,#4233,.F.);
#5497=ORIENTED_EDGE('',*,*,#4234,.T.);
#5498=ORIENTED_EDGE('',*,*,#4235,.T.);
#5499=ORIENTED_EDGE('',*,*,#4236,.F.);
#5500=ORIENTED_EDGE('',*,*,#4237,.F.);
#5501=ORIENTED_EDGE('',*,*,#4238,.T.);
#5502=ORIENTED_EDGE('',*,*,#4239,.T.);
#5503=ORIENTED_EDGE('',*,*,#4234,.F.);
#5504=ORIENTED_EDGE('',*,*,#4240,.F.);
#5505=ORIENTED_EDGE('',*,*,#4241,.T.);
#5506=ORIENTED_EDGE('',*,*,#4242,.T.);
#5507=ORIENTED_EDGE('',*,*,#4238,.F.);
#5508=ORIENTED_EDGE('',*,*,#4243,.F.);
#5509=ORIENTED_EDGE('',*,*,#4244,.T.);
#5510=ORIENTED_EDGE('',*,*,#4245,.T.);
#5511=ORIENTED_EDGE('',*,*,#4241,.F.);
#5512=ORIENTED_EDGE('',*,*,#4246,.F.);
#5513=ORIENTED_EDGE('',*,*,#4247,.T.);
#5514=ORIENTED_EDGE('',*,*,#4248,.T.);
#5515=ORIENTED_EDGE('',*,*,#4244,.F.);
#5516=ORIENTED_EDGE('',*,*,#4249,.F.);
#5517=ORIENTED_EDGE('',*,*,#4236,.T.);
#5518=ORIENTED_EDGE('',*,*,#4250,.T.);
#5519=ORIENTED_EDGE('',*,*,#4247,.F.);
#5520=ORIENTED_EDGE('',*,*,#4250,.F.);
#5521=ORIENTED_EDGE('',*,*,#4235,.F.);
#5522=ORIENTED_EDGE('',*,*,#4239,.F.);
#5523=ORIENTED_EDGE('',*,*,#4242,.F.);
#5524=ORIENTED_EDGE('',*,*,#4245,.F.);
#5525=ORIENTED_EDGE('',*,*,#4248,.F.);
#5526=ORIENTED_EDGE('',*,*,#4251,.F.);
#5527=ORIENTED_EDGE('',*,*,#4252,.F.);
#5528=ORIENTED_EDGE('',*,*,#4253,.T.);
#5529=ORIENTED_EDGE('',*,*,#4254,.T.);
#5530=ORIENTED_EDGE('',*,*,#4255,.F.);
#5531=ORIENTED_EDGE('',*,*,#4256,.F.);
#5532=ORIENTED_EDGE('',*,*,#4257,.T.);
#5533=ORIENTED_EDGE('',*,*,#4258,.T.);
#5534=ORIENTED_EDGE('',*,*,#4253,.F.);
#5535=ORIENTED_EDGE('',*,*,#4259,.F.);
#5536=ORIENTED_EDGE('',*,*,#4260,.T.);
#5537=ORIENTED_EDGE('',*,*,#4261,.T.);
#5538=ORIENTED_EDGE('',*,*,#4257,.F.);
#5539=ORIENTED_EDGE('',*,*,#4262,.F.);
#5540=ORIENTED_EDGE('',*,*,#4263,.T.);
#5541=ORIENTED_EDGE('',*,*,#4264,.T.);
#5542=ORIENTED_EDGE('',*,*,#4260,.F.);
#5543=ORIENTED_EDGE('',*,*,#4265,.F.);
#5544=ORIENTED_EDGE('',*,*,#4266,.T.);
#5545=ORIENTED_EDGE('',*,*,#4267,.T.);
#5546=ORIENTED_EDGE('',*,*,#4263,.F.);
#5547=ORIENTED_EDGE('',*,*,#4268,.F.);
#5548=ORIENTED_EDGE('',*,*,#4255,.T.);
#5549=ORIENTED_EDGE('',*,*,#4269,.T.);
#5550=ORIENTED_EDGE('',*,*,#4266,.F.);
#5551=ORIENTED_EDGE('',*,*,#4269,.F.);
#5552=ORIENTED_EDGE('',*,*,#4254,.F.);
#5553=ORIENTED_EDGE('',*,*,#4258,.F.);
#5554=ORIENTED_EDGE('',*,*,#4261,.F.);
#5555=ORIENTED_EDGE('',*,*,#4264,.F.);
#5556=ORIENTED_EDGE('',*,*,#4267,.F.);
#5557=ORIENTED_EDGE('',*,*,#4270,.F.);
#5558=ORIENTED_EDGE('',*,*,#4271,.F.);
#5559=ORIENTED_EDGE('',*,*,#4272,.T.);
#5560=ORIENTED_EDGE('',*,*,#4273,.T.);
#5561=ORIENTED_EDGE('',*,*,#4272,.F.);
#5562=ORIENTED_EDGE('',*,*,#4273,.F.);
#5563=ORIENTED_EDGE('',*,*,#4274,.F.);
#5564=ORIENTED_EDGE('',*,*,#4275,.F.);
#5565=ORIENTED_EDGE('',*,*,#4276,.T.);
#5566=ORIENTED_EDGE('',*,*,#4277,.T.);
#5567=ORIENTED_EDGE('',*,*,#4276,.F.);
#5568=ORIENTED_EDGE('',*,*,#4277,.F.);
#5569=ORIENTED_EDGE('',*,*,#4278,.F.);
#5570=ORIENTED_EDGE('',*,*,#4279,.F.);
#5571=ORIENTED_EDGE('',*,*,#4280,.T.);
#5572=ORIENTED_EDGE('',*,*,#4281,.T.);
#5573=ORIENTED_EDGE('',*,*,#4280,.F.);
#5574=ORIENTED_EDGE('',*,*,#4281,.F.);
#5575=ORIENTED_EDGE('',*,*,#4282,.F.);
#5576=ORIENTED_EDGE('',*,*,#4232,.T.);
#5577=ORIENTED_EDGE('',*,*,#4283,.T.);
#5578=ORIENTED_EDGE('',*,*,#4284,.F.);
#5579=ORIENTED_EDGE('',*,*,#4283,.F.);
#5580=ORIENTED_EDGE('',*,*,#4285,.F.);
#5581=ORIENTED_EDGE('',*,*,#4286,.T.);
#5582=ORIENTED_EDGE('',*,*,#4274,.T.);
#5583=ORIENTED_EDGE('',*,*,#4286,.F.);
#5584=ORIENTED_EDGE('',*,*,#4251,.T.);
#5585=ORIENTED_EDGE('',*,*,#4287,.T.);
#5586=ORIENTED_EDGE('',*,*,#4288,.F.);
#5587=ORIENTED_EDGE('',*,*,#4287,.F.);
#5588=ORIENTED_EDGE('',*,*,#4289,.F.);
#5589=ORIENTED_EDGE('',*,*,#4290,.T.);
#5590=ORIENTED_EDGE('',*,*,#4278,.T.);
#5591=ORIENTED_EDGE('',*,*,#4290,.F.);
#5592=ORIENTED_EDGE('',*,*,#4270,.T.);
#5593=ORIENTED_EDGE('',*,*,#4291,.T.);
#5594=ORIENTED_EDGE('',*,*,#4292,.F.);
#5595=ORIENTED_EDGE('',*,*,#4291,.F.);
#5596=ORIENTED_EDGE('',*,*,#4293,.F.);
#5597=ORIENTED_EDGE('',*,*,#4294,.T.);
#5598=ORIENTED_EDGE('',*,*,#4282,.T.);
#5599=ORIENTED_EDGE('',*,*,#4294,.F.);
#5600=ORIENTED_EDGE('',*,*,#4295,.F.);
#5601=ORIENTED_EDGE('',*,*,#4296,.T.);
#5602=ORIENTED_EDGE('',*,*,#4297,.F.);
#5603=ORIENTED_EDGE('',*,*,#4296,.F.);
#5604=ORIENTED_EDGE('',*,*,#4295,.T.);
#5605=ORIENTED_EDGE('',*,*,#4298,.F.);
#5606=ORIENTED_EDGE('',*,*,#4299,.F.);
#5607=ORIENTED_EDGE('',*,*,#4300,.T.);
#5608=ORIENTED_EDGE('',*,*,#4301,.T.);
#5609=ORIENTED_EDGE('',*,*,#4300,.F.);
#5610=ORIENTED_EDGE('',*,*,#4301,.F.);
#5611=ORIENTED_EDGE('',*,*,#4302,.F.);
#5612=ORIENTED_EDGE('',*,*,#4303,.T.);
#5613=ORIENTED_EDGE('',*,*,#4304,.T.);
#5614=ORIENTED_EDGE('',*,*,#4303,.F.);
#5615=ORIENTED_EDGE('',*,*,#4304,.F.);
#5616=ORIENTED_EDGE('',*,*,#4305,.F.);
#5617=ORIENTED_EDGE('',*,*,#4306,.T.);
#5618=ORIENTED_EDGE('',*,*,#4298,.T.);
#5619=ORIENTED_EDGE('',*,*,#4306,.F.);
#5620=ORIENTED_EDGE('',*,*,#4307,.F.);
#5621=ORIENTED_EDGE('',*,*,#4308,.T.);
#5622=ORIENTED_EDGE('',*,*,#4309,.F.);
#5623=ORIENTED_EDGE('',*,*,#4310,.F.);
#5624=ORIENTED_EDGE('',*,*,#4311,.F.);
#5625=ORIENTED_EDGE('',*,*,#4285,.T.);
#5626=ORIENTED_EDGE('',*,*,#4289,.T.);
#5627=ORIENTED_EDGE('',*,*,#4293,.T.);
#5628=ORIENTED_EDGE('',*,*,#4312,.F.);
#5629=ORIENTED_EDGE('',*,*,#4313,.T.);
#5630=ORIENTED_EDGE('',*,*,#4314,.F.);
#5631=ORIENTED_EDGE('',*,*,#4308,.F.);
#5632=ORIENTED_EDGE('',*,*,#4297,.T.);
#5633=ORIENTED_EDGE('',*,*,#4315,.F.);
#5634=ORIENTED_EDGE('',*,*,#4316,.F.);
#5635=ORIENTED_EDGE('',*,*,#4317,.F.);
#5636=ORIENTED_EDGE('',*,*,#4318,.F.);
#5637=ORIENTED_EDGE('',*,*,#4313,.F.);
#5638=ORIENTED_EDGE('',*,*,#4284,.T.);
#5639=ORIENTED_EDGE('',*,*,#4288,.T.);
#5640=ORIENTED_EDGE('',*,*,#4292,.T.);
#5641=ORIENTED_EDGE('',*,*,#4315,.T.);
#5642=ORIENTED_EDGE('',*,*,#4312,.T.);
#5643=ORIENTED_EDGE('',*,*,#4307,.T.);
#5644=ORIENTED_EDGE('',*,*,#4319,.F.);
#5645=ORIENTED_EDGE('',*,*,#4320,.F.);
#5646=ORIENTED_EDGE('',*,*,#4321,.F.);
#5647=ORIENTED_EDGE('',*,*,#4322,.F.);
#5648=ORIENTED_EDGE('',*,*,#4323,.F.);
#5649=ORIENTED_EDGE('',*,*,#4311,.T.);
#5650=ORIENTED_EDGE('',*,*,#4324,.T.);
#5651=ORIENTED_EDGE('',*,*,#4325,.F.);
#5652=ORIENTED_EDGE('',*,*,#4319,.T.);
#5653=ORIENTED_EDGE('',*,*,#4310,.T.);
#5654=ORIENTED_EDGE('',*,*,#4326,.T.);
#5655=ORIENTED_EDGE('',*,*,#4327,.F.);
#5656=ORIENTED_EDGE('',*,*,#4324,.F.);
#5657=ORIENTED_EDGE('',*,*,#4328,.T.);
#5658=ORIENTED_EDGE('',*,*,#4322,.T.);
#5659=ORIENTED_EDGE('',*,*,#4329,.T.);
#5660=ORIENTED_EDGE('',*,*,#4330,.T.);
#5661=ORIENTED_EDGE('',*,*,#4331,.T.);
#5662=ORIENTED_EDGE('',*,*,#4252,.T.);
#5663=ORIENTED_EDGE('',*,*,#4268,.T.);
#5664=ORIENTED_EDGE('',*,*,#4265,.T.);
#5665=ORIENTED_EDGE('',*,*,#4262,.T.);
#5666=ORIENTED_EDGE('',*,*,#4259,.T.);
#5667=ORIENTED_EDGE('',*,*,#4256,.T.);
#5668=ORIENTED_EDGE('',*,*,#4233,.T.);
#5669=ORIENTED_EDGE('',*,*,#4249,.T.);
#5670=ORIENTED_EDGE('',*,*,#4246,.T.);
#5671=ORIENTED_EDGE('',*,*,#4243,.T.);
#5672=ORIENTED_EDGE('',*,*,#4240,.T.);
#5673=ORIENTED_EDGE('',*,*,#4237,.T.);
#5674=ORIENTED_EDGE('',*,*,#4214,.T.);
#5675=ORIENTED_EDGE('',*,*,#4230,.T.);
#5676=ORIENTED_EDGE('',*,*,#4227,.T.);
#5677=ORIENTED_EDGE('',*,*,#4224,.T.);
#5678=ORIENTED_EDGE('',*,*,#4221,.T.);
#5679=ORIENTED_EDGE('',*,*,#4218,.T.);
#5680=ORIENTED_EDGE('',*,*,#4321,.T.);
#5681=ORIENTED_EDGE('',*,*,#4332,.F.);
#5682=ORIENTED_EDGE('',*,*,#4333,.F.);
#5683=ORIENTED_EDGE('',*,*,#4329,.F.);
#5684=ORIENTED_EDGE('',*,*,#4299,.T.);
#5685=ORIENTED_EDGE('',*,*,#4302,.T.);
#5686=ORIENTED_EDGE('',*,*,#4305,.T.);
#5687=ORIENTED_EDGE('',*,*,#4318,.T.);
#5688=ORIENTED_EDGE('',*,*,#4334,.F.);
#5689=ORIENTED_EDGE('',*,*,#4330,.F.);
#5690=ORIENTED_EDGE('',*,*,#4333,.T.);
#5691=ORIENTED_EDGE('',*,*,#4335,.F.);
#5692=ORIENTED_EDGE('',*,*,#4326,.F.);
#5693=ORIENTED_EDGE('',*,*,#4309,.T.);
#5694=ORIENTED_EDGE('',*,*,#4314,.T.);
#5695=ORIENTED_EDGE('',*,*,#4317,.T.);
#5696=ORIENTED_EDGE('',*,*,#4336,.F.);
#5697=ORIENTED_EDGE('',*,*,#4331,.F.);
#5698=ORIENTED_EDGE('',*,*,#4334,.T.);
#5699=ORIENTED_EDGE('',*,*,#4316,.T.);
#5700=ORIENTED_EDGE('',*,*,#4323,.T.);
#5701=ORIENTED_EDGE('',*,*,#4328,.F.);
#5702=ORIENTED_EDGE('',*,*,#4336,.T.);
#5703=ORIENTED_EDGE('',*,*,#4325,.T.);
#5704=ORIENTED_EDGE('',*,*,#4327,.T.);
#5705=ORIENTED_EDGE('',*,*,#4335,.T.);
#5706=ORIENTED_EDGE('',*,*,#4332,.T.);
#5707=ORIENTED_EDGE('',*,*,#4320,.T.);
#5708=ORIENTED_EDGE('',*,*,#4279,.T.);
#5709=ORIENTED_EDGE('',*,*,#4275,.T.);
#5710=ORIENTED_EDGE('',*,*,#4271,.T.);
#5711=ORIENTED_EDGE('',*,*,#4337,.F.);
#5712=ORIENTED_EDGE('',*,*,#4338,.T.);
#5713=ORIENTED_EDGE('',*,*,#4339,.F.);
#5714=ORIENTED_EDGE('',*,*,#4338,.F.);
#5715=ORIENTED_EDGE('',*,*,#4340,.F.);
#5716=ORIENTED_EDGE('',*,*,#4341,.T.);
#5717=ORIENTED_EDGE('',*,*,#4342,.F.);
#5718=ORIENTED_EDGE('',*,*,#4341,.F.);
#5719=ORIENTED_EDGE('',*,*,#4343,.F.);
#5720=ORIENTED_EDGE('',*,*,#4344,.T.);
#5721=ORIENTED_EDGE('',*,*,#4345,.F.);
#5722=ORIENTED_EDGE('',*,*,#4344,.F.);
#5723=ORIENTED_EDGE('',*,*,#4346,.F.);
#5724=ORIENTED_EDGE('',*,*,#4347,.T.);
#5725=ORIENTED_EDGE('',*,*,#4348,.F.);
#5726=ORIENTED_EDGE('',*,*,#4349,.F.);
#5727=ORIENTED_EDGE('',*,*,#4350,.F.);
#5728=ORIENTED_EDGE('',*,*,#4349,.T.);
#5729=ORIENTED_EDGE('',*,*,#4351,.F.);
#5730=ORIENTED_EDGE('',*,*,#4352,.F.);
#5731=ORIENTED_EDGE('',*,*,#4353,.F.);
#5732=ORIENTED_EDGE('',*,*,#4352,.T.);
#5733=ORIENTED_EDGE('',*,*,#4354,.F.);
#5734=ORIENTED_EDGE('',*,*,#4355,.F.);
#5735=ORIENTED_EDGE('',*,*,#4356,.F.);
#5736=ORIENTED_EDGE('',*,*,#4355,.T.);
#5737=ORIENTED_EDGE('',*,*,#4357,.F.);
#5738=ORIENTED_EDGE('',*,*,#4358,.T.);
#5739=ORIENTED_EDGE('',*,*,#4359,.F.);
#5740=ORIENTED_EDGE('',*,*,#4360,.T.);
#5741=ORIENTED_EDGE('',*,*,#4361,.F.);
#5742=ORIENTED_EDGE('',*,*,#4347,.F.);
#5743=ORIENTED_EDGE('',*,*,#4362,.F.);
#5744=ORIENTED_EDGE('',*,*,#4358,.F.);
#5745=ORIENTED_EDGE('',*,*,#4363,.F.);
#5746=ORIENTED_EDGE('',*,*,#4360,.F.);
#5747=ORIENTED_EDGE('',*,*,#4364,.F.);
#5748=ORIENTED_EDGE('',*,*,#4365,.T.);
#5749=ORIENTED_EDGE('',*,*,#4366,.F.);
#5750=ORIENTED_EDGE('',*,*,#4367,.F.);
#5751=ORIENTED_EDGE('',*,*,#4368,.F.);
#5752=ORIENTED_EDGE('',*,*,#4367,.T.);
#5753=ORIENTED_EDGE('',*,*,#4369,.F.);
#5754=ORIENTED_EDGE('',*,*,#4370,.F.);
#5755=ORIENTED_EDGE('',*,*,#4371,.F.);
#5756=ORIENTED_EDGE('',*,*,#4370,.T.);
#5757=ORIENTED_EDGE('',*,*,#4372,.F.);
#5758=ORIENTED_EDGE('',*,*,#4373,.F.);
#5759=ORIENTED_EDGE('',*,*,#4374,.F.);
#5760=ORIENTED_EDGE('',*,*,#4373,.T.);
#5761=ORIENTED_EDGE('',*,*,#4375,.F.);
#5762=ORIENTED_EDGE('',*,*,#4376,.F.);
#5763=ORIENTED_EDGE('',*,*,#4377,.F.);
#5764=ORIENTED_EDGE('',*,*,#4376,.T.);
#5765=ORIENTED_EDGE('',*,*,#4378,.F.);
#5766=ORIENTED_EDGE('',*,*,#4379,.T.);
#5767=ORIENTED_EDGE('',*,*,#4380,.F.);
#5768=ORIENTED_EDGE('',*,*,#4381,.T.);
#5769=ORIENTED_EDGE('',*,*,#4382,.F.);
#5770=ORIENTED_EDGE('',*,*,#4365,.F.);
#5771=ORIENTED_EDGE('',*,*,#4383,.F.);
#5772=ORIENTED_EDGE('',*,*,#4384,.T.);
#5773=ORIENTED_EDGE('',*,*,#4385,.F.);
#5774=ORIENTED_EDGE('',*,*,#4381,.F.);
#5775=ORIENTED_EDGE('',*,*,#4386,.F.);
#5776=ORIENTED_EDGE('',*,*,#4379,.F.);
#5777=ORIENTED_EDGE('',*,*,#4387,.F.);
#5778=ORIENTED_EDGE('',*,*,#4384,.F.);
#5779=ORIENTED_EDGE('',*,*,#4388,.F.);
#5780=ORIENTED_EDGE('',*,*,#4389,.T.);
#5781=ORIENTED_EDGE('',*,*,#4390,.F.);
#5782=ORIENTED_EDGE('',*,*,#4391,.F.);
#5783=ORIENTED_EDGE('',*,*,#4392,.F.);
#5784=ORIENTED_EDGE('',*,*,#4391,.T.);
#5785=ORIENTED_EDGE('',*,*,#4393,.F.);
#5786=ORIENTED_EDGE('',*,*,#4394,.F.);
#5787=ORIENTED_EDGE('',*,*,#4395,.F.);
#5788=ORIENTED_EDGE('',*,*,#4394,.T.);
#5789=ORIENTED_EDGE('',*,*,#4396,.F.);
#5790=ORIENTED_EDGE('',*,*,#4397,.F.);
#5791=ORIENTED_EDGE('',*,*,#4398,.F.);
#5792=ORIENTED_EDGE('',*,*,#4397,.T.);
#5793=ORIENTED_EDGE('',*,*,#4399,.F.);
#5794=ORIENTED_EDGE('',*,*,#4400,.F.);
#5795=ORIENTED_EDGE('',*,*,#4401,.F.);
#5796=ORIENTED_EDGE('',*,*,#4400,.T.);
#5797=ORIENTED_EDGE('',*,*,#4402,.F.);
#5798=ORIENTED_EDGE('',*,*,#4403,.T.);
#5799=ORIENTED_EDGE('',*,*,#4404,.F.);
#5800=ORIENTED_EDGE('',*,*,#4405,.T.);
#5801=ORIENTED_EDGE('',*,*,#4406,.F.);
#5802=ORIENTED_EDGE('',*,*,#4389,.F.);
#5803=ORIENTED_EDGE('',*,*,#4407,.F.);
#5804=ORIENTED_EDGE('',*,*,#4408,.T.);
#5805=ORIENTED_EDGE('',*,*,#4409,.F.);
#5806=ORIENTED_EDGE('',*,*,#4405,.F.);
#5807=ORIENTED_EDGE('',*,*,#4410,.F.);
#5808=ORIENTED_EDGE('',*,*,#4403,.F.);
#5809=ORIENTED_EDGE('',*,*,#4411,.F.);
#5810=ORIENTED_EDGE('',*,*,#4408,.F.);
#5811=ORIENTED_EDGE('',*,*,#4412,.F.);
#5812=ORIENTED_EDGE('',*,*,#4413,.T.);
#5813=ORIENTED_EDGE('',*,*,#4414,.F.);
#5814=ORIENTED_EDGE('',*,*,#4415,.F.);
#5815=ORIENTED_EDGE('',*,*,#4416,.F.);
#5816=ORIENTED_EDGE('',*,*,#4415,.T.);
#5817=ORIENTED_EDGE('',*,*,#4417,.F.);
#5818=ORIENTED_EDGE('',*,*,#4418,.F.);
#5819=ORIENTED_EDGE('',*,*,#4419,.F.);
#5820=ORIENTED_EDGE('',*,*,#4418,.T.);
#5821=ORIENTED_EDGE('',*,*,#4420,.F.);
#5822=ORIENTED_EDGE('',*,*,#4421,.F.);
#5823=ORIENTED_EDGE('',*,*,#4422,.F.);
#5824=ORIENTED_EDGE('',*,*,#4421,.T.);
#5825=ORIENTED_EDGE('',*,*,#4423,.F.);
#5826=ORIENTED_EDGE('',*,*,#4424,.F.);
#5827=ORIENTED_EDGE('',*,*,#4425,.F.);
#5828=ORIENTED_EDGE('',*,*,#4424,.T.);
#5829=ORIENTED_EDGE('',*,*,#4426,.F.);
#5830=ORIENTED_EDGE('',*,*,#4427,.T.);
#5831=ORIENTED_EDGE('',*,*,#4428,.F.);
#5832=ORIENTED_EDGE('',*,*,#4429,.T.);
#5833=ORIENTED_EDGE('',*,*,#4430,.F.);
#5834=ORIENTED_EDGE('',*,*,#4413,.F.);
#5835=ORIENTED_EDGE('',*,*,#4431,.F.);
#5836=ORIENTED_EDGE('',*,*,#4432,.T.);
#5837=ORIENTED_EDGE('',*,*,#4433,.F.);
#5838=ORIENTED_EDGE('',*,*,#4429,.F.);
#5839=ORIENTED_EDGE('',*,*,#4434,.F.);
#5840=ORIENTED_EDGE('',*,*,#4427,.F.);
#5841=ORIENTED_EDGE('',*,*,#4435,.F.);
#5842=ORIENTED_EDGE('',*,*,#4432,.F.);
#5843=ORIENTED_EDGE('',*,*,#4436,.F.);
#5844=ORIENTED_EDGE('',*,*,#4437,.T.);
#5845=ORIENTED_EDGE('',*,*,#4438,.F.);
#5846=ORIENTED_EDGE('',*,*,#4439,.F.);
#5847=ORIENTED_EDGE('',*,*,#4440,.F.);
#5848=ORIENTED_EDGE('',*,*,#4439,.T.);
#5849=ORIENTED_EDGE('',*,*,#4441,.F.);
#5850=ORIENTED_EDGE('',*,*,#4442,.F.);
#5851=ORIENTED_EDGE('',*,*,#4443,.F.);
#5852=ORIENTED_EDGE('',*,*,#4442,.T.);
#5853=ORIENTED_EDGE('',*,*,#4444,.F.);
#5854=ORIENTED_EDGE('',*,*,#4445,.F.);
#5855=ORIENTED_EDGE('',*,*,#4446,.F.);
#5856=ORIENTED_EDGE('',*,*,#4445,.T.);
#5857=ORIENTED_EDGE('',*,*,#4447,.F.);
#5858=ORIENTED_EDGE('',*,*,#4448,.F.);
#5859=ORIENTED_EDGE('',*,*,#4449,.F.);
#5860=ORIENTED_EDGE('',*,*,#4448,.T.);
#5861=ORIENTED_EDGE('',*,*,#4450,.F.);
#5862=ORIENTED_EDGE('',*,*,#4451,.T.);
#5863=ORIENTED_EDGE('',*,*,#4452,.F.);
#5864=ORIENTED_EDGE('',*,*,#4453,.T.);
#5865=ORIENTED_EDGE('',*,*,#4454,.F.);
#5866=ORIENTED_EDGE('',*,*,#4437,.F.);
#5867=ORIENTED_EDGE('',*,*,#4455,.F.);
#5868=ORIENTED_EDGE('',*,*,#4456,.T.);
#5869=ORIENTED_EDGE('',*,*,#4457,.F.);
#5870=ORIENTED_EDGE('',*,*,#4453,.F.);
#5871=ORIENTED_EDGE('',*,*,#4458,.F.);
#5872=ORIENTED_EDGE('',*,*,#4451,.F.);
#5873=ORIENTED_EDGE('',*,*,#4459,.F.);
#5874=ORIENTED_EDGE('',*,*,#4456,.F.);
#5875=ORIENTED_EDGE('',*,*,#4460,.F.);
#5876=ORIENTED_EDGE('',*,*,#4461,.T.);
#5877=ORIENTED_EDGE('',*,*,#4462,.F.);
#5878=ORIENTED_EDGE('',*,*,#4463,.F.);
#5879=ORIENTED_EDGE('',*,*,#4464,.F.);
#5880=ORIENTED_EDGE('',*,*,#4463,.T.);
#5881=ORIENTED_EDGE('',*,*,#4465,.F.);
#5882=ORIENTED_EDGE('',*,*,#4466,.F.);
#5883=ORIENTED_EDGE('',*,*,#4467,.F.);
#5884=ORIENTED_EDGE('',*,*,#4466,.T.);
#5885=ORIENTED_EDGE('',*,*,#4468,.F.);
#5886=ORIENTED_EDGE('',*,*,#4469,.T.);
#5887=ORIENTED_EDGE('',*,*,#4470,.F.);
#5888=ORIENTED_EDGE('',*,*,#4471,.T.);
#5889=ORIENTED_EDGE('',*,*,#4472,.F.);
#5890=ORIENTED_EDGE('',*,*,#4461,.F.);
#5891=ORIENTED_EDGE('',*,*,#4473,.F.);
#5892=ORIENTED_EDGE('',*,*,#4469,.F.);
#5893=ORIENTED_EDGE('',*,*,#4474,.F.);
#5894=ORIENTED_EDGE('',*,*,#4471,.F.);
#5895=ORIENTED_EDGE('',*,*,#4475,.T.);
#5896=ORIENTED_EDGE('',*,*,#4476,.T.);
#5897=ORIENTED_EDGE('',*,*,#4477,.T.);
#5898=ORIENTED_EDGE('',*,*,#4478,.T.);
#5899=ORIENTED_EDGE('',*,*,#4479,.T.);
#5900=ORIENTED_EDGE('',*,*,#4480,.T.);
#5901=ORIENTED_EDGE('',*,*,#4481,.T.);
#5902=ORIENTED_EDGE('',*,*,#4482,.T.);
#5903=ORIENTED_EDGE('',*,*,#4483,.T.);
#5904=ORIENTED_EDGE('',*,*,#4484,.T.);
#5905=ORIENTED_EDGE('',*,*,#4485,.T.);
#5906=ORIENTED_EDGE('',*,*,#4486,.T.);
#5907=ORIENTED_EDGE('',*,*,#4487,.T.);
#5908=ORIENTED_EDGE('',*,*,#4488,.T.);
#5909=ORIENTED_EDGE('',*,*,#4489,.T.);
#5910=ORIENTED_EDGE('',*,*,#4490,.T.);
#5911=ORIENTED_EDGE('',*,*,#4491,.T.);
#5912=ORIENTED_EDGE('',*,*,#4492,.T.);
#5913=ORIENTED_EDGE('',*,*,#4493,.T.);
#5914=ORIENTED_EDGE('',*,*,#4494,.T.);
#5915=ORIENTED_EDGE('',*,*,#4495,.T.);
#5916=ORIENTED_EDGE('',*,*,#4496,.T.);
#5917=ORIENTED_EDGE('',*,*,#4497,.T.);
#5918=ORIENTED_EDGE('',*,*,#4498,.T.);
#5919=ORIENTED_EDGE('',*,*,#4499,.T.);
#5920=ORIENTED_EDGE('',*,*,#4500,.T.);
#5921=ORIENTED_EDGE('',*,*,#4501,.T.);
#5922=ORIENTED_EDGE('',*,*,#4502,.T.);
#5923=ORIENTED_EDGE('',*,*,#4503,.T.);
#5924=ORIENTED_EDGE('',*,*,#4504,.T.);
#5925=ORIENTED_EDGE('',*,*,#4505,.T.);
#5926=ORIENTED_EDGE('',*,*,#4506,.T.);
#5927=ORIENTED_EDGE('',*,*,#4507,.T.);
#5928=ORIENTED_EDGE('',*,*,#4508,.T.);
#5929=ORIENTED_EDGE('',*,*,#4509,.T.);
#5930=ORIENTED_EDGE('',*,*,#4510,.T.);
#5931=ORIENTED_EDGE('',*,*,#4511,.T.);
#5932=ORIENTED_EDGE('',*,*,#4512,.T.);
#5933=ORIENTED_EDGE('',*,*,#4513,.T.);
#5934=ORIENTED_EDGE('',*,*,#4514,.T.);
#5935=ORIENTED_EDGE('',*,*,#4515,.T.);
#5936=ORIENTED_EDGE('',*,*,#4516,.T.);
#5937=ORIENTED_EDGE('',*,*,#4517,.T.);
#5938=ORIENTED_EDGE('',*,*,#4518,.T.);
#5939=ORIENTED_EDGE('',*,*,#4519,.T.);
#5940=ORIENTED_EDGE('',*,*,#4356,.T.);
#5941=ORIENTED_EDGE('',*,*,#4362,.T.);
#5942=ORIENTED_EDGE('',*,*,#4359,.T.);
#5943=ORIENTED_EDGE('',*,*,#4346,.T.);
#5944=ORIENTED_EDGE('',*,*,#4350,.T.);
#5945=ORIENTED_EDGE('',*,*,#4353,.T.);
#5946=ORIENTED_EDGE('',*,*,#4377,.T.);
#5947=ORIENTED_EDGE('',*,*,#4386,.T.);
#5948=ORIENTED_EDGE('',*,*,#4383,.T.);
#5949=ORIENTED_EDGE('',*,*,#4380,.T.);
#5950=ORIENTED_EDGE('',*,*,#4364,.T.);
#5951=ORIENTED_EDGE('',*,*,#4368,.T.);
#5952=ORIENTED_EDGE('',*,*,#4371,.T.);
#5953=ORIENTED_EDGE('',*,*,#4374,.T.);
#5954=ORIENTED_EDGE('',*,*,#4401,.T.);
#5955=ORIENTED_EDGE('',*,*,#4410,.T.);
#5956=ORIENTED_EDGE('',*,*,#4407,.T.);
#5957=ORIENTED_EDGE('',*,*,#4404,.T.);
#5958=ORIENTED_EDGE('',*,*,#4388,.T.);
#5959=ORIENTED_EDGE('',*,*,#4392,.T.);
#5960=ORIENTED_EDGE('',*,*,#4395,.T.);
#5961=ORIENTED_EDGE('',*,*,#4398,.T.);
#5962=ORIENTED_EDGE('',*,*,#4425,.T.);
#5963=ORIENTED_EDGE('',*,*,#4434,.T.);
#5964=ORIENTED_EDGE('',*,*,#4431,.T.);
#5965=ORIENTED_EDGE('',*,*,#4428,.T.);
#5966=ORIENTED_EDGE('',*,*,#4412,.T.);
#5967=ORIENTED_EDGE('',*,*,#4416,.T.);
#5968=ORIENTED_EDGE('',*,*,#4419,.T.);
#5969=ORIENTED_EDGE('',*,*,#4422,.T.);
#5970=ORIENTED_EDGE('',*,*,#4449,.T.);
#5971=ORIENTED_EDGE('',*,*,#4458,.T.);
#5972=ORIENTED_EDGE('',*,*,#4455,.T.);
#5973=ORIENTED_EDGE('',*,*,#4452,.T.);
#5974=ORIENTED_EDGE('',*,*,#4436,.T.);
#5975=ORIENTED_EDGE('',*,*,#4440,.T.);
#5976=ORIENTED_EDGE('',*,*,#4443,.T.);
#5977=ORIENTED_EDGE('',*,*,#4446,.T.);
#5978=ORIENTED_EDGE('',*,*,#4467,.T.);
#5979=ORIENTED_EDGE('',*,*,#4473,.T.);
#5980=ORIENTED_EDGE('',*,*,#4470,.T.);
#5981=ORIENTED_EDGE('',*,*,#4460,.T.);
#5982=ORIENTED_EDGE('',*,*,#4464,.T.);
#5983=ORIENTED_EDGE('',*,*,#4343,.T.);
#5984=ORIENTED_EDGE('',*,*,#4340,.T.);
#5985=ORIENTED_EDGE('',*,*,#4337,.T.);
#5986=ORIENTED_EDGE('',*,*,#4520,.F.);
#5987=ORIENTED_EDGE('',*,*,#4521,.F.);
#5988=ORIENTED_EDGE('',*,*,#4522,.F.);
#5989=ORIENTED_EDGE('',*,*,#4476,.F.);
#5990=ORIENTED_EDGE('',*,*,#4522,.T.);
#5991=ORIENTED_EDGE('',*,*,#4523,.F.);
#5992=ORIENTED_EDGE('',*,*,#4524,.F.);
#5993=ORIENTED_EDGE('',*,*,#4477,.F.);
#5994=ORIENTED_EDGE('',*,*,#4524,.T.);
#5995=ORIENTED_EDGE('',*,*,#4525,.F.);
#5996=ORIENTED_EDGE('',*,*,#4526,.F.);
#5997=ORIENTED_EDGE('',*,*,#4478,.F.);
#5998=ORIENTED_EDGE('',*,*,#4526,.T.);
#5999=ORIENTED_EDGE('',*,*,#4527,.F.);
#6000=ORIENTED_EDGE('',*,*,#4528,.F.);
#6001=ORIENTED_EDGE('',*,*,#4479,.F.);
#6002=ORIENTED_EDGE('',*,*,#4528,.T.);
#6003=ORIENTED_EDGE('',*,*,#4529,.F.);
#6004=ORIENTED_EDGE('',*,*,#4530,.F.);
#6005=ORIENTED_EDGE('',*,*,#4480,.F.);
#6006=ORIENTED_EDGE('',*,*,#4530,.T.);
#6007=ORIENTED_EDGE('',*,*,#4531,.F.);
#6008=ORIENTED_EDGE('',*,*,#4532,.F.);
#6009=ORIENTED_EDGE('',*,*,#4481,.F.);
#6010=ORIENTED_EDGE('',*,*,#4532,.T.);
#6011=ORIENTED_EDGE('',*,*,#4533,.F.);
#6012=ORIENTED_EDGE('',*,*,#4534,.F.);
#6013=ORIENTED_EDGE('',*,*,#4482,.F.);
#6014=ORIENTED_EDGE('',*,*,#4534,.T.);
#6015=ORIENTED_EDGE('',*,*,#4535,.F.);
#6016=ORIENTED_EDGE('',*,*,#4536,.F.);
#6017=ORIENTED_EDGE('',*,*,#4483,.F.);
#6018=ORIENTED_EDGE('',*,*,#4536,.T.);
#6019=ORIENTED_EDGE('',*,*,#4537,.F.);
#6020=ORIENTED_EDGE('',*,*,#4538,.F.);
#6021=ORIENTED_EDGE('',*,*,#4484,.F.);
#6022=ORIENTED_EDGE('',*,*,#4538,.T.);
#6023=ORIENTED_EDGE('',*,*,#4539,.F.);
#6024=ORIENTED_EDGE('',*,*,#4540,.F.);
#6025=ORIENTED_EDGE('',*,*,#4485,.F.);
#6026=ORIENTED_EDGE('',*,*,#4540,.T.);
#6027=ORIENTED_EDGE('',*,*,#4541,.F.);
#6028=ORIENTED_EDGE('',*,*,#4542,.F.);
#6029=ORIENTED_EDGE('',*,*,#4486,.F.);
#6030=ORIENTED_EDGE('',*,*,#4542,.T.);
#6031=ORIENTED_EDGE('',*,*,#4543,.F.);
#6032=ORIENTED_EDGE('',*,*,#4544,.F.);
#6033=ORIENTED_EDGE('',*,*,#4487,.F.);
#6034=ORIENTED_EDGE('',*,*,#4544,.T.);
#6035=ORIENTED_EDGE('',*,*,#4545,.F.);
#6036=ORIENTED_EDGE('',*,*,#4546,.F.);
#6037=ORIENTED_EDGE('',*,*,#4488,.F.);
#6038=ORIENTED_EDGE('',*,*,#4546,.T.);
#6039=ORIENTED_EDGE('',*,*,#4547,.F.);
#6040=ORIENTED_EDGE('',*,*,#4548,.F.);
#6041=ORIENTED_EDGE('',*,*,#4489,.F.);
#6042=ORIENTED_EDGE('',*,*,#4548,.T.);
#6043=ORIENTED_EDGE('',*,*,#4549,.F.);
#6044=ORIENTED_EDGE('',*,*,#4550,.F.);
#6045=ORIENTED_EDGE('',*,*,#4490,.F.);
#6046=ORIENTED_EDGE('',*,*,#4550,.T.);
#6047=ORIENTED_EDGE('',*,*,#4551,.F.);
#6048=ORIENTED_EDGE('',*,*,#4552,.F.);
#6049=ORIENTED_EDGE('',*,*,#4491,.F.);
#6050=ORIENTED_EDGE('',*,*,#4552,.T.);
#6051=ORIENTED_EDGE('',*,*,#4553,.F.);
#6052=ORIENTED_EDGE('',*,*,#4554,.F.);
#6053=ORIENTED_EDGE('',*,*,#4492,.F.);
#6054=ORIENTED_EDGE('',*,*,#4554,.T.);
#6055=ORIENTED_EDGE('',*,*,#4555,.F.);
#6056=ORIENTED_EDGE('',*,*,#4556,.F.);
#6057=ORIENTED_EDGE('',*,*,#4493,.F.);
#6058=ORIENTED_EDGE('',*,*,#4556,.T.);
#6059=ORIENTED_EDGE('',*,*,#4557,.F.);
#6060=ORIENTED_EDGE('',*,*,#4558,.F.);
#6061=ORIENTED_EDGE('',*,*,#4494,.F.);
#6062=ORIENTED_EDGE('',*,*,#4558,.T.);
#6063=ORIENTED_EDGE('',*,*,#4559,.F.);
#6064=ORIENTED_EDGE('',*,*,#4560,.F.);
#6065=ORIENTED_EDGE('',*,*,#4495,.F.);
#6066=ORIENTED_EDGE('',*,*,#4560,.T.);
#6067=ORIENTED_EDGE('',*,*,#4561,.F.);
#6068=ORIENTED_EDGE('',*,*,#4562,.F.);
#6069=ORIENTED_EDGE('',*,*,#4496,.F.);
#6070=ORIENTED_EDGE('',*,*,#4562,.T.);
#6071=ORIENTED_EDGE('',*,*,#4563,.F.);
#6072=ORIENTED_EDGE('',*,*,#4564,.F.);
#6073=ORIENTED_EDGE('',*,*,#4497,.F.);
#6074=ORIENTED_EDGE('',*,*,#4564,.T.);
#6075=ORIENTED_EDGE('',*,*,#4565,.F.);
#6076=ORIENTED_EDGE('',*,*,#4566,.F.);
#6077=ORIENTED_EDGE('',*,*,#4498,.F.);
#6078=ORIENTED_EDGE('',*,*,#4566,.T.);
#6079=ORIENTED_EDGE('',*,*,#4567,.F.);
#6080=ORIENTED_EDGE('',*,*,#4568,.F.);
#6081=ORIENTED_EDGE('',*,*,#4499,.F.);
#6082=ORIENTED_EDGE('',*,*,#4568,.T.);
#6083=ORIENTED_EDGE('',*,*,#4569,.F.);
#6084=ORIENTED_EDGE('',*,*,#4570,.F.);
#6085=ORIENTED_EDGE('',*,*,#4500,.F.);
#6086=ORIENTED_EDGE('',*,*,#4570,.T.);
#6087=ORIENTED_EDGE('',*,*,#4571,.F.);
#6088=ORIENTED_EDGE('',*,*,#4572,.F.);
#6089=ORIENTED_EDGE('',*,*,#4501,.F.);
#6090=ORIENTED_EDGE('',*,*,#4572,.T.);
#6091=ORIENTED_EDGE('',*,*,#4573,.F.);
#6092=ORIENTED_EDGE('',*,*,#4574,.F.);
#6093=ORIENTED_EDGE('',*,*,#4502,.F.);
#6094=ORIENTED_EDGE('',*,*,#4574,.T.);
#6095=ORIENTED_EDGE('',*,*,#4575,.F.);
#6096=ORIENTED_EDGE('',*,*,#4576,.F.);
#6097=ORIENTED_EDGE('',*,*,#4503,.F.);
#6098=ORIENTED_EDGE('',*,*,#4576,.T.);
#6099=ORIENTED_EDGE('',*,*,#4577,.F.);
#6100=ORIENTED_EDGE('',*,*,#4578,.F.);
#6101=ORIENTED_EDGE('',*,*,#4504,.F.);
#6102=ORIENTED_EDGE('',*,*,#4578,.T.);
#6103=ORIENTED_EDGE('',*,*,#4579,.F.);
#6104=ORIENTED_EDGE('',*,*,#4580,.F.);
#6105=ORIENTED_EDGE('',*,*,#4505,.F.);
#6106=ORIENTED_EDGE('',*,*,#4580,.T.);
#6107=ORIENTED_EDGE('',*,*,#4581,.F.);
#6108=ORIENTED_EDGE('',*,*,#4582,.F.);
#6109=ORIENTED_EDGE('',*,*,#4506,.F.);
#6110=ORIENTED_EDGE('',*,*,#4582,.T.);
#6111=ORIENTED_EDGE('',*,*,#4583,.F.);
#6112=ORIENTED_EDGE('',*,*,#4584,.F.);
#6113=ORIENTED_EDGE('',*,*,#4507,.F.);
#6114=ORIENTED_EDGE('',*,*,#4584,.T.);
#6115=ORIENTED_EDGE('',*,*,#4585,.F.);
#6116=ORIENTED_EDGE('',*,*,#4586,.F.);
#6117=ORIENTED_EDGE('',*,*,#4508,.F.);
#6118=ORIENTED_EDGE('',*,*,#4586,.T.);
#6119=ORIENTED_EDGE('',*,*,#4587,.F.);
#6120=ORIENTED_EDGE('',*,*,#4588,.F.);
#6121=ORIENTED_EDGE('',*,*,#4509,.F.);
#6122=ORIENTED_EDGE('',*,*,#4588,.T.);
#6123=ORIENTED_EDGE('',*,*,#4589,.F.);
#6124=ORIENTED_EDGE('',*,*,#4590,.F.);
#6125=ORIENTED_EDGE('',*,*,#4510,.F.);
#6126=ORIENTED_EDGE('',*,*,#4590,.T.);
#6127=ORIENTED_EDGE('',*,*,#4591,.F.);
#6128=ORIENTED_EDGE('',*,*,#4592,.F.);
#6129=ORIENTED_EDGE('',*,*,#4511,.F.);
#6130=ORIENTED_EDGE('',*,*,#4592,.T.);
#6131=ORIENTED_EDGE('',*,*,#4593,.F.);
#6132=ORIENTED_EDGE('',*,*,#4594,.F.);
#6133=ORIENTED_EDGE('',*,*,#4512,.F.);
#6134=ORIENTED_EDGE('',*,*,#4594,.T.);
#6135=ORIENTED_EDGE('',*,*,#4595,.F.);
#6136=ORIENTED_EDGE('',*,*,#4596,.F.);
#6137=ORIENTED_EDGE('',*,*,#4513,.F.);
#6138=ORIENTED_EDGE('',*,*,#4596,.T.);
#6139=ORIENTED_EDGE('',*,*,#4597,.F.);
#6140=ORIENTED_EDGE('',*,*,#4598,.F.);
#6141=ORIENTED_EDGE('',*,*,#4514,.F.);
#6142=ORIENTED_EDGE('',*,*,#4598,.T.);
#6143=ORIENTED_EDGE('',*,*,#4599,.F.);
#6144=ORIENTED_EDGE('',*,*,#4600,.F.);
#6145=ORIENTED_EDGE('',*,*,#4515,.F.);
#6146=ORIENTED_EDGE('',*,*,#4600,.T.);
#6147=ORIENTED_EDGE('',*,*,#4601,.F.);
#6148=ORIENTED_EDGE('',*,*,#4602,.F.);
#6149=ORIENTED_EDGE('',*,*,#4516,.F.);
#6150=ORIENTED_EDGE('',*,*,#4602,.T.);
#6151=ORIENTED_EDGE('',*,*,#4603,.F.);
#6152=ORIENTED_EDGE('',*,*,#4604,.F.);
#6153=ORIENTED_EDGE('',*,*,#4517,.F.);
#6154=ORIENTED_EDGE('',*,*,#4604,.T.);
#6155=ORIENTED_EDGE('',*,*,#4605,.F.);
#6156=ORIENTED_EDGE('',*,*,#4606,.F.);
#6157=ORIENTED_EDGE('',*,*,#4518,.F.);
#6158=ORIENTED_EDGE('',*,*,#4606,.T.);
#6159=ORIENTED_EDGE('',*,*,#4607,.F.);
#6160=ORIENTED_EDGE('',*,*,#4608,.F.);
#6161=ORIENTED_EDGE('',*,*,#4519,.F.);
#6162=ORIENTED_EDGE('',*,*,#4608,.T.);
#6163=ORIENTED_EDGE('',*,*,#4609,.F.);
#6164=ORIENTED_EDGE('',*,*,#4520,.T.);
#6165=ORIENTED_EDGE('',*,*,#4475,.F.);
#6166=ORIENTED_EDGE('',*,*,#4609,.T.);
#6167=ORIENTED_EDGE('',*,*,#4607,.T.);
#6168=ORIENTED_EDGE('',*,*,#4605,.T.);
#6169=ORIENTED_EDGE('',*,*,#4603,.T.);
#6170=ORIENTED_EDGE('',*,*,#4601,.T.);
#6171=ORIENTED_EDGE('',*,*,#4599,.T.);
#6172=ORIENTED_EDGE('',*,*,#4597,.T.);
#6173=ORIENTED_EDGE('',*,*,#4595,.T.);
#6174=ORIENTED_EDGE('',*,*,#4593,.T.);
#6175=ORIENTED_EDGE('',*,*,#4591,.T.);
#6176=ORIENTED_EDGE('',*,*,#4589,.T.);
#6177=ORIENTED_EDGE('',*,*,#4587,.T.);
#6178=ORIENTED_EDGE('',*,*,#4585,.T.);
#6179=ORIENTED_EDGE('',*,*,#4583,.T.);
#6180=ORIENTED_EDGE('',*,*,#4581,.T.);
#6181=ORIENTED_EDGE('',*,*,#4579,.T.);
#6182=ORIENTED_EDGE('',*,*,#4577,.T.);
#6183=ORIENTED_EDGE('',*,*,#4575,.T.);
#6184=ORIENTED_EDGE('',*,*,#4573,.T.);
#6185=ORIENTED_EDGE('',*,*,#4571,.T.);
#6186=ORIENTED_EDGE('',*,*,#4569,.T.);
#6187=ORIENTED_EDGE('',*,*,#4567,.T.);
#6188=ORIENTED_EDGE('',*,*,#4565,.T.);
#6189=ORIENTED_EDGE('',*,*,#4563,.T.);
#6190=ORIENTED_EDGE('',*,*,#4561,.T.);
#6191=ORIENTED_EDGE('',*,*,#4559,.T.);
#6192=ORIENTED_EDGE('',*,*,#4557,.T.);
#6193=ORIENTED_EDGE('',*,*,#4555,.T.);
#6194=ORIENTED_EDGE('',*,*,#4553,.T.);
#6195=ORIENTED_EDGE('',*,*,#4551,.T.);
#6196=ORIENTED_EDGE('',*,*,#4549,.T.);
#6197=ORIENTED_EDGE('',*,*,#4547,.T.);
#6198=ORIENTED_EDGE('',*,*,#4545,.T.);
#6199=ORIENTED_EDGE('',*,*,#4543,.T.);
#6200=ORIENTED_EDGE('',*,*,#4541,.T.);
#6201=ORIENTED_EDGE('',*,*,#4539,.T.);
#6202=ORIENTED_EDGE('',*,*,#4537,.T.);
#6203=ORIENTED_EDGE('',*,*,#4535,.T.);
#6204=ORIENTED_EDGE('',*,*,#4533,.T.);
#6205=ORIENTED_EDGE('',*,*,#4531,.T.);
#6206=ORIENTED_EDGE('',*,*,#4529,.T.);
#6207=ORIENTED_EDGE('',*,*,#4527,.T.);
#6208=ORIENTED_EDGE('',*,*,#4525,.T.);
#6209=ORIENTED_EDGE('',*,*,#4523,.T.);
#6210=ORIENTED_EDGE('',*,*,#4521,.T.);
#6211=ORIENTED_EDGE('',*,*,#4357,.T.);
#6212=ORIENTED_EDGE('',*,*,#4354,.T.);
#6213=ORIENTED_EDGE('',*,*,#4351,.T.);
#6214=ORIENTED_EDGE('',*,*,#4348,.T.);
#6215=ORIENTED_EDGE('',*,*,#4361,.T.);
#6216=ORIENTED_EDGE('',*,*,#4363,.T.);
#6217=ORIENTED_EDGE('',*,*,#4378,.T.);
#6218=ORIENTED_EDGE('',*,*,#4375,.T.);
#6219=ORIENTED_EDGE('',*,*,#4372,.T.);
#6220=ORIENTED_EDGE('',*,*,#4369,.T.);
#6221=ORIENTED_EDGE('',*,*,#4366,.T.);
#6222=ORIENTED_EDGE('',*,*,#4382,.T.);
#6223=ORIENTED_EDGE('',*,*,#4385,.T.);
#6224=ORIENTED_EDGE('',*,*,#4387,.T.);
#6225=ORIENTED_EDGE('',*,*,#4402,.T.);
#6226=ORIENTED_EDGE('',*,*,#4399,.T.);
#6227=ORIENTED_EDGE('',*,*,#4396,.T.);
#6228=ORIENTED_EDGE('',*,*,#4393,.T.);
#6229=ORIENTED_EDGE('',*,*,#4390,.T.);
#6230=ORIENTED_EDGE('',*,*,#4406,.T.);
#6231=ORIENTED_EDGE('',*,*,#4409,.T.);
#6232=ORIENTED_EDGE('',*,*,#4411,.T.);
#6233=ORIENTED_EDGE('',*,*,#4426,.T.);
#6234=ORIENTED_EDGE('',*,*,#4423,.T.);
#6235=ORIENTED_EDGE('',*,*,#4420,.T.);
#6236=ORIENTED_EDGE('',*,*,#4417,.T.);
#6237=ORIENTED_EDGE('',*,*,#4414,.T.);
#6238=ORIENTED_EDGE('',*,*,#4430,.T.);
#6239=ORIENTED_EDGE('',*,*,#4433,.T.);
#6240=ORIENTED_EDGE('',*,*,#4435,.T.);
#6241=ORIENTED_EDGE('',*,*,#4450,.T.);
#6242=ORIENTED_EDGE('',*,*,#4447,.T.);
#6243=ORIENTED_EDGE('',*,*,#4444,.T.);
#6244=ORIENTED_EDGE('',*,*,#4441,.T.);
#6245=ORIENTED_EDGE('',*,*,#4438,.T.);
#6246=ORIENTED_EDGE('',*,*,#4454,.T.);
#6247=ORIENTED_EDGE('',*,*,#4457,.T.);
#6248=ORIENTED_EDGE('',*,*,#4459,.T.);
#6249=ORIENTED_EDGE('',*,*,#4468,.T.);
#6250=ORIENTED_EDGE('',*,*,#4465,.T.);
#6251=ORIENTED_EDGE('',*,*,#4462,.T.);
#6252=ORIENTED_EDGE('',*,*,#4472,.T.);
#6253=ORIENTED_EDGE('',*,*,#4474,.T.);
#6254=ORIENTED_EDGE('',*,*,#4345,.T.);
#6255=ORIENTED_EDGE('',*,*,#4342,.T.);
#6256=ORIENTED_EDGE('',*,*,#4339,.T.);
#6257=ORIENTED_EDGE('',*,*,#4610,.F.);
#6258=ORIENTED_EDGE('',*,*,#4611,.T.);
#6259=ORIENTED_EDGE('',*,*,#4612,.T.);
#6260=ORIENTED_EDGE('',*,*,#4613,.F.);
#6261=ORIENTED_EDGE('',*,*,#4614,.F.);
#6262=ORIENTED_EDGE('',*,*,#4615,.T.);
#6263=ORIENTED_EDGE('',*,*,#4616,.T.);
#6264=ORIENTED_EDGE('',*,*,#4611,.F.);
#6265=ORIENTED_EDGE('',*,*,#4617,.F.);
#6266=ORIENTED_EDGE('',*,*,#4618,.T.);
#6267=ORIENTED_EDGE('',*,*,#4619,.T.);
#6268=ORIENTED_EDGE('',*,*,#4615,.F.);
#6269=ORIENTED_EDGE('',*,*,#4620,.F.);
#6270=ORIENTED_EDGE('',*,*,#4621,.T.);
#6271=ORIENTED_EDGE('',*,*,#4622,.T.);
#6272=ORIENTED_EDGE('',*,*,#4618,.F.);
#6273=ORIENTED_EDGE('',*,*,#4623,.F.);
#6274=ORIENTED_EDGE('',*,*,#4624,.T.);
#6275=ORIENTED_EDGE('',*,*,#4625,.T.);
#6276=ORIENTED_EDGE('',*,*,#4621,.F.);
#6277=ORIENTED_EDGE('',*,*,#4626,.F.);
#6278=ORIENTED_EDGE('',*,*,#4613,.T.);
#6279=ORIENTED_EDGE('',*,*,#4627,.T.);
#6280=ORIENTED_EDGE('',*,*,#4624,.F.);
#6281=ORIENTED_EDGE('',*,*,#4627,.F.);
#6282=ORIENTED_EDGE('',*,*,#4612,.F.);
#6283=ORIENTED_EDGE('',*,*,#4616,.F.);
#6284=ORIENTED_EDGE('',*,*,#4619,.F.);
#6285=ORIENTED_EDGE('',*,*,#4622,.F.);
#6286=ORIENTED_EDGE('',*,*,#4625,.F.);
#6287=ORIENTED_EDGE('',*,*,#4628,.F.);
#6288=ORIENTED_EDGE('',*,*,#4629,.T.);
#6289=ORIENTED_EDGE('',*,*,#4630,.F.);
#6290=ORIENTED_EDGE('',*,*,#4629,.F.);
#6291=ORIENTED_EDGE('',*,*,#4628,.T.);
#6292=ORIENTED_EDGE('',*,*,#4631,.F.);
#6293=ORIENTED_EDGE('',*,*,#4632,.T.);
#6294=ORIENTED_EDGE('',*,*,#4633,.F.);
#6295=ORIENTED_EDGE('',*,*,#4632,.F.);
#6296=ORIENTED_EDGE('',*,*,#4633,.T.);
#6297=ORIENTED_EDGE('',*,*,#4630,.T.);
#6298=ORIENTED_EDGE('',*,*,#4631,.T.);
#6299=ORIENTED_EDGE('',*,*,#4610,.T.);
#6300=ORIENTED_EDGE('',*,*,#4626,.T.);
#6301=ORIENTED_EDGE('',*,*,#4623,.T.);
#6302=ORIENTED_EDGE('',*,*,#4620,.T.);
#6303=ORIENTED_EDGE('',*,*,#4617,.T.);
#6304=ORIENTED_EDGE('',*,*,#4614,.T.);
#6305=ORIENTED_EDGE('',*,*,#4634,.F.);
#6306=ORIENTED_EDGE('',*,*,#4635,.T.);
#6307=ORIENTED_EDGE('',*,*,#4636,.T.);
#6308=ORIENTED_EDGE('',*,*,#4637,.F.);
#6309=ORIENTED_EDGE('',*,*,#4638,.F.);
#6310=ORIENTED_EDGE('',*,*,#4639,.T.);
#6311=ORIENTED_EDGE('',*,*,#4640,.T.);
#6312=ORIENTED_EDGE('',*,*,#4635,.F.);
#6313=ORIENTED_EDGE('',*,*,#4641,.F.);
#6314=ORIENTED_EDGE('',*,*,#4642,.T.);
#6315=ORIENTED_EDGE('',*,*,#4643,.T.);
#6316=ORIENTED_EDGE('',*,*,#4639,.F.);
#6317=ORIENTED_EDGE('',*,*,#4644,.F.);
#6318=ORIENTED_EDGE('',*,*,#4645,.T.);
#6319=ORIENTED_EDGE('',*,*,#4646,.T.);
#6320=ORIENTED_EDGE('',*,*,#4642,.F.);
#6321=ORIENTED_EDGE('',*,*,#4647,.F.);
#6322=ORIENTED_EDGE('',*,*,#4648,.T.);
#6323=ORIENTED_EDGE('',*,*,#4649,.T.);
#6324=ORIENTED_EDGE('',*,*,#4645,.F.);
#6325=ORIENTED_EDGE('',*,*,#4650,.F.);
#6326=ORIENTED_EDGE('',*,*,#4637,.T.);
#6327=ORIENTED_EDGE('',*,*,#4651,.T.);
#6328=ORIENTED_EDGE('',*,*,#4648,.F.);
#6329=ORIENTED_EDGE('',*,*,#4651,.F.);
#6330=ORIENTED_EDGE('',*,*,#4636,.F.);
#6331=ORIENTED_EDGE('',*,*,#4640,.F.);
#6332=ORIENTED_EDGE('',*,*,#4643,.F.);
#6333=ORIENTED_EDGE('',*,*,#4646,.F.);
#6334=ORIENTED_EDGE('',*,*,#4649,.F.);
#6335=ORIENTED_EDGE('',*,*,#4652,.F.);
#6336=ORIENTED_EDGE('',*,*,#4653,.T.);
#6337=ORIENTED_EDGE('',*,*,#4654,.F.);
#6338=ORIENTED_EDGE('',*,*,#4653,.F.);
#6339=ORIENTED_EDGE('',*,*,#4652,.T.);
#6340=ORIENTED_EDGE('',*,*,#4655,.F.);
#6341=ORIENTED_EDGE('',*,*,#4656,.T.);
#6342=ORIENTED_EDGE('',*,*,#4657,.F.);
#6343=ORIENTED_EDGE('',*,*,#4656,.F.);
#6344=ORIENTED_EDGE('',*,*,#4657,.T.);
#6345=ORIENTED_EDGE('',*,*,#4654,.T.);
#6346=ORIENTED_EDGE('',*,*,#4655,.T.);
#6347=ORIENTED_EDGE('',*,*,#4634,.T.);
#6348=ORIENTED_EDGE('',*,*,#4650,.T.);
#6349=ORIENTED_EDGE('',*,*,#4647,.T.);
#6350=ORIENTED_EDGE('',*,*,#4644,.T.);
#6351=ORIENTED_EDGE('',*,*,#4641,.T.);
#6352=ORIENTED_EDGE('',*,*,#4638,.T.);
#6353=ORIENTED_EDGE('',*,*,#4658,.F.);
#6354=ORIENTED_EDGE('',*,*,#4659,.T.);
#6355=ORIENTED_EDGE('',*,*,#4660,.T.);
#6356=ORIENTED_EDGE('',*,*,#4661,.F.);
#6357=ORIENTED_EDGE('',*,*,#4662,.F.);
#6358=ORIENTED_EDGE('',*,*,#4663,.T.);
#6359=ORIENTED_EDGE('',*,*,#4664,.T.);
#6360=ORIENTED_EDGE('',*,*,#4659,.F.);
#6361=ORIENTED_EDGE('',*,*,#4665,.F.);
#6362=ORIENTED_EDGE('',*,*,#4666,.T.);
#6363=ORIENTED_EDGE('',*,*,#4667,.T.);
#6364=ORIENTED_EDGE('',*,*,#4663,.F.);
#6365=ORIENTED_EDGE('',*,*,#4668,.F.);
#6366=ORIENTED_EDGE('',*,*,#4669,.T.);
#6367=ORIENTED_EDGE('',*,*,#4670,.T.);
#6368=ORIENTED_EDGE('',*,*,#4666,.F.);
#6369=ORIENTED_EDGE('',*,*,#4671,.F.);
#6370=ORIENTED_EDGE('',*,*,#4672,.T.);
#6371=ORIENTED_EDGE('',*,*,#4673,.T.);
#6372=ORIENTED_EDGE('',*,*,#4669,.F.);
#6373=ORIENTED_EDGE('',*,*,#4674,.F.);
#6374=ORIENTED_EDGE('',*,*,#4661,.T.);
#6375=ORIENTED_EDGE('',*,*,#4675,.T.);
#6376=ORIENTED_EDGE('',*,*,#4672,.F.);
#6377=ORIENTED_EDGE('',*,*,#4675,.F.);
#6378=ORIENTED_EDGE('',*,*,#4660,.F.);
#6379=ORIENTED_EDGE('',*,*,#4664,.F.);
#6380=ORIENTED_EDGE('',*,*,#4667,.F.);
#6381=ORIENTED_EDGE('',*,*,#4670,.F.);
#6382=ORIENTED_EDGE('',*,*,#4673,.F.);
#6383=ORIENTED_EDGE('',*,*,#4676,.F.);
#6384=ORIENTED_EDGE('',*,*,#4677,.T.);
#6385=ORIENTED_EDGE('',*,*,#4678,.F.);
#6386=ORIENTED_EDGE('',*,*,#4677,.F.);
#6387=ORIENTED_EDGE('',*,*,#4676,.T.);
#6388=ORIENTED_EDGE('',*,*,#4679,.F.);
#6389=ORIENTED_EDGE('',*,*,#4680,.T.);
#6390=ORIENTED_EDGE('',*,*,#4681,.F.);
#6391=ORIENTED_EDGE('',*,*,#4680,.F.);
#6392=ORIENTED_EDGE('',*,*,#4681,.T.);
#6393=ORIENTED_EDGE('',*,*,#4678,.T.);
#6394=ORIENTED_EDGE('',*,*,#4679,.T.);
#6395=ORIENTED_EDGE('',*,*,#4658,.T.);
#6396=ORIENTED_EDGE('',*,*,#4674,.T.);
#6397=ORIENTED_EDGE('',*,*,#4671,.T.);
#6398=ORIENTED_EDGE('',*,*,#4668,.T.);
#6399=ORIENTED_EDGE('',*,*,#4665,.T.);
#6400=ORIENTED_EDGE('',*,*,#4662,.T.);
#6401=ORIENTED_EDGE('',*,*,#4682,.F.);
#6402=ORIENTED_EDGE('',*,*,#4683,.T.);
#6403=ORIENTED_EDGE('',*,*,#4684,.F.);
#6404=ORIENTED_EDGE('',*,*,#4683,.F.);
#6405=ORIENTED_EDGE('',*,*,#4685,.F.);
#6406=ORIENTED_EDGE('',*,*,#4686,.T.);
#6407=ORIENTED_EDGE('',*,*,#4687,.F.);
#6408=ORIENTED_EDGE('',*,*,#4686,.F.);
#6409=ORIENTED_EDGE('',*,*,#4687,.T.);
#6410=ORIENTED_EDGE('',*,*,#4684,.T.);
#6411=ORIENTED_EDGE('',*,*,#4685,.T.);
#6412=ORIENTED_EDGE('',*,*,#4682,.T.);
#6413=ORIENTED_EDGE('',*,*,#4688,.F.);
#6414=ORIENTED_EDGE('',*,*,#4689,.T.);
#6415=ORIENTED_EDGE('',*,*,#4690,.F.);
#6416=ORIENTED_EDGE('',*,*,#4689,.F.);
#6417=ORIENTED_EDGE('',*,*,#4691,.F.);
#6418=ORIENTED_EDGE('',*,*,#4692,.T.);
#6419=ORIENTED_EDGE('',*,*,#4693,.F.);
#6420=ORIENTED_EDGE('',*,*,#4692,.F.);
#6421=ORIENTED_EDGE('',*,*,#4693,.T.);
#6422=ORIENTED_EDGE('',*,*,#4690,.T.);
#6423=ORIENTED_EDGE('',*,*,#4691,.T.);
#6424=ORIENTED_EDGE('',*,*,#4688,.T.);
#6425=ORIENTED_EDGE('',*,*,#4694,.F.);
#6426=ORIENTED_EDGE('',*,*,#4695,.T.);
#6427=ORIENTED_EDGE('',*,*,#4696,.F.);
#6428=ORIENTED_EDGE('',*,*,#4695,.F.);
#6429=ORIENTED_EDGE('',*,*,#4697,.F.);
#6430=ORIENTED_EDGE('',*,*,#4698,.T.);
#6431=ORIENTED_EDGE('',*,*,#4699,.F.);
#6432=ORIENTED_EDGE('',*,*,#4698,.F.);
#6433=ORIENTED_EDGE('',*,*,#4699,.T.);
#6434=ORIENTED_EDGE('',*,*,#4696,.T.);
#6435=ORIENTED_EDGE('',*,*,#4697,.T.);
#6436=ORIENTED_EDGE('',*,*,#4694,.T.);
#6437=ORIENTED_EDGE('',*,*,#4700,.F.);
#6438=ORIENTED_EDGE('',*,*,#4701,.T.);
#6439=ORIENTED_EDGE('',*,*,#4702,.T.);
#6440=ORIENTED_EDGE('',*,*,#4701,.F.);
#6441=ORIENTED_EDGE('',*,*,#4703,.T.);
#6442=ORIENTED_EDGE('',*,*,#4704,.T.);
#6443=ORIENTED_EDGE('',*,*,#4705,.F.);
#6444=ORIENTED_EDGE('',*,*,#4706,.F.);
#6445=ORIENTED_EDGE('',*,*,#4707,.T.);
#6446=ORIENTED_EDGE('',*,*,#4706,.T.);
#6447=ORIENTED_EDGE('',*,*,#4708,.F.);
#6448=ORIENTED_EDGE('',*,*,#4709,.F.);
#6449=ORIENTED_EDGE('',*,*,#4710,.T.);
#6450=ORIENTED_EDGE('',*,*,#4709,.T.);
#6451=ORIENTED_EDGE('',*,*,#4711,.F.);
#6452=ORIENTED_EDGE('',*,*,#4712,.F.);
#6453=ORIENTED_EDGE('',*,*,#4713,.T.);
#6454=ORIENTED_EDGE('',*,*,#4712,.T.);
#6455=ORIENTED_EDGE('',*,*,#4714,.F.);
#6456=ORIENTED_EDGE('',*,*,#4715,.F.);
#6457=ORIENTED_EDGE('',*,*,#4716,.T.);
#6458=ORIENTED_EDGE('',*,*,#4715,.T.);
#6459=ORIENTED_EDGE('',*,*,#4717,.F.);
#6460=ORIENTED_EDGE('',*,*,#4718,.F.);
#6461=ORIENTED_EDGE('',*,*,#4719,.T.);
#6462=ORIENTED_EDGE('',*,*,#4718,.T.);
#6463=ORIENTED_EDGE('',*,*,#4720,.F.);
#6464=ORIENTED_EDGE('',*,*,#4704,.F.);
#6465=ORIENTED_EDGE('',*,*,#4720,.T.);
#6466=ORIENTED_EDGE('',*,*,#4717,.T.);
#6467=ORIENTED_EDGE('',*,*,#4714,.T.);
#6468=ORIENTED_EDGE('',*,*,#4711,.T.);
#6469=ORIENTED_EDGE('',*,*,#4708,.T.);
#6470=ORIENTED_EDGE('',*,*,#4705,.T.);
#6471=ORIENTED_EDGE('',*,*,#4700,.T.);
#6472=ORIENTED_EDGE('',*,*,#4719,.F.);
#6473=ORIENTED_EDGE('',*,*,#4703,.F.);
#6474=ORIENTED_EDGE('',*,*,#4707,.F.);
#6475=ORIENTED_EDGE('',*,*,#4710,.F.);
#6476=ORIENTED_EDGE('',*,*,#4713,.F.);
#6477=ORIENTED_EDGE('',*,*,#4716,.F.);
#6478=ORIENTED_EDGE('',*,*,#4702,.F.);
#6479=ORIENTED_EDGE('',*,*,#4721,.F.);
#6480=ORIENTED_EDGE('',*,*,#4722,.T.);
#6481=ORIENTED_EDGE('',*,*,#4723,.T.);
#6482=ORIENTED_EDGE('',*,*,#4722,.F.);
#6483=ORIENTED_EDGE('',*,*,#4724,.T.);
#6484=ORIENTED_EDGE('',*,*,#4725,.T.);
#6485=ORIENTED_EDGE('',*,*,#4726,.F.);
#6486=ORIENTED_EDGE('',*,*,#4727,.F.);
#6487=ORIENTED_EDGE('',*,*,#4728,.T.);
#6488=ORIENTED_EDGE('',*,*,#4727,.T.);
#6489=ORIENTED_EDGE('',*,*,#4729,.F.);
#6490=ORIENTED_EDGE('',*,*,#4730,.F.);
#6491=ORIENTED_EDGE('',*,*,#4731,.T.);
#6492=ORIENTED_EDGE('',*,*,#4730,.T.);
#6493=ORIENTED_EDGE('',*,*,#4732,.F.);
#6494=ORIENTED_EDGE('',*,*,#4733,.F.);
#6495=ORIENTED_EDGE('',*,*,#4734,.T.);
#6496=ORIENTED_EDGE('',*,*,#4733,.T.);
#6497=ORIENTED_EDGE('',*,*,#4735,.F.);
#6498=ORIENTED_EDGE('',*,*,#4736,.F.);
#6499=ORIENTED_EDGE('',*,*,#4737,.T.);
#6500=ORIENTED_EDGE('',*,*,#4736,.T.);
#6501=ORIENTED_EDGE('',*,*,#4738,.F.);
#6502=ORIENTED_EDGE('',*,*,#4739,.F.);
#6503=ORIENTED_EDGE('',*,*,#4740,.T.);
#6504=ORIENTED_EDGE('',*,*,#4739,.T.);
#6505=ORIENTED_EDGE('',*,*,#4741,.F.);
#6506=ORIENTED_EDGE('',*,*,#4725,.F.);
#6507=ORIENTED_EDGE('',*,*,#4741,.T.);
#6508=ORIENTED_EDGE('',*,*,#4738,.T.);
#6509=ORIENTED_EDGE('',*,*,#4735,.T.);
#6510=ORIENTED_EDGE('',*,*,#4732,.T.);
#6511=ORIENTED_EDGE('',*,*,#4729,.T.);
#6512=ORIENTED_EDGE('',*,*,#4726,.T.);
#6513=ORIENTED_EDGE('',*,*,#4721,.T.);
#6514=ORIENTED_EDGE('',*,*,#4740,.F.);
#6515=ORIENTED_EDGE('',*,*,#4724,.F.);
#6516=ORIENTED_EDGE('',*,*,#4728,.F.);
#6517=ORIENTED_EDGE('',*,*,#4731,.F.);
#6518=ORIENTED_EDGE('',*,*,#4734,.F.);
#6519=ORIENTED_EDGE('',*,*,#4737,.F.);
#6520=ORIENTED_EDGE('',*,*,#4723,.F.);
#6521=ORIENTED_EDGE('',*,*,#4742,.F.);
#6522=ORIENTED_EDGE('',*,*,#4743,.T.);
#6523=ORIENTED_EDGE('',*,*,#4744,.T.);
#6524=ORIENTED_EDGE('',*,*,#4743,.F.);
#6525=ORIENTED_EDGE('',*,*,#4745,.T.);
#6526=ORIENTED_EDGE('',*,*,#4746,.T.);
#6527=ORIENTED_EDGE('',*,*,#4747,.F.);
#6528=ORIENTED_EDGE('',*,*,#4748,.F.);
#6529=ORIENTED_EDGE('',*,*,#4749,.T.);
#6530=ORIENTED_EDGE('',*,*,#4748,.T.);
#6531=ORIENTED_EDGE('',*,*,#4750,.F.);
#6532=ORIENTED_EDGE('',*,*,#4751,.F.);
#6533=ORIENTED_EDGE('',*,*,#4752,.T.);
#6534=ORIENTED_EDGE('',*,*,#4751,.T.);
#6535=ORIENTED_EDGE('',*,*,#4753,.F.);
#6536=ORIENTED_EDGE('',*,*,#4754,.F.);
#6537=ORIENTED_EDGE('',*,*,#4755,.T.);
#6538=ORIENTED_EDGE('',*,*,#4754,.T.);
#6539=ORIENTED_EDGE('',*,*,#4756,.F.);
#6540=ORIENTED_EDGE('',*,*,#4757,.F.);
#6541=ORIENTED_EDGE('',*,*,#4758,.T.);
#6542=ORIENTED_EDGE('',*,*,#4757,.T.);
#6543=ORIENTED_EDGE('',*,*,#4759,.F.);
#6544=ORIENTED_EDGE('',*,*,#4760,.F.);
#6545=ORIENTED_EDGE('',*,*,#4761,.T.);
#6546=ORIENTED_EDGE('',*,*,#4760,.T.);
#6547=ORIENTED_EDGE('',*,*,#4762,.F.);
#6548=ORIENTED_EDGE('',*,*,#4746,.F.);
#6549=ORIENTED_EDGE('',*,*,#4762,.T.);
#6550=ORIENTED_EDGE('',*,*,#4759,.T.);
#6551=ORIENTED_EDGE('',*,*,#4756,.T.);
#6552=ORIENTED_EDGE('',*,*,#4753,.T.);
#6553=ORIENTED_EDGE('',*,*,#4750,.T.);
#6554=ORIENTED_EDGE('',*,*,#4747,.T.);
#6555=ORIENTED_EDGE('',*,*,#4742,.T.);
#6556=ORIENTED_EDGE('',*,*,#4761,.F.);
#6557=ORIENTED_EDGE('',*,*,#4745,.F.);
#6558=ORIENTED_EDGE('',*,*,#4749,.F.);
#6559=ORIENTED_EDGE('',*,*,#4752,.F.);
#6560=ORIENTED_EDGE('',*,*,#4755,.F.);
#6561=ORIENTED_EDGE('',*,*,#4758,.F.);
#6562=ORIENTED_EDGE('',*,*,#4744,.F.);
#6563=ORIENTED_EDGE('',*,*,#4763,.F.);
#6564=ORIENTED_EDGE('',*,*,#4764,.T.);
#6565=ORIENTED_EDGE('',*,*,#4765,.T.);
#6566=ORIENTED_EDGE('',*,*,#4766,.F.);
#6567=ORIENTED_EDGE('',*,*,#4767,.F.);
#6568=ORIENTED_EDGE('',*,*,#4768,.T.);
#6569=ORIENTED_EDGE('',*,*,#4769,.T.);
#6570=ORIENTED_EDGE('',*,*,#4764,.F.);
#6571=ORIENTED_EDGE('',*,*,#4770,.F.);
#6572=ORIENTED_EDGE('',*,*,#4771,.T.);
#6573=ORIENTED_EDGE('',*,*,#4772,.T.);
#6574=ORIENTED_EDGE('',*,*,#4768,.F.);
#6575=ORIENTED_EDGE('',*,*,#4773,.F.);
#6576=ORIENTED_EDGE('',*,*,#4774,.T.);
#6577=ORIENTED_EDGE('',*,*,#4775,.T.);
#6578=ORIENTED_EDGE('',*,*,#4771,.F.);
#6579=ORIENTED_EDGE('',*,*,#4776,.F.);
#6580=ORIENTED_EDGE('',*,*,#4777,.T.);
#6581=ORIENTED_EDGE('',*,*,#4778,.T.);
#6582=ORIENTED_EDGE('',*,*,#4774,.F.);
#6583=ORIENTED_EDGE('',*,*,#4779,.F.);
#6584=ORIENTED_EDGE('',*,*,#4766,.T.);
#6585=ORIENTED_EDGE('',*,*,#4780,.T.);
#6586=ORIENTED_EDGE('',*,*,#4777,.F.);
#6587=ORIENTED_EDGE('',*,*,#4780,.F.);
#6588=ORIENTED_EDGE('',*,*,#4765,.F.);
#6589=ORIENTED_EDGE('',*,*,#4769,.F.);
#6590=ORIENTED_EDGE('',*,*,#4772,.F.);
#6591=ORIENTED_EDGE('',*,*,#4775,.F.);
#6592=ORIENTED_EDGE('',*,*,#4778,.F.);
#6593=ORIENTED_EDGE('',*,*,#4781,.F.);
#6594=ORIENTED_EDGE('',*,*,#4782,.F.);
#6595=ORIENTED_EDGE('',*,*,#4783,.T.);
#6596=ORIENTED_EDGE('',*,*,#4784,.T.);
#6597=ORIENTED_EDGE('',*,*,#4785,.F.);
#6598=ORIENTED_EDGE('',*,*,#4786,.F.);
#6599=ORIENTED_EDGE('',*,*,#4787,.T.);
#6600=ORIENTED_EDGE('',*,*,#4788,.T.);
#6601=ORIENTED_EDGE('',*,*,#4783,.F.);
#6602=ORIENTED_EDGE('',*,*,#4789,.F.);
#6603=ORIENTED_EDGE('',*,*,#4790,.T.);
#6604=ORIENTED_EDGE('',*,*,#4791,.T.);
#6605=ORIENTED_EDGE('',*,*,#4787,.F.);
#6606=ORIENTED_EDGE('',*,*,#4792,.F.);
#6607=ORIENTED_EDGE('',*,*,#4793,.T.);
#6608=ORIENTED_EDGE('',*,*,#4794,.T.);
#6609=ORIENTED_EDGE('',*,*,#4790,.F.);
#6610=ORIENTED_EDGE('',*,*,#4795,.F.);
#6611=ORIENTED_EDGE('',*,*,#4796,.T.);
#6612=ORIENTED_EDGE('',*,*,#4797,.T.);
#6613=ORIENTED_EDGE('',*,*,#4793,.F.);
#6614=ORIENTED_EDGE('',*,*,#4798,.F.);
#6615=ORIENTED_EDGE('',*,*,#4785,.T.);
#6616=ORIENTED_EDGE('',*,*,#4799,.T.);
#6617=ORIENTED_EDGE('',*,*,#4796,.F.);
#6618=ORIENTED_EDGE('',*,*,#4799,.F.);
#6619=ORIENTED_EDGE('',*,*,#4784,.F.);
#6620=ORIENTED_EDGE('',*,*,#4788,.F.);
#6621=ORIENTED_EDGE('',*,*,#4791,.F.);
#6622=ORIENTED_EDGE('',*,*,#4794,.F.);
#6623=ORIENTED_EDGE('',*,*,#4797,.F.);
#6624=ORIENTED_EDGE('',*,*,#4800,.F.);
#6625=ORIENTED_EDGE('',*,*,#4801,.F.);
#6626=ORIENTED_EDGE('',*,*,#4802,.T.);
#6627=ORIENTED_EDGE('',*,*,#4803,.T.);
#6628=ORIENTED_EDGE('',*,*,#4804,.F.);
#6629=ORIENTED_EDGE('',*,*,#4805,.F.);
#6630=ORIENTED_EDGE('',*,*,#4806,.T.);
#6631=ORIENTED_EDGE('',*,*,#4807,.T.);
#6632=ORIENTED_EDGE('',*,*,#4802,.F.);
#6633=ORIENTED_EDGE('',*,*,#4808,.F.);
#6634=ORIENTED_EDGE('',*,*,#4809,.T.);
#6635=ORIENTED_EDGE('',*,*,#4810,.T.);
#6636=ORIENTED_EDGE('',*,*,#4806,.F.);
#6637=ORIENTED_EDGE('',*,*,#4811,.F.);
#6638=ORIENTED_EDGE('',*,*,#4812,.T.);
#6639=ORIENTED_EDGE('',*,*,#4813,.T.);
#6640=ORIENTED_EDGE('',*,*,#4809,.F.);
#6641=ORIENTED_EDGE('',*,*,#4814,.F.);
#6642=ORIENTED_EDGE('',*,*,#4815,.T.);
#6643=ORIENTED_EDGE('',*,*,#4816,.T.);
#6644=ORIENTED_EDGE('',*,*,#4812,.F.);
#6645=ORIENTED_EDGE('',*,*,#4817,.F.);
#6646=ORIENTED_EDGE('',*,*,#4804,.T.);
#6647=ORIENTED_EDGE('',*,*,#4818,.T.);
#6648=ORIENTED_EDGE('',*,*,#4815,.F.);
#6649=ORIENTED_EDGE('',*,*,#4818,.F.);
#6650=ORIENTED_EDGE('',*,*,#4803,.F.);
#6651=ORIENTED_EDGE('',*,*,#4807,.F.);
#6652=ORIENTED_EDGE('',*,*,#4810,.F.);
#6653=ORIENTED_EDGE('',*,*,#4813,.F.);
#6654=ORIENTED_EDGE('',*,*,#4816,.F.);
#6655=ORIENTED_EDGE('',*,*,#4819,.F.);
#6656=ORIENTED_EDGE('',*,*,#4820,.F.);
#6657=ORIENTED_EDGE('',*,*,#4821,.T.);
#6658=ORIENTED_EDGE('',*,*,#4822,.T.);
#6659=ORIENTED_EDGE('',*,*,#4821,.F.);
#6660=ORIENTED_EDGE('',*,*,#4822,.F.);
#6661=ORIENTED_EDGE('',*,*,#4823,.F.);
#6662=ORIENTED_EDGE('',*,*,#4824,.F.);
#6663=ORIENTED_EDGE('',*,*,#4825,.T.);
#6664=ORIENTED_EDGE('',*,*,#4826,.T.);
#6665=ORIENTED_EDGE('',*,*,#4825,.F.);
#6666=ORIENTED_EDGE('',*,*,#4826,.F.);
#6667=ORIENTED_EDGE('',*,*,#4827,.F.);
#6668=ORIENTED_EDGE('',*,*,#4828,.F.);
#6669=ORIENTED_EDGE('',*,*,#4829,.T.);
#6670=ORIENTED_EDGE('',*,*,#4830,.T.);
#6671=ORIENTED_EDGE('',*,*,#4829,.F.);
#6672=ORIENTED_EDGE('',*,*,#4830,.F.);
#6673=ORIENTED_EDGE('',*,*,#4831,.F.);
#6674=ORIENTED_EDGE('',*,*,#4823,.T.);
#6675=ORIENTED_EDGE('',*,*,#4832,.T.);
#6676=ORIENTED_EDGE('',*,*,#4833,.F.);
#6677=ORIENTED_EDGE('',*,*,#4832,.F.);
#6678=ORIENTED_EDGE('',*,*,#4834,.F.);
#6679=ORIENTED_EDGE('',*,*,#4835,.T.);
#6680=ORIENTED_EDGE('',*,*,#4781,.T.);
#6681=ORIENTED_EDGE('',*,*,#4835,.F.);
#6682=ORIENTED_EDGE('',*,*,#4827,.T.);
#6683=ORIENTED_EDGE('',*,*,#4836,.T.);
#6684=ORIENTED_EDGE('',*,*,#4837,.F.);
#6685=ORIENTED_EDGE('',*,*,#4836,.F.);
#6686=ORIENTED_EDGE('',*,*,#4838,.F.);
#6687=ORIENTED_EDGE('',*,*,#4839,.T.);
#6688=ORIENTED_EDGE('',*,*,#4800,.T.);
#6689=ORIENTED_EDGE('',*,*,#4839,.F.);
#6690=ORIENTED_EDGE('',*,*,#4831,.T.);
#6691=ORIENTED_EDGE('',*,*,#4840,.T.);
#6692=ORIENTED_EDGE('',*,*,#4841,.F.);
#6693=ORIENTED_EDGE('',*,*,#4840,.F.);
#6694=ORIENTED_EDGE('',*,*,#4842,.F.);
#6695=ORIENTED_EDGE('',*,*,#4843,.T.);
#6696=ORIENTED_EDGE('',*,*,#4819,.T.);
#6697=ORIENTED_EDGE('',*,*,#4843,.F.);
#6698=ORIENTED_EDGE('',*,*,#4844,.F.);
#6699=ORIENTED_EDGE('',*,*,#4845,.T.);
#6700=ORIENTED_EDGE('',*,*,#4846,.F.);
#6701=ORIENTED_EDGE('',*,*,#4845,.F.);
#6702=ORIENTED_EDGE('',*,*,#4844,.T.);
#6703=ORIENTED_EDGE('',*,*,#4847,.F.);
#6704=ORIENTED_EDGE('',*,*,#4848,.F.);
#6705=ORIENTED_EDGE('',*,*,#4849,.T.);
#6706=ORIENTED_EDGE('',*,*,#4850,.T.);
#6707=ORIENTED_EDGE('',*,*,#4849,.F.);
#6708=ORIENTED_EDGE('',*,*,#4850,.F.);
#6709=ORIENTED_EDGE('',*,*,#4851,.F.);
#6710=ORIENTED_EDGE('',*,*,#4852,.T.);
#6711=ORIENTED_EDGE('',*,*,#4853,.T.);
#6712=ORIENTED_EDGE('',*,*,#4852,.F.);
#6713=ORIENTED_EDGE('',*,*,#4853,.F.);
#6714=ORIENTED_EDGE('',*,*,#4854,.F.);
#6715=ORIENTED_EDGE('',*,*,#4855,.T.);
#6716=ORIENTED_EDGE('',*,*,#4847,.T.);
#6717=ORIENTED_EDGE('',*,*,#4855,.F.);
#6718=ORIENTED_EDGE('',*,*,#4856,.F.);
#6719=ORIENTED_EDGE('',*,*,#4857,.T.);
#6720=ORIENTED_EDGE('',*,*,#4858,.F.);
#6721=ORIENTED_EDGE('',*,*,#4859,.F.);
#6722=ORIENTED_EDGE('',*,*,#4860,.F.);
#6723=ORIENTED_EDGE('',*,*,#4834,.T.);
#6724=ORIENTED_EDGE('',*,*,#4838,.T.);
#6725=ORIENTED_EDGE('',*,*,#4842,.T.);
#6726=ORIENTED_EDGE('',*,*,#4861,.F.);
#6727=ORIENTED_EDGE('',*,*,#4862,.T.);
#6728=ORIENTED_EDGE('',*,*,#4863,.F.);
#6729=ORIENTED_EDGE('',*,*,#4857,.F.);
#6730=ORIENTED_EDGE('',*,*,#4846,.T.);
#6731=ORIENTED_EDGE('',*,*,#4864,.F.);
#6732=ORIENTED_EDGE('',*,*,#4865,.F.);
#6733=ORIENTED_EDGE('',*,*,#4866,.F.);
#6734=ORIENTED_EDGE('',*,*,#4867,.F.);
#6735=ORIENTED_EDGE('',*,*,#4862,.F.);
#6736=ORIENTED_EDGE('',*,*,#4833,.T.);
#6737=ORIENTED_EDGE('',*,*,#4837,.T.);
#6738=ORIENTED_EDGE('',*,*,#4841,.T.);
#6739=ORIENTED_EDGE('',*,*,#4864,.T.);
#6740=ORIENTED_EDGE('',*,*,#4861,.T.);
#6741=ORIENTED_EDGE('',*,*,#4856,.T.);
#6742=ORIENTED_EDGE('',*,*,#4868,.F.);
#6743=ORIENTED_EDGE('',*,*,#4869,.F.);
#6744=ORIENTED_EDGE('',*,*,#4870,.F.);
#6745=ORIENTED_EDGE('',*,*,#4871,.F.);
#6746=ORIENTED_EDGE('',*,*,#4872,.F.);
#6747=ORIENTED_EDGE('',*,*,#4860,.T.);
#6748=ORIENTED_EDGE('',*,*,#4873,.T.);
#6749=ORIENTED_EDGE('',*,*,#4874,.F.);
#6750=ORIENTED_EDGE('',*,*,#4868,.T.);
#6751=ORIENTED_EDGE('',*,*,#4859,.T.);
#6752=ORIENTED_EDGE('',*,*,#4875,.T.);
#6753=ORIENTED_EDGE('',*,*,#4876,.F.);
#6754=ORIENTED_EDGE('',*,*,#4873,.F.);
#6755=ORIENTED_EDGE('',*,*,#4877,.T.);
#6756=ORIENTED_EDGE('',*,*,#4871,.T.);
#6757=ORIENTED_EDGE('',*,*,#4878,.T.);
#6758=ORIENTED_EDGE('',*,*,#4879,.T.);
#6759=ORIENTED_EDGE('',*,*,#4880,.T.);
#6760=ORIENTED_EDGE('',*,*,#4828,.T.);
#6761=ORIENTED_EDGE('',*,*,#4824,.T.);
#6762=ORIENTED_EDGE('',*,*,#4820,.T.);
#6763=ORIENTED_EDGE('',*,*,#4870,.T.);
#6764=ORIENTED_EDGE('',*,*,#4881,.F.);
#6765=ORIENTED_EDGE('',*,*,#4882,.F.);
#6766=ORIENTED_EDGE('',*,*,#4878,.F.);
#6767=ORIENTED_EDGE('',*,*,#4848,.T.);
#6768=ORIENTED_EDGE('',*,*,#4851,.T.);
#6769=ORIENTED_EDGE('',*,*,#4854,.T.);
#6770=ORIENTED_EDGE('',*,*,#4867,.T.);
#6771=ORIENTED_EDGE('',*,*,#4883,.F.);
#6772=ORIENTED_EDGE('',*,*,#4879,.F.);
#6773=ORIENTED_EDGE('',*,*,#4882,.T.);
#6774=ORIENTED_EDGE('',*,*,#4884,.F.);
#6775=ORIENTED_EDGE('',*,*,#4875,.F.);
#6776=ORIENTED_EDGE('',*,*,#4858,.T.);
#6777=ORIENTED_EDGE('',*,*,#4863,.T.);
#6778=ORIENTED_EDGE('',*,*,#4866,.T.);
#6779=ORIENTED_EDGE('',*,*,#4885,.F.);
#6780=ORIENTED_EDGE('',*,*,#4880,.F.);
#6781=ORIENTED_EDGE('',*,*,#4883,.T.);
#6782=ORIENTED_EDGE('',*,*,#4865,.T.);
#6783=ORIENTED_EDGE('',*,*,#4872,.T.);
#6784=ORIENTED_EDGE('',*,*,#4877,.F.);
#6785=ORIENTED_EDGE('',*,*,#4885,.T.);
#6786=ORIENTED_EDGE('',*,*,#4874,.T.);
#6787=ORIENTED_EDGE('',*,*,#4876,.T.);
#6788=ORIENTED_EDGE('',*,*,#4884,.T.);
#6789=ORIENTED_EDGE('',*,*,#4881,.T.);
#6790=ORIENTED_EDGE('',*,*,#4869,.T.);
#6791=ORIENTED_EDGE('',*,*,#4801,.T.);
#6792=ORIENTED_EDGE('',*,*,#4817,.T.);
#6793=ORIENTED_EDGE('',*,*,#4814,.T.);
#6794=ORIENTED_EDGE('',*,*,#4811,.T.);
#6795=ORIENTED_EDGE('',*,*,#4808,.T.);
#6796=ORIENTED_EDGE('',*,*,#4805,.T.);
#6797=ORIENTED_EDGE('',*,*,#4782,.T.);
#6798=ORIENTED_EDGE('',*,*,#4798,.T.);
#6799=ORIENTED_EDGE('',*,*,#4795,.T.);
#6800=ORIENTED_EDGE('',*,*,#4792,.T.);
#6801=ORIENTED_EDGE('',*,*,#4789,.T.);
#6802=ORIENTED_EDGE('',*,*,#4786,.T.);
#6803=ORIENTED_EDGE('',*,*,#4763,.T.);
#6804=ORIENTED_EDGE('',*,*,#4779,.T.);
#6805=ORIENTED_EDGE('',*,*,#4776,.T.);
#6806=ORIENTED_EDGE('',*,*,#4773,.T.);
#6807=ORIENTED_EDGE('',*,*,#4770,.T.);
#6808=ORIENTED_EDGE('',*,*,#4767,.T.);
#6809=ORIENTED_EDGE('',*,*,#4886,.F.);
#6810=ORIENTED_EDGE('',*,*,#4887,.T.);
#6811=ORIENTED_EDGE('',*,*,#4888,.F.);
#6812=ORIENTED_EDGE('',*,*,#4887,.F.);
#6813=ORIENTED_EDGE('',*,*,#4889,.F.);
#6814=ORIENTED_EDGE('',*,*,#4890,.T.);
#6815=ORIENTED_EDGE('',*,*,#4891,.F.);
#6816=ORIENTED_EDGE('',*,*,#4890,.F.);
#6817=ORIENTED_EDGE('',*,*,#4892,.F.);
#6818=ORIENTED_EDGE('',*,*,#4893,.T.);
#6819=ORIENTED_EDGE('',*,*,#4894,.F.);
#6820=ORIENTED_EDGE('',*,*,#4893,.F.);
#6821=ORIENTED_EDGE('',*,*,#4895,.F.);
#6822=ORIENTED_EDGE('',*,*,#4896,.T.);
#6823=ORIENTED_EDGE('',*,*,#4897,.F.);
#6824=ORIENTED_EDGE('',*,*,#4898,.F.);
#6825=ORIENTED_EDGE('',*,*,#4899,.F.);
#6826=ORIENTED_EDGE('',*,*,#4898,.T.);
#6827=ORIENTED_EDGE('',*,*,#4900,.F.);
#6828=ORIENTED_EDGE('',*,*,#4901,.F.);
#6829=ORIENTED_EDGE('',*,*,#4902,.F.);
#6830=ORIENTED_EDGE('',*,*,#4901,.T.);
#6831=ORIENTED_EDGE('',*,*,#4903,.F.);
#6832=ORIENTED_EDGE('',*,*,#4904,.F.);
#6833=ORIENTED_EDGE('',*,*,#4905,.F.);
#6834=ORIENTED_EDGE('',*,*,#4904,.T.);
#6835=ORIENTED_EDGE('',*,*,#4906,.F.);
#6836=ORIENTED_EDGE('',*,*,#4907,.T.);
#6837=ORIENTED_EDGE('',*,*,#4908,.F.);
#6838=ORIENTED_EDGE('',*,*,#4909,.T.);
#6839=ORIENTED_EDGE('',*,*,#4910,.F.);
#6840=ORIENTED_EDGE('',*,*,#4896,.F.);
#6841=ORIENTED_EDGE('',*,*,#4911,.F.);
#6842=ORIENTED_EDGE('',*,*,#4907,.F.);
#6843=ORIENTED_EDGE('',*,*,#4912,.F.);
#6844=ORIENTED_EDGE('',*,*,#4909,.F.);
#6845=ORIENTED_EDGE('',*,*,#4913,.F.);
#6846=ORIENTED_EDGE('',*,*,#4914,.T.);
#6847=ORIENTED_EDGE('',*,*,#4915,.F.);
#6848=ORIENTED_EDGE('',*,*,#4916,.F.);
#6849=ORIENTED_EDGE('',*,*,#4917,.F.);
#6850=ORIENTED_EDGE('',*,*,#4916,.T.);
#6851=ORIENTED_EDGE('',*,*,#4918,.F.);
#6852=ORIENTED_EDGE('',*,*,#4919,.F.);
#6853=ORIENTED_EDGE('',*,*,#4920,.F.);
#6854=ORIENTED_EDGE('',*,*,#4919,.T.);
#6855=ORIENTED_EDGE('',*,*,#4921,.F.);
#6856=ORIENTED_EDGE('',*,*,#4922,.F.);
#6857=ORIENTED_EDGE('',*,*,#4923,.F.);
#6858=ORIENTED_EDGE('',*,*,#4922,.T.);
#6859=ORIENTED_EDGE('',*,*,#4924,.F.);
#6860=ORIENTED_EDGE('',*,*,#4925,.F.);
#6861=ORIENTED_EDGE('',*,*,#4926,.F.);
#6862=ORIENTED_EDGE('',*,*,#4925,.T.);
#6863=ORIENTED_EDGE('',*,*,#4927,.F.);
#6864=ORIENTED_EDGE('',*,*,#4928,.T.);
#6865=ORIENTED_EDGE('',*,*,#4929,.F.);
#6866=ORIENTED_EDGE('',*,*,#4930,.T.);
#6867=ORIENTED_EDGE('',*,*,#4931,.F.);
#6868=ORIENTED_EDGE('',*,*,#4914,.F.);
#6869=ORIENTED_EDGE('',*,*,#4932,.F.);
#6870=ORIENTED_EDGE('',*,*,#4933,.T.);
#6871=ORIENTED_EDGE('',*,*,#4934,.F.);
#6872=ORIENTED_EDGE('',*,*,#4930,.F.);
#6873=ORIENTED_EDGE('',*,*,#4935,.F.);
#6874=ORIENTED_EDGE('',*,*,#4928,.F.);
#6875=ORIENTED_EDGE('',*,*,#4936,.F.);
#6876=ORIENTED_EDGE('',*,*,#4933,.F.);
#6877=ORIENTED_EDGE('',*,*,#4937,.F.);
#6878=ORIENTED_EDGE('',*,*,#4938,.T.);
#6879=ORIENTED_EDGE('',*,*,#4939,.F.);
#6880=ORIENTED_EDGE('',*,*,#4940,.F.);
#6881=ORIENTED_EDGE('',*,*,#4941,.F.);
#6882=ORIENTED_EDGE('',*,*,#4940,.T.);
#6883=ORIENTED_EDGE('',*,*,#4942,.F.);
#6884=ORIENTED_EDGE('',*,*,#4943,.F.);
#6885=ORIENTED_EDGE('',*,*,#4944,.F.);
#6886=ORIENTED_EDGE('',*,*,#4943,.T.);
#6887=ORIENTED_EDGE('',*,*,#4945,.F.);
#6888=ORIENTED_EDGE('',*,*,#4946,.F.);
#6889=ORIENTED_EDGE('',*,*,#4947,.F.);
#6890=ORIENTED_EDGE('',*,*,#4946,.T.);
#6891=ORIENTED_EDGE('',*,*,#4948,.F.);
#6892=ORIENTED_EDGE('',*,*,#4949,.F.);
#6893=ORIENTED_EDGE('',*,*,#4950,.F.);
#6894=ORIENTED_EDGE('',*,*,#4949,.T.);
#6895=ORIENTED_EDGE('',*,*,#4951,.F.);
#6896=ORIENTED_EDGE('',*,*,#4952,.T.);
#6897=ORIENTED_EDGE('',*,*,#4953,.F.);
#6898=ORIENTED_EDGE('',*,*,#4954,.T.);
#6899=ORIENTED_EDGE('',*,*,#4955,.F.);
#6900=ORIENTED_EDGE('',*,*,#4938,.F.);
#6901=ORIENTED_EDGE('',*,*,#4956,.F.);
#6902=ORIENTED_EDGE('',*,*,#4957,.T.);
#6903=ORIENTED_EDGE('',*,*,#4958,.F.);
#6904=ORIENTED_EDGE('',*,*,#4954,.F.);
#6905=ORIENTED_EDGE('',*,*,#4959,.F.);
#6906=ORIENTED_EDGE('',*,*,#4952,.F.);
#6907=ORIENTED_EDGE('',*,*,#4960,.F.);
#6908=ORIENTED_EDGE('',*,*,#4957,.F.);
#6909=ORIENTED_EDGE('',*,*,#4961,.F.);
#6910=ORIENTED_EDGE('',*,*,#4962,.T.);
#6911=ORIENTED_EDGE('',*,*,#4963,.F.);
#6912=ORIENTED_EDGE('',*,*,#4964,.F.);
#6913=ORIENTED_EDGE('',*,*,#4965,.F.);
#6914=ORIENTED_EDGE('',*,*,#4964,.T.);
#6915=ORIENTED_EDGE('',*,*,#4966,.F.);
#6916=ORIENTED_EDGE('',*,*,#4967,.F.);
#6917=ORIENTED_EDGE('',*,*,#4968,.F.);
#6918=ORIENTED_EDGE('',*,*,#4967,.T.);
#6919=ORIENTED_EDGE('',*,*,#4969,.F.);
#6920=ORIENTED_EDGE('',*,*,#4970,.F.);
#6921=ORIENTED_EDGE('',*,*,#4971,.F.);
#6922=ORIENTED_EDGE('',*,*,#4970,.T.);
#6923=ORIENTED_EDGE('',*,*,#4972,.F.);
#6924=ORIENTED_EDGE('',*,*,#4973,.F.);
#6925=ORIENTED_EDGE('',*,*,#4974,.F.);
#6926=ORIENTED_EDGE('',*,*,#4973,.T.);
#6927=ORIENTED_EDGE('',*,*,#4975,.F.);
#6928=ORIENTED_EDGE('',*,*,#4976,.T.);
#6929=ORIENTED_EDGE('',*,*,#4977,.F.);
#6930=ORIENTED_EDGE('',*,*,#4978,.T.);
#6931=ORIENTED_EDGE('',*,*,#4979,.F.);
#6932=ORIENTED_EDGE('',*,*,#4962,.F.);
#6933=ORIENTED_EDGE('',*,*,#4980,.F.);
#6934=ORIENTED_EDGE('',*,*,#4981,.T.);
#6935=ORIENTED_EDGE('',*,*,#4982,.F.);
#6936=ORIENTED_EDGE('',*,*,#4978,.F.);
#6937=ORIENTED_EDGE('',*,*,#4983,.F.);
#6938=ORIENTED_EDGE('',*,*,#4976,.F.);
#6939=ORIENTED_EDGE('',*,*,#4984,.F.);
#6940=ORIENTED_EDGE('',*,*,#4981,.F.);
#6941=ORIENTED_EDGE('',*,*,#4985,.F.);
#6942=ORIENTED_EDGE('',*,*,#4986,.T.);
#6943=ORIENTED_EDGE('',*,*,#4987,.F.);
#6944=ORIENTED_EDGE('',*,*,#4988,.F.);
#6945=ORIENTED_EDGE('',*,*,#4989,.F.);
#6946=ORIENTED_EDGE('',*,*,#4988,.T.);
#6947=ORIENTED_EDGE('',*,*,#4990,.F.);
#6948=ORIENTED_EDGE('',*,*,#4991,.F.);
#6949=ORIENTED_EDGE('',*,*,#4992,.F.);
#6950=ORIENTED_EDGE('',*,*,#4991,.T.);
#6951=ORIENTED_EDGE('',*,*,#4993,.F.);
#6952=ORIENTED_EDGE('',*,*,#4994,.F.);
#6953=ORIENTED_EDGE('',*,*,#4995,.F.);
#6954=ORIENTED_EDGE('',*,*,#4994,.T.);
#6955=ORIENTED_EDGE('',*,*,#4996,.F.);
#6956=ORIENTED_EDGE('',*,*,#4997,.F.);
#6957=ORIENTED_EDGE('',*,*,#4998,.F.);
#6958=ORIENTED_EDGE('',*,*,#4997,.T.);
#6959=ORIENTED_EDGE('',*,*,#4999,.F.);
#6960=ORIENTED_EDGE('',*,*,#5000,.T.);
#6961=ORIENTED_EDGE('',*,*,#5001,.F.);
#6962=ORIENTED_EDGE('',*,*,#5002,.T.);
#6963=ORIENTED_EDGE('',*,*,#5003,.F.);
#6964=ORIENTED_EDGE('',*,*,#4986,.F.);
#6965=ORIENTED_EDGE('',*,*,#5004,.F.);
#6966=ORIENTED_EDGE('',*,*,#5005,.T.);
#6967=ORIENTED_EDGE('',*,*,#5006,.F.);
#6968=ORIENTED_EDGE('',*,*,#5002,.F.);
#6969=ORIENTED_EDGE('',*,*,#5007,.F.);
#6970=ORIENTED_EDGE('',*,*,#5000,.F.);
#6971=ORIENTED_EDGE('',*,*,#5008,.F.);
#6972=ORIENTED_EDGE('',*,*,#5005,.F.);
#6973=ORIENTED_EDGE('',*,*,#5009,.F.);
#6974=ORIENTED_EDGE('',*,*,#5010,.T.);
#6975=ORIENTED_EDGE('',*,*,#5011,.F.);
#6976=ORIENTED_EDGE('',*,*,#5012,.F.);
#6977=ORIENTED_EDGE('',*,*,#5013,.F.);
#6978=ORIENTED_EDGE('',*,*,#5012,.T.);
#6979=ORIENTED_EDGE('',*,*,#5014,.F.);
#6980=ORIENTED_EDGE('',*,*,#5015,.F.);
#6981=ORIENTED_EDGE('',*,*,#5016,.F.);
#6982=ORIENTED_EDGE('',*,*,#5015,.T.);
#6983=ORIENTED_EDGE('',*,*,#5017,.F.);
#6984=ORIENTED_EDGE('',*,*,#5018,.T.);
#6985=ORIENTED_EDGE('',*,*,#5019,.F.);
#6986=ORIENTED_EDGE('',*,*,#5020,.T.);
#6987=ORIENTED_EDGE('',*,*,#5021,.F.);
#6988=ORIENTED_EDGE('',*,*,#5010,.F.);
#6989=ORIENTED_EDGE('',*,*,#5022,.F.);
#6990=ORIENTED_EDGE('',*,*,#5018,.F.);
#6991=ORIENTED_EDGE('',*,*,#5023,.F.);
#6992=ORIENTED_EDGE('',*,*,#5020,.F.);
#6993=ORIENTED_EDGE('',*,*,#5024,.T.);
#6994=ORIENTED_EDGE('',*,*,#5025,.T.);
#6995=ORIENTED_EDGE('',*,*,#5026,.T.);
#6996=ORIENTED_EDGE('',*,*,#5027,.T.);
#6997=ORIENTED_EDGE('',*,*,#5028,.T.);
#6998=ORIENTED_EDGE('',*,*,#5029,.T.);
#6999=ORIENTED_EDGE('',*,*,#5030,.T.);
#7000=ORIENTED_EDGE('',*,*,#5031,.T.);
#7001=ORIENTED_EDGE('',*,*,#5032,.T.);
#7002=ORIENTED_EDGE('',*,*,#5033,.T.);
#7003=ORIENTED_EDGE('',*,*,#5034,.T.);
#7004=ORIENTED_EDGE('',*,*,#5035,.T.);
#7005=ORIENTED_EDGE('',*,*,#5036,.T.);
#7006=ORIENTED_EDGE('',*,*,#5037,.T.);
#7007=ORIENTED_EDGE('',*,*,#5038,.T.);
#7008=ORIENTED_EDGE('',*,*,#5039,.T.);
#7009=ORIENTED_EDGE('',*,*,#5040,.T.);
#7010=ORIENTED_EDGE('',*,*,#5041,.T.);
#7011=ORIENTED_EDGE('',*,*,#5042,.T.);
#7012=ORIENTED_EDGE('',*,*,#5043,.T.);
#7013=ORIENTED_EDGE('',*,*,#5044,.T.);
#7014=ORIENTED_EDGE('',*,*,#5045,.T.);
#7015=ORIENTED_EDGE('',*,*,#5046,.T.);
#7016=ORIENTED_EDGE('',*,*,#5047,.T.);
#7017=ORIENTED_EDGE('',*,*,#5048,.T.);
#7018=ORIENTED_EDGE('',*,*,#5049,.T.);
#7019=ORIENTED_EDGE('',*,*,#5050,.T.);
#7020=ORIENTED_EDGE('',*,*,#5051,.T.);
#7021=ORIENTED_EDGE('',*,*,#5052,.T.);
#7022=ORIENTED_EDGE('',*,*,#5053,.T.);
#7023=ORIENTED_EDGE('',*,*,#5054,.T.);
#7024=ORIENTED_EDGE('',*,*,#5055,.T.);
#7025=ORIENTED_EDGE('',*,*,#5056,.T.);
#7026=ORIENTED_EDGE('',*,*,#5057,.T.);
#7027=ORIENTED_EDGE('',*,*,#5058,.T.);
#7028=ORIENTED_EDGE('',*,*,#5059,.T.);
#7029=ORIENTED_EDGE('',*,*,#5060,.T.);
#7030=ORIENTED_EDGE('',*,*,#5061,.T.);
#7031=ORIENTED_EDGE('',*,*,#5062,.T.);
#7032=ORIENTED_EDGE('',*,*,#5063,.T.);
#7033=ORIENTED_EDGE('',*,*,#5064,.T.);
#7034=ORIENTED_EDGE('',*,*,#5065,.T.);
#7035=ORIENTED_EDGE('',*,*,#5066,.T.);
#7036=ORIENTED_EDGE('',*,*,#5067,.T.);
#7037=ORIENTED_EDGE('',*,*,#5068,.T.);
#7038=ORIENTED_EDGE('',*,*,#4905,.T.);
#7039=ORIENTED_EDGE('',*,*,#4911,.T.);
#7040=ORIENTED_EDGE('',*,*,#4908,.T.);
#7041=ORIENTED_EDGE('',*,*,#4895,.T.);
#7042=ORIENTED_EDGE('',*,*,#4899,.T.);
#7043=ORIENTED_EDGE('',*,*,#4902,.T.);
#7044=ORIENTED_EDGE('',*,*,#4926,.T.);
#7045=ORIENTED_EDGE('',*,*,#4935,.T.);
#7046=ORIENTED_EDGE('',*,*,#4932,.T.);
#7047=ORIENTED_EDGE('',*,*,#4929,.T.);
#7048=ORIENTED_EDGE('',*,*,#4913,.T.);
#7049=ORIENTED_EDGE('',*,*,#4917,.T.);
#7050=ORIENTED_EDGE('',*,*,#4920,.T.);
#7051=ORIENTED_EDGE('',*,*,#4923,.T.);
#7052=ORIENTED_EDGE('',*,*,#4950,.T.);
#7053=ORIENTED_EDGE('',*,*,#4959,.T.);
#7054=ORIENTED_EDGE('',*,*,#4956,.T.);
#7055=ORIENTED_EDGE('',*,*,#4953,.T.);
#7056=ORIENTED_EDGE('',*,*,#4937,.T.);
#7057=ORIENTED_EDGE('',*,*,#4941,.T.);
#7058=ORIENTED_EDGE('',*,*,#4944,.T.);
#7059=ORIENTED_EDGE('',*,*,#4947,.T.);
#7060=ORIENTED_EDGE('',*,*,#4974,.T.);
#7061=ORIENTED_EDGE('',*,*,#4983,.T.);
#7062=ORIENTED_EDGE('',*,*,#4980,.T.);
#7063=ORIENTED_EDGE('',*,*,#4977,.T.);
#7064=ORIENTED_EDGE('',*,*,#4961,.T.);
#7065=ORIENTED_EDGE('',*,*,#4965,.T.);
#7066=ORIENTED_EDGE('',*,*,#4968,.T.);
#7067=ORIENTED_EDGE('',*,*,#4971,.T.);
#7068=ORIENTED_EDGE('',*,*,#4998,.T.);
#7069=ORIENTED_EDGE('',*,*,#5007,.T.);
#7070=ORIENTED_EDGE('',*,*,#5004,.T.);
#7071=ORIENTED_EDGE('',*,*,#5001,.T.);
#7072=ORIENTED_EDGE('',*,*,#4985,.T.);
#7073=ORIENTED_EDGE('',*,*,#4989,.T.);
#7074=ORIENTED_EDGE('',*,*,#4992,.T.);
#7075=ORIENTED_EDGE('',*,*,#4995,.T.);
#7076=ORIENTED_EDGE('',*,*,#5016,.T.);
#7077=ORIENTED_EDGE('',*,*,#5022,.T.);
#7078=ORIENTED_EDGE('',*,*,#5019,.T.);
#7079=ORIENTED_EDGE('',*,*,#5009,.T.);
#7080=ORIENTED_EDGE('',*,*,#5013,.T.);
#7081=ORIENTED_EDGE('',*,*,#4892,.T.);
#7082=ORIENTED_EDGE('',*,*,#4889,.T.);
#7083=ORIENTED_EDGE('',*,*,#4886,.T.);
#7084=ORIENTED_EDGE('',*,*,#5069,.F.);
#7085=ORIENTED_EDGE('',*,*,#5070,.F.);
#7086=ORIENTED_EDGE('',*,*,#5071,.F.);
#7087=ORIENTED_EDGE('',*,*,#5025,.F.);
#7088=ORIENTED_EDGE('',*,*,#5071,.T.);
#7089=ORIENTED_EDGE('',*,*,#5072,.F.);
#7090=ORIENTED_EDGE('',*,*,#5073,.F.);
#7091=ORIENTED_EDGE('',*,*,#5026,.F.);
#7092=ORIENTED_EDGE('',*,*,#5073,.T.);
#7093=ORIENTED_EDGE('',*,*,#5074,.F.);
#7094=ORIENTED_EDGE('',*,*,#5075,.F.);
#7095=ORIENTED_EDGE('',*,*,#5027,.F.);
#7096=ORIENTED_EDGE('',*,*,#5075,.T.);
#7097=ORIENTED_EDGE('',*,*,#5076,.F.);
#7098=ORIENTED_EDGE('',*,*,#5077,.F.);
#7099=ORIENTED_EDGE('',*,*,#5028,.F.);
#7100=ORIENTED_EDGE('',*,*,#5077,.T.);
#7101=ORIENTED_EDGE('',*,*,#5078,.F.);
#7102=ORIENTED_EDGE('',*,*,#5079,.F.);
#7103=ORIENTED_EDGE('',*,*,#5029,.F.);
#7104=ORIENTED_EDGE('',*,*,#5079,.T.);
#7105=ORIENTED_EDGE('',*,*,#5080,.F.);
#7106=ORIENTED_EDGE('',*,*,#5081,.F.);
#7107=ORIENTED_EDGE('',*,*,#5030,.F.);
#7108=ORIENTED_EDGE('',*,*,#5081,.T.);
#7109=ORIENTED_EDGE('',*,*,#5082,.F.);
#7110=ORIENTED_EDGE('',*,*,#5083,.F.);
#7111=ORIENTED_EDGE('',*,*,#5031,.F.);
#7112=ORIENTED_EDGE('',*,*,#5083,.T.);
#7113=ORIENTED_EDGE('',*,*,#5084,.F.);
#7114=ORIENTED_EDGE('',*,*,#5085,.F.);
#7115=ORIENTED_EDGE('',*,*,#5032,.F.);
#7116=ORIENTED_EDGE('',*,*,#5085,.T.);
#7117=ORIENTED_EDGE('',*,*,#5086,.F.);
#7118=ORIENTED_EDGE('',*,*,#5087,.F.);
#7119=ORIENTED_EDGE('',*,*,#5033,.F.);
#7120=ORIENTED_EDGE('',*,*,#5087,.T.);
#7121=ORIENTED_EDGE('',*,*,#5088,.F.);
#7122=ORIENTED_EDGE('',*,*,#5089,.F.);
#7123=ORIENTED_EDGE('',*,*,#5034,.F.);
#7124=ORIENTED_EDGE('',*,*,#5089,.T.);
#7125=ORIENTED_EDGE('',*,*,#5090,.F.);
#7126=ORIENTED_EDGE('',*,*,#5091,.F.);
#7127=ORIENTED_EDGE('',*,*,#5035,.F.);
#7128=ORIENTED_EDGE('',*,*,#5091,.T.);
#7129=ORIENTED_EDGE('',*,*,#5092,.F.);
#7130=ORIENTED_EDGE('',*,*,#5093,.F.);
#7131=ORIENTED_EDGE('',*,*,#5036,.F.);
#7132=ORIENTED_EDGE('',*,*,#5093,.T.);
#7133=ORIENTED_EDGE('',*,*,#5094,.F.);
#7134=ORIENTED_EDGE('',*,*,#5095,.F.);
#7135=ORIENTED_EDGE('',*,*,#5037,.F.);
#7136=ORIENTED_EDGE('',*,*,#5095,.T.);
#7137=ORIENTED_EDGE('',*,*,#5096,.F.);
#7138=ORIENTED_EDGE('',*,*,#5097,.F.);
#7139=ORIENTED_EDGE('',*,*,#5038,.F.);
#7140=ORIENTED_EDGE('',*,*,#5097,.T.);
#7141=ORIENTED_EDGE('',*,*,#5098,.F.);
#7142=ORIENTED_EDGE('',*,*,#5099,.F.);
#7143=ORIENTED_EDGE('',*,*,#5039,.F.);
#7144=ORIENTED_EDGE('',*,*,#5099,.T.);
#7145=ORIENTED_EDGE('',*,*,#5100,.F.);
#7146=ORIENTED_EDGE('',*,*,#5101,.F.);
#7147=ORIENTED_EDGE('',*,*,#5040,.F.);
#7148=ORIENTED_EDGE('',*,*,#5101,.T.);
#7149=ORIENTED_EDGE('',*,*,#5102,.F.);
#7150=ORIENTED_EDGE('',*,*,#5103,.F.);
#7151=ORIENTED_EDGE('',*,*,#5041,.F.);
#7152=ORIENTED_EDGE('',*,*,#5103,.T.);
#7153=ORIENTED_EDGE('',*,*,#5104,.F.);
#7154=ORIENTED_EDGE('',*,*,#5105,.F.);
#7155=ORIENTED_EDGE('',*,*,#5042,.F.);
#7156=ORIENTED_EDGE('',*,*,#5105,.T.);
#7157=ORIENTED_EDGE('',*,*,#5106,.F.);
#7158=ORIENTED_EDGE('',*,*,#5107,.F.);
#7159=ORIENTED_EDGE('',*,*,#5043,.F.);
#7160=ORIENTED_EDGE('',*,*,#5107,.T.);
#7161=ORIENTED_EDGE('',*,*,#5108,.F.);
#7162=ORIENTED_EDGE('',*,*,#5109,.F.);
#7163=ORIENTED_EDGE('',*,*,#5044,.F.);
#7164=ORIENTED_EDGE('',*,*,#5109,.T.);
#7165=ORIENTED_EDGE('',*,*,#5110,.F.);
#7166=ORIENTED_EDGE('',*,*,#5111,.F.);
#7167=ORIENTED_EDGE('',*,*,#5045,.F.);
#7168=ORIENTED_EDGE('',*,*,#5111,.T.);
#7169=ORIENTED_EDGE('',*,*,#5112,.F.);
#7170=ORIENTED_EDGE('',*,*,#5113,.F.);
#7171=ORIENTED_EDGE('',*,*,#5046,.F.);
#7172=ORIENTED_EDGE('',*,*,#5113,.T.);
#7173=ORIENTED_EDGE('',*,*,#5114,.F.);
#7174=ORIENTED_EDGE('',*,*,#5115,.F.);
#7175=ORIENTED_EDGE('',*,*,#5047,.F.);
#7176=ORIENTED_EDGE('',*,*,#5115,.T.);
#7177=ORIENTED_EDGE('',*,*,#5116,.F.);
#7178=ORIENTED_EDGE('',*,*,#5117,.F.);
#7179=ORIENTED_EDGE('',*,*,#5048,.F.);
#7180=ORIENTED_EDGE('',*,*,#5117,.T.);
#7181=ORIENTED_EDGE('',*,*,#5118,.F.);
#7182=ORIENTED_EDGE('',*,*,#5119,.F.);
#7183=ORIENTED_EDGE('',*,*,#5049,.F.);
#7184=ORIENTED_EDGE('',*,*,#5119,.T.);
#7185=ORIENTED_EDGE('',*,*,#5120,.F.);
#7186=ORIENTED_EDGE('',*,*,#5121,.F.);
#7187=ORIENTED_EDGE('',*,*,#5050,.F.);
#7188=ORIENTED_EDGE('',*,*,#5121,.T.);
#7189=ORIENTED_EDGE('',*,*,#5122,.F.);
#7190=ORIENTED_EDGE('',*,*,#5123,.F.);
#7191=ORIENTED_EDGE('',*,*,#5051,.F.);
#7192=ORIENTED_EDGE('',*,*,#5123,.T.);
#7193=ORIENTED_EDGE('',*,*,#5124,.F.);
#7194=ORIENTED_EDGE('',*,*,#5125,.F.);
#7195=ORIENTED_EDGE('',*,*,#5052,.F.);
#7196=ORIENTED_EDGE('',*,*,#5125,.T.);
#7197=ORIENTED_EDGE('',*,*,#5126,.F.);
#7198=ORIENTED_EDGE('',*,*,#5127,.F.);
#7199=ORIENTED_EDGE('',*,*,#5053,.F.);
#7200=ORIENTED_EDGE('',*,*,#5127,.T.);
#7201=ORIENTED_EDGE('',*,*,#5128,.F.);
#7202=ORIENTED_EDGE('',*,*,#5129,.F.);
#7203=ORIENTED_EDGE('',*,*,#5054,.F.);
#7204=ORIENTED_EDGE('',*,*,#5129,.T.);
#7205=ORIENTED_EDGE('',*,*,#5130,.F.);
#7206=ORIENTED_EDGE('',*,*,#5131,.F.);
#7207=ORIENTED_EDGE('',*,*,#5055,.F.);
#7208=ORIENTED_EDGE('',*,*,#5131,.T.);
#7209=ORIENTED_EDGE('',*,*,#5132,.F.);
#7210=ORIENTED_EDGE('',*,*,#5133,.F.);
#7211=ORIENTED_EDGE('',*,*,#5056,.F.);
#7212=ORIENTED_EDGE('',*,*,#5133,.T.);
#7213=ORIENTED_EDGE('',*,*,#5134,.F.);
#7214=ORIENTED_EDGE('',*,*,#5135,.F.);
#7215=ORIENTED_EDGE('',*,*,#5057,.F.);
#7216=ORIENTED_EDGE('',*,*,#5135,.T.);
#7217=ORIENTED_EDGE('',*,*,#5136,.F.);
#7218=ORIENTED_EDGE('',*,*,#5137,.F.);
#7219=ORIENTED_EDGE('',*,*,#5058,.F.);
#7220=ORIENTED_EDGE('',*,*,#5137,.T.);
#7221=ORIENTED_EDGE('',*,*,#5138,.F.);
#7222=ORIENTED_EDGE('',*,*,#5139,.F.);
#7223=ORIENTED_EDGE('',*,*,#5059,.F.);
#7224=ORIENTED_EDGE('',*,*,#5139,.T.);
#7225=ORIENTED_EDGE('',*,*,#5140,.F.);
#7226=ORIENTED_EDGE('',*,*,#5141,.F.);
#7227=ORIENTED_EDGE('',*,*,#5060,.F.);
#7228=ORIENTED_EDGE('',*,*,#5141,.T.);
#7229=ORIENTED_EDGE('',*,*,#5142,.F.);
#7230=ORIENTED_EDGE('',*,*,#5143,.F.);
#7231=ORIENTED_EDGE('',*,*,#5061,.F.);
#7232=ORIENTED_EDGE('',*,*,#5143,.T.);
#7233=ORIENTED_EDGE('',*,*,#5144,.F.);
#7234=ORIENTED_EDGE('',*,*,#5145,.F.);
#7235=ORIENTED_EDGE('',*,*,#5062,.F.);
#7236=ORIENTED_EDGE('',*,*,#5145,.T.);
#7237=ORIENTED_EDGE('',*,*,#5146,.F.);
#7238=ORIENTED_EDGE('',*,*,#5147,.F.);
#7239=ORIENTED_EDGE('',*,*,#5063,.F.);
#7240=ORIENTED_EDGE('',*,*,#5147,.T.);
#7241=ORIENTED_EDGE('',*,*,#5148,.F.);
#7242=ORIENTED_EDGE('',*,*,#5149,.F.);
#7243=ORIENTED_EDGE('',*,*,#5064,.F.);
#7244=ORIENTED_EDGE('',*,*,#5149,.T.);
#7245=ORIENTED_EDGE('',*,*,#5150,.F.);
#7246=ORIENTED_EDGE('',*,*,#5151,.F.);
#7247=ORIENTED_EDGE('',*,*,#5065,.F.);
#7248=ORIENTED_EDGE('',*,*,#5151,.T.);
#7249=ORIENTED_EDGE('',*,*,#5152,.F.);
#7250=ORIENTED_EDGE('',*,*,#5153,.F.);
#7251=ORIENTED_EDGE('',*,*,#5066,.F.);
#7252=ORIENTED_EDGE('',*,*,#5153,.T.);
#7253=ORIENTED_EDGE('',*,*,#5154,.F.);
#7254=ORIENTED_EDGE('',*,*,#5155,.F.);
#7255=ORIENTED_EDGE('',*,*,#5067,.F.);
#7256=ORIENTED_EDGE('',*,*,#5155,.T.);
#7257=ORIENTED_EDGE('',*,*,#5156,.F.);
#7258=ORIENTED_EDGE('',*,*,#5157,.F.);
#7259=ORIENTED_EDGE('',*,*,#5068,.F.);
#7260=ORIENTED_EDGE('',*,*,#5157,.T.);
#7261=ORIENTED_EDGE('',*,*,#5158,.F.);
#7262=ORIENTED_EDGE('',*,*,#5069,.T.);
#7263=ORIENTED_EDGE('',*,*,#5024,.F.);
#7264=ORIENTED_EDGE('',*,*,#5158,.T.);
#7265=ORIENTED_EDGE('',*,*,#5156,.T.);
#7266=ORIENTED_EDGE('',*,*,#5154,.T.);
#7267=ORIENTED_EDGE('',*,*,#5152,.T.);
#7268=ORIENTED_EDGE('',*,*,#5150,.T.);
#7269=ORIENTED_EDGE('',*,*,#5148,.T.);
#7270=ORIENTED_EDGE('',*,*,#5146,.T.);
#7271=ORIENTED_EDGE('',*,*,#5144,.T.);
#7272=ORIENTED_EDGE('',*,*,#5142,.T.);
#7273=ORIENTED_EDGE('',*,*,#5140,.T.);
#7274=ORIENTED_EDGE('',*,*,#5138,.T.);
#7275=ORIENTED_EDGE('',*,*,#5136,.T.);
#7276=ORIENTED_EDGE('',*,*,#5134,.T.);
#7277=ORIENTED_EDGE('',*,*,#5132,.T.);
#7278=ORIENTED_EDGE('',*,*,#5130,.T.);
#7279=ORIENTED_EDGE('',*,*,#5128,.T.);
#7280=ORIENTED_EDGE('',*,*,#5126,.T.);
#7281=ORIENTED_EDGE('',*,*,#5124,.T.);
#7282=ORIENTED_EDGE('',*,*,#5122,.T.);
#7283=ORIENTED_EDGE('',*,*,#5120,.T.);
#7284=ORIENTED_EDGE('',*,*,#5118,.T.);
#7285=ORIENTED_EDGE('',*,*,#5116,.T.);
#7286=ORIENTED_EDGE('',*,*,#5114,.T.);
#7287=ORIENTED_EDGE('',*,*,#5112,.T.);
#7288=ORIENTED_EDGE('',*,*,#5110,.T.);
#7289=ORIENTED_EDGE('',*,*,#5108,.T.);
#7290=ORIENTED_EDGE('',*,*,#5106,.T.);
#7291=ORIENTED_EDGE('',*,*,#5104,.T.);
#7292=ORIENTED_EDGE('',*,*,#5102,.T.);
#7293=ORIENTED_EDGE('',*,*,#5100,.T.);
#7294=ORIENTED_EDGE('',*,*,#5098,.T.);
#7295=ORIENTED_EDGE('',*,*,#5096,.T.);
#7296=ORIENTED_EDGE('',*,*,#5094,.T.);
#7297=ORIENTED_EDGE('',*,*,#5092,.T.);
#7298=ORIENTED_EDGE('',*,*,#5090,.T.);
#7299=ORIENTED_EDGE('',*,*,#5088,.T.);
#7300=ORIENTED_EDGE('',*,*,#5086,.T.);
#7301=ORIENTED_EDGE('',*,*,#5084,.T.);
#7302=ORIENTED_EDGE('',*,*,#5082,.T.);
#7303=ORIENTED_EDGE('',*,*,#5080,.T.);
#7304=ORIENTED_EDGE('',*,*,#5078,.T.);
#7305=ORIENTED_EDGE('',*,*,#5076,.T.);
#7306=ORIENTED_EDGE('',*,*,#5074,.T.);
#7307=ORIENTED_EDGE('',*,*,#5072,.T.);
#7308=ORIENTED_EDGE('',*,*,#5070,.T.);
#7309=ORIENTED_EDGE('',*,*,#4906,.T.);
#7310=ORIENTED_EDGE('',*,*,#4903,.T.);
#7311=ORIENTED_EDGE('',*,*,#4900,.T.);
#7312=ORIENTED_EDGE('',*,*,#4897,.T.);
#7313=ORIENTED_EDGE('',*,*,#4910,.T.);
#7314=ORIENTED_EDGE('',*,*,#4912,.T.);
#7315=ORIENTED_EDGE('',*,*,#4927,.T.);
#7316=ORIENTED_EDGE('',*,*,#4924,.T.);
#7317=ORIENTED_EDGE('',*,*,#4921,.T.);
#7318=ORIENTED_EDGE('',*,*,#4918,.T.);
#7319=ORIENTED_EDGE('',*,*,#4915,.T.);
#7320=ORIENTED_EDGE('',*,*,#4931,.T.);
#7321=ORIENTED_EDGE('',*,*,#4934,.T.);
#7322=ORIENTED_EDGE('',*,*,#4936,.T.);
#7323=ORIENTED_EDGE('',*,*,#4951,.T.);
#7324=ORIENTED_EDGE('',*,*,#4948,.T.);
#7325=ORIENTED_EDGE('',*,*,#4945,.T.);
#7326=ORIENTED_EDGE('',*,*,#4942,.T.);
#7327=ORIENTED_EDGE('',*,*,#4939,.T.);
#7328=ORIENTED_EDGE('',*,*,#4955,.T.);
#7329=ORIENTED_EDGE('',*,*,#4958,.T.);
#7330=ORIENTED_EDGE('',*,*,#4960,.T.);
#7331=ORIENTED_EDGE('',*,*,#4975,.T.);
#7332=ORIENTED_EDGE('',*,*,#4972,.T.);
#7333=ORIENTED_EDGE('',*,*,#4969,.T.);
#7334=ORIENTED_EDGE('',*,*,#4966,.T.);
#7335=ORIENTED_EDGE('',*,*,#4963,.T.);
#7336=ORIENTED_EDGE('',*,*,#4979,.T.);
#7337=ORIENTED_EDGE('',*,*,#4982,.T.);
#7338=ORIENTED_EDGE('',*,*,#4984,.T.);
#7339=ORIENTED_EDGE('',*,*,#4999,.T.);
#7340=ORIENTED_EDGE('',*,*,#4996,.T.);
#7341=ORIENTED_EDGE('',*,*,#4993,.T.);
#7342=ORIENTED_EDGE('',*,*,#4990,.T.);
#7343=ORIENTED_EDGE('',*,*,#4987,.T.);
#7344=ORIENTED_EDGE('',*,*,#5003,.T.);
#7345=ORIENTED_EDGE('',*,*,#5006,.T.);
#7346=ORIENTED_EDGE('',*,*,#5008,.T.);
#7347=ORIENTED_EDGE('',*,*,#5017,.T.);
#7348=ORIENTED_EDGE('',*,*,#5014,.T.);
#7349=ORIENTED_EDGE('',*,*,#5011,.T.);
#7350=ORIENTED_EDGE('',*,*,#5021,.T.);
#7351=ORIENTED_EDGE('',*,*,#5023,.T.);
#7352=ORIENTED_EDGE('',*,*,#4894,.T.);
#7353=ORIENTED_EDGE('',*,*,#4891,.T.);
#7354=ORIENTED_EDGE('',*,*,#4888,.T.);
#7355=PLANE('',#8221);
#7356=PLANE('',#8222);
#7357=PLANE('',#8223);
#7358=PLANE('',#8224);
#7359=PLANE('',#8225);
#7360=PLANE('',#8226);
#7361=PLANE('',#8227);
#7362=PLANE('',#8231);
#7363=PLANE('',#8235);
#7364=PLANE('',#8236);
#7365=PLANE('',#8237);
#7366=PLANE('',#8238);
#7367=PLANE('',#8239);
#7368=PLANE('',#8240);
#7369=PLANE('',#8241);
#7370=PLANE('',#8242);
#7371=PLANE('',#8243);
#7372=PLANE('',#8247);
#7373=PLANE('',#8251);
#7374=PLANE('',#8252);
#7375=PLANE('',#8253);
#7376=PLANE('',#8254);
#7377=PLANE('',#8255);
#7378=PLANE('',#8256);
#7379=PLANE('',#8257);
#7380=PLANE('',#8258);
#7381=PLANE('',#8259);
#7382=PLANE('',#8263);
#7383=PLANE('',#8267);
#7384=PLANE('',#8268);
#7385=PLANE('',#8275);
#7386=PLANE('',#8276);
#7387=PLANE('',#8283);
#7388=PLANE('',#8284);
#7389=PLANE('',#8291);
#7390=PLANE('',#8292);
#7391=PLANE('',#8296);
#7392=PLANE('',#8297);
#7393=PLANE('',#8298);
#7394=PLANE('',#8299);
#7395=PLANE('',#8300);
#7396=PLANE('',#8301);
#7397=PLANE('',#8302);
#7398=PLANE('',#8303);
#7399=PLANE('',#8307);
#7400=PLANE('',#8308);
#7401=PLANE('',#8309);
#7402=PLANE('',#8310);
#7403=PLANE('',#8311);
#7404=PLANE('',#8312);
#7405=PLANE('',#8313);
#7406=PLANE('',#8314);
#7407=PLANE('',#8318);
#7408=PLANE('',#8319);
#7409=PLANE('',#8320);
#7410=PLANE('',#8321);
#7411=PLANE('',#8322);
#7412=PLANE('',#8323);
#7413=PLANE('',#8324);
#7414=PLANE('',#8325);
#7415=PLANE('',#8326);
#7416=PLANE('',#8327);
#7417=PLANE('',#8328);
#7418=PLANE('',#8329);
#7419=PLANE('',#8330);
#7420=PLANE('',#8331);
#7421=PLANE('',#8332);
#7422=PLANE('',#8334);
#7423=PLANE('',#8335);
#7424=PLANE('',#8336);
#7425=PLANE('',#8337);
#7426=PLANE('',#8338);
#7427=PLANE('',#8339);
#7428=PLANE('',#8340);
#7429=PLANE('',#8342);
#7430=PLANE('',#8343);
#7431=PLANE('',#8344);
#7432=PLANE('',#8345);
#7433=PLANE('',#8346);
#7434=PLANE('',#8347);
#7435=PLANE('',#8348);
#7436=PLANE('',#8353);
#7437=PLANE('',#8358);
#7438=PLANE('',#8363);
#7439=PLANE('',#8380);
#7440=PLANE('',#8385);
#7441=PLANE('',#8389);
#7442=PLANE('',#8392);
#7443=PLANE('',#8393);
#7444=PLANE('',#8394);
#7445=PLANE('',#8395);
#7446=PLANE('',#8396);
#7447=PLANE('',#8397);
#7448=PLANE('',#8398);
#7449=PLANE('',#8399);
#7450=PLANE('',#8400);
#7451=PLANE('',#8401);
#7452=PLANE('',#8402);
#7453=PLANE('',#8403);
#7454=PLANE('',#8413);
#7455=PLANE('',#8414);
#7456=PLANE('',#8415);
#7457=PLANE('',#8416);
#7458=PLANE('',#8417);
#7459=PLANE('',#8418);
#7460=PLANE('',#8419);
#7461=PLANE('',#8420);
#7462=PLANE('',#8421);
#7463=PLANE('',#8422);
#7464=PLANE('',#8423);
#7465=PLANE('',#8424);
#7466=PLANE('',#8425);
#7467=PLANE('',#8426);
#7468=PLANE('',#8427);
#7469=PLANE('',#8428);
#7470=PLANE('',#8429);
#7471=PLANE('',#8430);
#7472=PLANE('',#8431);
#7473=PLANE('',#8432);
#7474=PLANE('',#8433);
#7475=PLANE('',#8434);
#7476=PLANE('',#8435);
#7477=PLANE('',#8436);
#7478=PLANE('',#8437);
#7479=PLANE('',#8438);
#7480=PLANE('',#8439);
#7481=PLANE('',#8440);
#7482=PLANE('',#8441);
#7483=PLANE('',#8442);
#7484=PLANE('',#8443);
#7485=PLANE('',#8444);
#7486=PLANE('',#8445);
#7487=PLANE('',#8446);
#7488=PLANE('',#8447);
#7489=PLANE('',#8448);
#7490=PLANE('',#8449);
#7491=PLANE('',#8450);
#7492=PLANE('',#8451);
#7493=PLANE('',#8452);
#7494=PLANE('',#8453);
#7495=PLANE('',#8454);
#7496=PLANE('',#8455);
#7497=PLANE('',#8456);
#7498=PLANE('',#8457);
#7499=PLANE('',#8458);
#7500=PLANE('',#8459);
#7501=PLANE('',#8460);
#7502=PLANE('',#8461);
#7503=PLANE('',#8462);
#7504=PLANE('',#8463);
#7505=PLANE('',#8464);
#7506=PLANE('',#8465);
#7507=PLANE('',#8466);
#7508=PLANE('',#8467);
#7509=PLANE('',#8468);
#7510=PLANE('',#8469);
#7511=PLANE('',#8470);
#7512=PLANE('',#8471);
#7513=PLANE('',#8472);
#7514=PLANE('',#8473);
#7515=PLANE('',#8474);
#7516=PLANE('',#8475);
#7517=PLANE('',#8476);
#7518=PLANE('',#8477);
#7519=PLANE('',#8478);
#7520=PLANE('',#8479);
#7521=PLANE('',#8480);
#7522=PLANE('',#8481);
#7523=PLANE('',#8482);
#7524=PLANE('',#8483);
#7525=PLANE('',#8484);
#7526=PLANE('',#8485);
#7527=PLANE('',#8486);
#7528=PLANE('',#8487);
#7529=PLANE('',#8488);
#7530=PLANE('',#8489);
#7531=PLANE('',#8490);
#7532=PLANE('',#8491);
#7533=PLANE('',#8492);
#7534=PLANE('',#8493);
#7535=PLANE('',#8494);
#7536=PLANE('',#8495);
#7537=PLANE('',#8496);
#7538=PLANE('',#8497);
#7539=PLANE('',#8498);
#7540=PLANE('',#8499);
#7541=PLANE('',#8500);
#7542=PLANE('',#8501);
#7543=PLANE('',#8502);
#7544=PLANE('',#8506);
#7545=PLANE('',#8507);
#7546=PLANE('',#8508);
#7547=PLANE('',#8509);
#7548=PLANE('',#8510);
#7549=PLANE('',#8511);
#7550=PLANE('',#8512);
#7551=PLANE('',#8516);
#7552=PLANE('',#8520);
#7553=PLANE('',#8521);
#7554=PLANE('',#8522);
#7555=PLANE('',#8523);
#7556=PLANE('',#8524);
#7557=PLANE('',#8525);
#7558=PLANE('',#8526);
#7559=PLANE('',#8527);
#7560=PLANE('',#8528);
#7561=PLANE('',#8532);
#7562=PLANE('',#8536);
#7563=PLANE('',#8537);
#7564=PLANE('',#8538);
#7565=PLANE('',#8539);
#7566=PLANE('',#8540);
#7567=PLANE('',#8541);
#7568=PLANE('',#8542);
#7569=PLANE('',#8543);
#7570=PLANE('',#8544);
#7571=PLANE('',#8548);
#7572=PLANE('',#8552);
#7573=PLANE('',#8553);
#7574=PLANE('',#8560);
#7575=PLANE('',#8561);
#7576=PLANE('',#8568);
#7577=PLANE('',#8569);
#7578=PLANE('',#8576);
#7579=PLANE('',#8577);
#7580=PLANE('',#8581);
#7581=PLANE('',#8582);
#7582=PLANE('',#8583);
#7583=PLANE('',#8584);
#7584=PLANE('',#8585);
#7585=PLANE('',#8586);
#7586=PLANE('',#8587);
#7587=PLANE('',#8588);
#7588=PLANE('',#8592);
#7589=PLANE('',#8593);
#7590=PLANE('',#8594);
#7591=PLANE('',#8595);
#7592=PLANE('',#8596);
#7593=PLANE('',#8597);
#7594=PLANE('',#8598);
#7595=PLANE('',#8599);
#7596=PLANE('',#8603);
#7597=PLANE('',#8604);
#7598=PLANE('',#8605);
#7599=PLANE('',#8606);
#7600=PLANE('',#8607);
#7601=PLANE('',#8608);
#7602=PLANE('',#8609);
#7603=PLANE('',#8610);
#7604=PLANE('',#8611);
#7605=PLANE('',#8612);
#7606=PLANE('',#8613);
#7607=PLANE('',#8614);
#7608=PLANE('',#8615);
#7609=PLANE('',#8616);
#7610=PLANE('',#8617);
#7611=PLANE('',#8619);
#7612=PLANE('',#8620);
#7613=PLANE('',#8621);
#7614=PLANE('',#8622);
#7615=PLANE('',#8623);
#7616=PLANE('',#8624);
#7617=PLANE('',#8625);
#7618=PLANE('',#8627);
#7619=PLANE('',#8628);
#7620=PLANE('',#8629);
#7621=PLANE('',#8630);
#7622=PLANE('',#8631);
#7623=PLANE('',#8632);
#7624=PLANE('',#8633);
#7625=PLANE('',#8638);
#7626=PLANE('',#8643);
#7627=PLANE('',#8648);
#7628=PLANE('',#8665);
#7629=PLANE('',#8670);
#7630=PLANE('',#8674);
#7631=PLANE('',#8677);
#7632=PLANE('',#8678);
#7633=PLANE('',#8679);
#7634=PLANE('',#8680);
#7635=PLANE('',#8681);
#7636=PLANE('',#8682);
#7637=PLANE('',#8683);
#7638=PLANE('',#8684);
#7639=PLANE('',#8685);
#7640=PLANE('',#8686);
#7641=PLANE('',#8687);
#7642=PLANE('',#8688);
#7643=PLANE('',#8698);
#7644=PLANE('',#8699);
#7645=PLANE('',#8700);
#7646=PLANE('',#8701);
#7647=PLANE('',#8702);
#7648=PLANE('',#8703);
#7649=PLANE('',#8704);
#7650=PLANE('',#8705);
#7651=PLANE('',#8706);
#7652=PLANE('',#8707);
#7653=PLANE('',#8708);
#7654=PLANE('',#8709);
#7655=PLANE('',#8710);
#7656=PLANE('',#8711);
#7657=PLANE('',#8712);
#7658=PLANE('',#8713);
#7659=PLANE('',#8714);
#7660=PLANE('',#8715);
#7661=PLANE('',#8716);
#7662=PLANE('',#8717);
#7663=PLANE('',#8718);
#7664=PLANE('',#8719);
#7665=PLANE('',#8720);
#7666=PLANE('',#8721);
#7667=PLANE('',#8722);
#7668=PLANE('',#8723);
#7669=PLANE('',#8724);
#7670=PLANE('',#8725);
#7671=PLANE('',#8726);
#7672=PLANE('',#8727);
#7673=PLANE('',#8728);
#7674=PLANE('',#8729);
#7675=PLANE('',#8730);
#7676=PLANE('',#8731);
#7677=PLANE('',#8732);
#7678=PLANE('',#8733);
#7679=PLANE('',#8734);
#7680=PLANE('',#8735);
#7681=PLANE('',#8736);
#7682=PLANE('',#8737);
#7683=PLANE('',#8738);
#7684=PLANE('',#8739);
#7685=PLANE('',#8740);
#7686=PLANE('',#8741);
#7687=PLANE('',#8742);
#7688=PLANE('',#8743);
#7689=PLANE('',#8744);
#7690=PLANE('',#8745);
#7691=PLANE('',#8746);
#7692=PLANE('',#8747);
#7693=PLANE('',#8748);
#7694=PLANE('',#8749);
#7695=PLANE('',#8750);
#7696=PLANE('',#8751);
#7697=PLANE('',#8752);
#7698=PLANE('',#8753);
#7699=PLANE('',#8754);
#7700=PLANE('',#8755);
#7701=PLANE('',#8756);
#7702=PLANE('',#8757);
#7703=PLANE('',#8758);
#7704=PLANE('',#8759);
#7705=PLANE('',#8760);
#7706=PLANE('',#8761);
#7707=PLANE('',#8762);
#7708=PLANE('',#8763);
#7709=PLANE('',#8764);
#7710=PLANE('',#8765);
#7711=PLANE('',#8766);
#7712=PLANE('',#8767);
#7713=PLANE('',#8768);
#7714=PLANE('',#8769);
#7715=PLANE('',#8770);
#7716=PLANE('',#8771);
#7717=PLANE('',#8772);
#7718=PLANE('',#8773);
#7719=PLANE('',#8774);
#7720=PLANE('',#8775);
#7721=PLANE('',#8776);
#7722=PLANE('',#8777);
#7723=PLANE('',#8778);
#7724=PLANE('',#8779);
#7725=PLANE('',#8780);
#7726=PLANE('',#8781);
#7727=PLANE('',#8782);
#7728=PLANE('',#8783);
#7729=PLANE('',#8784);
#7730=PLANE('',#8785);
#7731=PLANE('',#8786);
#7732=PLANE('',#8787);
#7733=ADVANCED_FACE('',(#383),#7355,.F.);
#7734=ADVANCED_FACE('',(#384),#7356,.F.);
#7735=ADVANCED_FACE('',(#385),#7357,.F.);
#7736=ADVANCED_FACE('',(#386),#7358,.F.);
#7737=ADVANCED_FACE('',(#387),#7359,.F.);
#7738=ADVANCED_FACE('',(#388),#7360,.F.);
#7739=ADVANCED_FACE('',(#389),#7361,.F.);
#7740=ADVANCED_FACE('',(#390),#321,.T.);
#7741=ADVANCED_FACE('',(#391),#7362,.F.);
#7742=ADVANCED_FACE('',(#392),#322,.T.);
#7743=ADVANCED_FACE('',(#393,#79),#7363,.T.);
#7744=ADVANCED_FACE('',(#394,#80),#7364,.F.);
#7745=ADVANCED_FACE('',(#395),#7365,.F.);
#7746=ADVANCED_FACE('',(#396),#7366,.F.);
#7747=ADVANCED_FACE('',(#397),#7367,.F.);
#7748=ADVANCED_FACE('',(#398),#7368,.F.);
#7749=ADVANCED_FACE('',(#399),#7369,.F.);
#7750=ADVANCED_FACE('',(#400),#7370,.F.);
#7751=ADVANCED_FACE('',(#401),#7371,.F.);
#7752=ADVANCED_FACE('',(#402),#323,.T.);
#7753=ADVANCED_FACE('',(#403),#7372,.F.);
#7754=ADVANCED_FACE('',(#404),#324,.T.);
#7755=ADVANCED_FACE('',(#405,#81),#7373,.T.);
#7756=ADVANCED_FACE('',(#406,#82),#7374,.F.);
#7757=ADVANCED_FACE('',(#407),#7375,.F.);
#7758=ADVANCED_FACE('',(#408),#7376,.F.);
#7759=ADVANCED_FACE('',(#409),#7377,.F.);
#7760=ADVANCED_FACE('',(#410),#7378,.F.);
#7761=ADVANCED_FACE('',(#411),#7379,.F.);
#7762=ADVANCED_FACE('',(#412),#7380,.F.);
#7763=ADVANCED_FACE('',(#413),#7381,.F.);
#7764=ADVANCED_FACE('',(#414),#325,.T.);
#7765=ADVANCED_FACE('',(#415),#7382,.F.);
#7766=ADVANCED_FACE('',(#416),#326,.T.);
#7767=ADVANCED_FACE('',(#417,#83),#7383,.T.);
#7768=ADVANCED_FACE('',(#418,#84),#7384,.F.);
#7769=ADVANCED_FACE('',(#419),#327,.F.);
#7770=ADVANCED_FACE('',(#420),#328,.T.);
#7771=ADVANCED_FACE('',(#421,#85),#7385,.T.);
#7772=ADVANCED_FACE('',(#422,#86),#7386,.F.);
#7773=ADVANCED_FACE('',(#423),#329,.F.);
#7774=ADVANCED_FACE('',(#424),#330,.T.);
#7775=ADVANCED_FACE('',(#425,#87),#7387,.T.);
#7776=ADVANCED_FACE('',(#426,#88),#7388,.F.);
#7777=ADVANCED_FACE('',(#427),#331,.F.);
#7778=ADVANCED_FACE('',(#428),#332,.T.);
#7779=ADVANCED_FACE('',(#429,#89),#7389,.T.);
#7780=ADVANCED_FACE('',(#430,#90),#7390,.F.);
#7781=ADVANCED_FACE('',(#431),#333,.F.);
#7782=ADVANCED_FACE('',(#432),#7391,.T.);
#7783=ADVANCED_FACE('',(#433),#7392,.T.);
#7784=ADVANCED_FACE('',(#434),#7393,.T.);
#7785=ADVANCED_FACE('',(#435),#7394,.T.);
#7786=ADVANCED_FACE('',(#436),#7395,.T.);
#7787=ADVANCED_FACE('',(#437),#7396,.T.);
#7788=ADVANCED_FACE('',(#438,#91),#7397,.T.);
#7789=ADVANCED_FACE('',(#439,#92),#7398,.F.);
#7790=ADVANCED_FACE('',(#440),#334,.F.);
#7791=ADVANCED_FACE('',(#441),#7399,.T.);
#7792=ADVANCED_FACE('',(#442),#7400,.T.);
#7793=ADVANCED_FACE('',(#443),#7401,.T.);
#7794=ADVANCED_FACE('',(#444),#7402,.T.);
#7795=ADVANCED_FACE('',(#445),#7403,.T.);
#7796=ADVANCED_FACE('',(#446),#7404,.T.);
#7797=ADVANCED_FACE('',(#447,#93),#7405,.T.);
#7798=ADVANCED_FACE('',(#448,#94),#7406,.F.);
#7799=ADVANCED_FACE('',(#449),#335,.F.);
#7800=ADVANCED_FACE('',(#450),#7407,.T.);
#7801=ADVANCED_FACE('',(#451),#7408,.T.);
#7802=ADVANCED_FACE('',(#452),#7409,.T.);
#7803=ADVANCED_FACE('',(#453),#7410,.T.);
#7804=ADVANCED_FACE('',(#454),#7411,.T.);
#7805=ADVANCED_FACE('',(#455),#7412,.T.);
#7806=ADVANCED_FACE('',(#456,#95),#7413,.T.);
#7807=ADVANCED_FACE('',(#457,#96),#7414,.F.);
#7808=ADVANCED_FACE('',(#458),#7415,.F.);
#7809=ADVANCED_FACE('',(#459),#7416,.F.);
#7810=ADVANCED_FACE('',(#460),#7417,.F.);
#7811=ADVANCED_FACE('',(#461),#7418,.F.);
#7812=ADVANCED_FACE('',(#462),#7419,.F.);
#7813=ADVANCED_FACE('',(#463),#7420,.F.);
#7814=ADVANCED_FACE('',(#464,#97),#7421,.F.);
#7815=ADVANCED_FACE('',(#465),#7422,.F.);
#7816=ADVANCED_FACE('',(#466),#7423,.F.);
#7817=ADVANCED_FACE('',(#467),#7424,.F.);
#7818=ADVANCED_FACE('',(#468),#7425,.F.);
#7819=ADVANCED_FACE('',(#469),#7426,.F.);
#7820=ADVANCED_FACE('',(#470),#7427,.F.);
#7821=ADVANCED_FACE('',(#471,#98),#7428,.F.);
#7822=ADVANCED_FACE('',(#472),#7429,.F.);
#7823=ADVANCED_FACE('',(#473),#7430,.F.);
#7824=ADVANCED_FACE('',(#474),#7431,.F.);
#7825=ADVANCED_FACE('',(#475),#7432,.F.);
#7826=ADVANCED_FACE('',(#476),#7433,.F.);
#7827=ADVANCED_FACE('',(#477),#7434,.F.);
#7828=ADVANCED_FACE('',(#478,#99),#7435,.F.);
#7829=ADVANCED_FACE('',(#479),#336,.F.);
#7830=ADVANCED_FACE('',(#480,#100),#7436,.T.);
#7831=ADVANCED_FACE('',(#481),#337,.F.);
#7832=ADVANCED_FACE('',(#482,#101),#7437,.T.);
#7833=ADVANCED_FACE('',(#483),#338,.F.);
#7834=ADVANCED_FACE('',(#484,#102),#7438,.T.);
#7835=ADVANCED_FACE('',(#485),#339,.F.);
#7836=ADVANCED_FACE('',(#486),#340,.F.);
#7837=ADVANCED_FACE('',(#487),#341,.F.);
#7838=ADVANCED_FACE('',(#488),#342,.F.);
#7839=ADVANCED_FACE('',(#489),#343,.F.);
#7840=ADVANCED_FACE('',(#490),#344,.F.);
#7841=ADVANCED_FACE('',(#491),#345,.F.);
#7842=ADVANCED_FACE('',(#492,#103),#7439,.T.);
#7843=ADVANCED_FACE('',(#493),#346,.F.);
#7844=ADVANCED_FACE('',(#494),#7440,.F.);
#7845=ADVANCED_FACE('',(#495),#347,.F.);
#7846=ADVANCED_FACE('',(#496),#7441,.F.);
#7847=ADVANCED_FACE('',(#497),#348,.F.);
#7848=ADVANCED_FACE('',(#498,#104,#105,#106),#7442,.F.);
#7849=ADVANCED_FACE('',(#499,#107),#7443,.F.);
#7850=ADVANCED_FACE('',(#500,#108,#109,#110),#7444,.F.);
#7851=ADVANCED_FACE('',(#501),#7445,.T.);
#7852=ADVANCED_FACE('',(#502),#7446,.T.);
#7853=ADVANCED_FACE('',(#503),#7447,.T.);
#7854=ADVANCED_FACE('',(#504,#111,#112,#113),#7448,.T.);
#7855=ADVANCED_FACE('',(#505,#114,#115,#116),#7449,.T.);
#7856=ADVANCED_FACE('',(#506),#7450,.T.);
#7857=ADVANCED_FACE('',(#507),#7451,.T.);
#7858=ADVANCED_FACE('',(#508),#7452,.T.);
#7859=ADVANCED_FACE('',(#509,#117,#118,#119),#7453,.T.);
#7860=ADVANCED_FACE('',(#510),#349,.F.);
#7861=ADVANCED_FACE('',(#511),#350,.F.);
#7862=ADVANCED_FACE('',(#512),#351,.F.);
#7863=ADVANCED_FACE('',(#513),#7454,.F.);
#7864=ADVANCED_FACE('',(#514),#7455,.F.);
#7865=ADVANCED_FACE('',(#515),#7456,.F.);
#7866=ADVANCED_FACE('',(#516),#7457,.F.);
#7867=ADVANCED_FACE('',(#517),#7458,.F.);
#7868=ADVANCED_FACE('',(#518),#7459,.F.);
#7869=ADVANCED_FACE('',(#519),#7460,.F.);
#7870=ADVANCED_FACE('',(#520),#7461,.F.);
#7871=ADVANCED_FACE('',(#521),#7462,.F.);
#7872=ADVANCED_FACE('',(#522),#7463,.F.);
#7873=ADVANCED_FACE('',(#523),#7464,.F.);
#7874=ADVANCED_FACE('',(#524),#7465,.F.);
#7875=ADVANCED_FACE('',(#525),#7466,.F.);
#7876=ADVANCED_FACE('',(#526),#7467,.F.);
#7877=ADVANCED_FACE('',(#527),#7468,.F.);
#7878=ADVANCED_FACE('',(#528),#7469,.F.);
#7879=ADVANCED_FACE('',(#529),#7470,.F.);
#7880=ADVANCED_FACE('',(#530),#7471,.F.);
#7881=ADVANCED_FACE('',(#531),#7472,.F.);
#7882=ADVANCED_FACE('',(#532),#7473,.F.);
#7883=ADVANCED_FACE('',(#533),#7474,.F.);
#7884=ADVANCED_FACE('',(#534),#7475,.F.);
#7885=ADVANCED_FACE('',(#535),#7476,.F.);
#7886=ADVANCED_FACE('',(#536),#7477,.F.);
#7887=ADVANCED_FACE('',(#537),#7478,.F.);
#7888=ADVANCED_FACE('',(#538),#7479,.F.);
#7889=ADVANCED_FACE('',(#539),#7480,.F.);
#7890=ADVANCED_FACE('',(#540),#7481,.F.);
#7891=ADVANCED_FACE('',(#541),#7482,.F.);
#7892=ADVANCED_FACE('',(#542),#7483,.F.);
#7893=ADVANCED_FACE('',(#543),#7484,.F.);
#7894=ADVANCED_FACE('',(#544),#7485,.F.);
#7895=ADVANCED_FACE('',(#545),#7486,.F.);
#7896=ADVANCED_FACE('',(#546),#7487,.F.);
#7897=ADVANCED_FACE('',(#547),#7488,.F.);
#7898=ADVANCED_FACE('',(#548),#7489,.F.);
#7899=ADVANCED_FACE('',(#549),#7490,.F.);
#7900=ADVANCED_FACE('',(#550),#7491,.F.);
#7901=ADVANCED_FACE('',(#551),#7492,.F.);
#7902=ADVANCED_FACE('',(#552),#7493,.F.);
#7903=ADVANCED_FACE('',(#553),#7494,.F.);
#7904=ADVANCED_FACE('',(#554),#7495,.F.);
#7905=ADVANCED_FACE('',(#555),#7496,.F.);
#7906=ADVANCED_FACE('',(#556,#120,#121,#122,#123,#124,#125,#126,#127,#128),
#7497,.T.);
#7907=ADVANCED_FACE('',(#557),#7498,.T.);
#7908=ADVANCED_FACE('',(#558),#7499,.T.);
#7909=ADVANCED_FACE('',(#559),#7500,.T.);
#7910=ADVANCED_FACE('',(#560),#7501,.T.);
#7911=ADVANCED_FACE('',(#561),#7502,.T.);
#7912=ADVANCED_FACE('',(#562),#7503,.T.);
#7913=ADVANCED_FACE('',(#563),#7504,.T.);
#7914=ADVANCED_FACE('',(#564),#7505,.T.);
#7915=ADVANCED_FACE('',(#565),#7506,.T.);
#7916=ADVANCED_FACE('',(#566),#7507,.T.);
#7917=ADVANCED_FACE('',(#567),#7508,.T.);
#7918=ADVANCED_FACE('',(#568),#7509,.T.);
#7919=ADVANCED_FACE('',(#569),#7510,.T.);
#7920=ADVANCED_FACE('',(#570),#7511,.T.);
#7921=ADVANCED_FACE('',(#571),#7512,.T.);
#7922=ADVANCED_FACE('',(#572),#7513,.T.);
#7923=ADVANCED_FACE('',(#573),#7514,.T.);
#7924=ADVANCED_FACE('',(#574),#7515,.T.);
#7925=ADVANCED_FACE('',(#575),#7516,.T.);
#7926=ADVANCED_FACE('',(#576),#7517,.T.);
#7927=ADVANCED_FACE('',(#577),#7518,.T.);
#7928=ADVANCED_FACE('',(#578),#7519,.T.);
#7929=ADVANCED_FACE('',(#579),#7520,.T.);
#7930=ADVANCED_FACE('',(#580),#7521,.T.);
#7931=ADVANCED_FACE('',(#581),#7522,.T.);
#7932=ADVANCED_FACE('',(#582),#7523,.T.);
#7933=ADVANCED_FACE('',(#583),#7524,.T.);
#7934=ADVANCED_FACE('',(#584),#7525,.T.);
#7935=ADVANCED_FACE('',(#585),#7526,.T.);
#7936=ADVANCED_FACE('',(#586),#7527,.T.);
#7937=ADVANCED_FACE('',(#587),#7528,.T.);
#7938=ADVANCED_FACE('',(#588),#7529,.T.);
#7939=ADVANCED_FACE('',(#589),#7530,.T.);
#7940=ADVANCED_FACE('',(#590),#7531,.T.);
#7941=ADVANCED_FACE('',(#591),#7532,.T.);
#7942=ADVANCED_FACE('',(#592),#7533,.T.);
#7943=ADVANCED_FACE('',(#593),#7534,.T.);
#7944=ADVANCED_FACE('',(#594),#7535,.T.);
#7945=ADVANCED_FACE('',(#595),#7536,.T.);
#7946=ADVANCED_FACE('',(#596),#7537,.T.);
#7947=ADVANCED_FACE('',(#597),#7538,.T.);
#7948=ADVANCED_FACE('',(#598),#7539,.T.);
#7949=ADVANCED_FACE('',(#599),#7540,.T.);
#7950=ADVANCED_FACE('',(#600),#7541,.T.);
#7951=ADVANCED_FACE('',(#601),#7542,.T.);
#7952=ADVANCED_FACE('',(#602,#129,#130,#131,#132,#133,#134,#135,#136,#137),
#7543,.T.);
#7953=ADVANCED_FACE('',(#603),#7544,.F.);
#7954=ADVANCED_FACE('',(#604),#7545,.F.);
#7955=ADVANCED_FACE('',(#605),#7546,.F.);
#7956=ADVANCED_FACE('',(#606),#7547,.F.);
#7957=ADVANCED_FACE('',(#607),#7548,.F.);
#7958=ADVANCED_FACE('',(#608),#7549,.F.);
#7959=ADVANCED_FACE('',(#609),#7550,.F.);
#7960=ADVANCED_FACE('',(#610),#352,.T.);
#7961=ADVANCED_FACE('',(#611),#7551,.T.);
#7962=ADVANCED_FACE('',(#612),#353,.T.);
#7963=ADVANCED_FACE('',(#613,#138),#7552,.T.);
#7964=ADVANCED_FACE('',(#614,#139),#7553,.F.);
#7965=ADVANCED_FACE('',(#615),#7554,.F.);
#7966=ADVANCED_FACE('',(#616),#7555,.F.);
#7967=ADVANCED_FACE('',(#617),#7556,.F.);
#7968=ADVANCED_FACE('',(#618),#7557,.F.);
#7969=ADVANCED_FACE('',(#619),#7558,.F.);
#7970=ADVANCED_FACE('',(#620),#7559,.F.);
#7971=ADVANCED_FACE('',(#621),#7560,.F.);
#7972=ADVANCED_FACE('',(#622),#354,.T.);
#7973=ADVANCED_FACE('',(#623),#7561,.T.);
#7974=ADVANCED_FACE('',(#624),#355,.T.);
#7975=ADVANCED_FACE('',(#625,#140),#7562,.T.);
#7976=ADVANCED_FACE('',(#626,#141),#7563,.F.);
#7977=ADVANCED_FACE('',(#627),#7564,.F.);
#7978=ADVANCED_FACE('',(#628),#7565,.F.);
#7979=ADVANCED_FACE('',(#629),#7566,.F.);
#7980=ADVANCED_FACE('',(#630),#7567,.F.);
#7981=ADVANCED_FACE('',(#631),#7568,.F.);
#7982=ADVANCED_FACE('',(#632),#7569,.F.);
#7983=ADVANCED_FACE('',(#633),#7570,.F.);
#7984=ADVANCED_FACE('',(#634),#356,.T.);
#7985=ADVANCED_FACE('',(#635),#7571,.T.);
#7986=ADVANCED_FACE('',(#636),#357,.T.);
#7987=ADVANCED_FACE('',(#637,#142),#7572,.T.);
#7988=ADVANCED_FACE('',(#638,#143),#7573,.F.);
#7989=ADVANCED_FACE('',(#639),#358,.F.);
#7990=ADVANCED_FACE('',(#640),#359,.T.);
#7991=ADVANCED_FACE('',(#641,#144),#7574,.T.);
#7992=ADVANCED_FACE('',(#642,#145),#7575,.F.);
#7993=ADVANCED_FACE('',(#643),#360,.F.);
#7994=ADVANCED_FACE('',(#644),#361,.T.);
#7995=ADVANCED_FACE('',(#645,#146),#7576,.T.);
#7996=ADVANCED_FACE('',(#646,#147),#7577,.F.);
#7997=ADVANCED_FACE('',(#647),#362,.F.);
#7998=ADVANCED_FACE('',(#648),#363,.T.);
#7999=ADVANCED_FACE('',(#649,#148),#7578,.T.);
#8000=ADVANCED_FACE('',(#650,#149),#7579,.F.);
#8001=ADVANCED_FACE('',(#651),#364,.F.);
#8002=ADVANCED_FACE('',(#652),#7580,.T.);
#8003=ADVANCED_FACE('',(#653),#7581,.T.);
#8004=ADVANCED_FACE('',(#654),#7582,.T.);
#8005=ADVANCED_FACE('',(#655),#7583,.T.);
#8006=ADVANCED_FACE('',(#656),#7584,.T.);
#8007=ADVANCED_FACE('',(#657),#7585,.T.);
#8008=ADVANCED_FACE('',(#658,#150),#7586,.T.);
#8009=ADVANCED_FACE('',(#659,#151),#7587,.F.);
#8010=ADVANCED_FACE('',(#660),#365,.F.);
#8011=ADVANCED_FACE('',(#661),#7588,.T.);
#8012=ADVANCED_FACE('',(#662),#7589,.T.);
#8013=ADVANCED_FACE('',(#663),#7590,.T.);
#8014=ADVANCED_FACE('',(#664),#7591,.T.);
#8015=ADVANCED_FACE('',(#665),#7592,.T.);
#8016=ADVANCED_FACE('',(#666),#7593,.T.);
#8017=ADVANCED_FACE('',(#667,#152),#7594,.T.);
#8018=ADVANCED_FACE('',(#668,#153),#7595,.F.);
#8019=ADVANCED_FACE('',(#669),#366,.F.);
#8020=ADVANCED_FACE('',(#670),#7596,.T.);
#8021=ADVANCED_FACE('',(#671),#7597,.T.);
#8022=ADVANCED_FACE('',(#672),#7598,.T.);
#8023=ADVANCED_FACE('',(#673),#7599,.T.);
#8024=ADVANCED_FACE('',(#674),#7600,.T.);
#8025=ADVANCED_FACE('',(#675),#7601,.T.);
#8026=ADVANCED_FACE('',(#676,#154),#7602,.T.);
#8027=ADVANCED_FACE('',(#677,#155),#7603,.F.);
#8028=ADVANCED_FACE('',(#678),#7604,.F.);
#8029=ADVANCED_FACE('',(#679),#7605,.F.);
#8030=ADVANCED_FACE('',(#680),#7606,.F.);
#8031=ADVANCED_FACE('',(#681),#7607,.F.);
#8032=ADVANCED_FACE('',(#682),#7608,.F.);
#8033=ADVANCED_FACE('',(#683),#7609,.F.);
#8034=ADVANCED_FACE('',(#684,#156),#7610,.F.);
#8035=ADVANCED_FACE('',(#685),#7611,.F.);
#8036=ADVANCED_FACE('',(#686),#7612,.F.);
#8037=ADVANCED_FACE('',(#687),#7613,.F.);
#8038=ADVANCED_FACE('',(#688),#7614,.F.);
#8039=ADVANCED_FACE('',(#689),#7615,.F.);
#8040=ADVANCED_FACE('',(#690),#7616,.F.);
#8041=ADVANCED_FACE('',(#691,#157),#7617,.F.);
#8042=ADVANCED_FACE('',(#692),#7618,.F.);
#8043=ADVANCED_FACE('',(#693),#7619,.F.);
#8044=ADVANCED_FACE('',(#694),#7620,.F.);
#8045=ADVANCED_FACE('',(#695),#7621,.F.);
#8046=ADVANCED_FACE('',(#696),#7622,.F.);
#8047=ADVANCED_FACE('',(#697),#7623,.F.);
#8048=ADVANCED_FACE('',(#698,#158),#7624,.F.);
#8049=ADVANCED_FACE('',(#699),#367,.F.);
#8050=ADVANCED_FACE('',(#700,#159),#7625,.F.);
#8051=ADVANCED_FACE('',(#701),#368,.F.);
#8052=ADVANCED_FACE('',(#702,#160),#7626,.F.);
#8053=ADVANCED_FACE('',(#703),#369,.F.);
#8054=ADVANCED_FACE('',(#704,#161),#7627,.F.);
#8055=ADVANCED_FACE('',(#705),#370,.F.);
#8056=ADVANCED_FACE('',(#706),#371,.F.);
#8057=ADVANCED_FACE('',(#707),#372,.F.);
#8058=ADVANCED_FACE('',(#708),#373,.F.);
#8059=ADVANCED_FACE('',(#709),#374,.F.);
#8060=ADVANCED_FACE('',(#710),#375,.F.);
#8061=ADVANCED_FACE('',(#711),#376,.F.);
#8062=ADVANCED_FACE('',(#712,#162),#7628,.T.);
#8063=ADVANCED_FACE('',(#713),#377,.F.);
#8064=ADVANCED_FACE('',(#714),#7629,.F.);
#8065=ADVANCED_FACE('',(#715),#378,.F.);
#8066=ADVANCED_FACE('',(#716),#7630,.F.);
#8067=ADVANCED_FACE('',(#717),#379,.F.);
#8068=ADVANCED_FACE('',(#718,#163,#164,#165),#7631,.F.);
#8069=ADVANCED_FACE('',(#719,#166),#7632,.F.);
#8070=ADVANCED_FACE('',(#720,#167,#168,#169),#7633,.F.);
#8071=ADVANCED_FACE('',(#721),#7634,.T.);
#8072=ADVANCED_FACE('',(#722),#7635,.T.);
#8073=ADVANCED_FACE('',(#723),#7636,.T.);
#8074=ADVANCED_FACE('',(#724,#170,#171,#172),#7637,.T.);
#8075=ADVANCED_FACE('',(#725,#173,#174,#175),#7638,.T.);
#8076=ADVANCED_FACE('',(#726),#7639,.T.);
#8077=ADVANCED_FACE('',(#727),#7640,.T.);
#8078=ADVANCED_FACE('',(#728),#7641,.T.);
#8079=ADVANCED_FACE('',(#729,#176,#177,#178),#7642,.T.);
#8080=ADVANCED_FACE('',(#730),#380,.F.);
#8081=ADVANCED_FACE('',(#731),#381,.F.);
#8082=ADVANCED_FACE('',(#732),#382,.F.);
#8083=ADVANCED_FACE('',(#733),#7643,.F.);
#8084=ADVANCED_FACE('',(#734),#7644,.F.);
#8085=ADVANCED_FACE('',(#735),#7645,.F.);
#8086=ADVANCED_FACE('',(#736),#7646,.F.);
#8087=ADVANCED_FACE('',(#737),#7647,.F.);
#8088=ADVANCED_FACE('',(#738),#7648,.F.);
#8089=ADVANCED_FACE('',(#739),#7649,.F.);
#8090=ADVANCED_FACE('',(#740),#7650,.F.);
#8091=ADVANCED_FACE('',(#741),#7651,.F.);
#8092=ADVANCED_FACE('',(#742),#7652,.F.);
#8093=ADVANCED_FACE('',(#743),#7653,.F.);
#8094=ADVANCED_FACE('',(#744),#7654,.F.);
#8095=ADVANCED_FACE('',(#745),#7655,.F.);
#8096=ADVANCED_FACE('',(#746),#7656,.F.);
#8097=ADVANCED_FACE('',(#747),#7657,.F.);
#8098=ADVANCED_FACE('',(#748),#7658,.F.);
#8099=ADVANCED_FACE('',(#749),#7659,.F.);
#8100=ADVANCED_FACE('',(#750),#7660,.F.);
#8101=ADVANCED_FACE('',(#751),#7661,.F.);
#8102=ADVANCED_FACE('',(#752),#7662,.F.);
#8103=ADVANCED_FACE('',(#753),#7663,.F.);
#8104=ADVANCED_FACE('',(#754),#7664,.F.);
#8105=ADVANCED_FACE('',(#755),#7665,.F.);
#8106=ADVANCED_FACE('',(#756),#7666,.F.);
#8107=ADVANCED_FACE('',(#757),#7667,.F.);
#8108=ADVANCED_FACE('',(#758),#7668,.F.);
#8109=ADVANCED_FACE('',(#759),#7669,.F.);
#8110=ADVANCED_FACE('',(#760),#7670,.F.);
#8111=ADVANCED_FACE('',(#761),#7671,.F.);
#8112=ADVANCED_FACE('',(#762),#7672,.F.);
#8113=ADVANCED_FACE('',(#763),#7673,.F.);
#8114=ADVANCED_FACE('',(#764),#7674,.F.);
#8115=ADVANCED_FACE('',(#765),#7675,.F.);
#8116=ADVANCED_FACE('',(#766),#7676,.F.);
#8117=ADVANCED_FACE('',(#767),#7677,.F.);
#8118=ADVANCED_FACE('',(#768),#7678,.F.);
#8119=ADVANCED_FACE('',(#769),#7679,.F.);
#8120=ADVANCED_FACE('',(#770),#7680,.F.);
#8121=ADVANCED_FACE('',(#771),#7681,.F.);
#8122=ADVANCED_FACE('',(#772),#7682,.F.);
#8123=ADVANCED_FACE('',(#773),#7683,.F.);
#8124=ADVANCED_FACE('',(#774),#7684,.F.);
#8125=ADVANCED_FACE('',(#775),#7685,.F.);
#8126=ADVANCED_FACE('',(#776,#179,#180,#181,#182,#183,#184,#185,#186,#187),
#7686,.T.);
#8127=ADVANCED_FACE('',(#777),#7687,.T.);
#8128=ADVANCED_FACE('',(#778),#7688,.T.);
#8129=ADVANCED_FACE('',(#779),#7689,.T.);
#8130=ADVANCED_FACE('',(#780),#7690,.T.);
#8131=ADVANCED_FACE('',(#781),#7691,.T.);
#8132=ADVANCED_FACE('',(#782),#7692,.T.);
#8133=ADVANCED_FACE('',(#783),#7693,.T.);
#8134=ADVANCED_FACE('',(#784),#7694,.T.);
#8135=ADVANCED_FACE('',(#785),#7695,.T.);
#8136=ADVANCED_FACE('',(#786),#7696,.T.);
#8137=ADVANCED_FACE('',(#787),#7697,.T.);
#8138=ADVANCED_FACE('',(#788),#7698,.T.);
#8139=ADVANCED_FACE('',(#789),#7699,.T.);
#8140=ADVANCED_FACE('',(#790),#7700,.T.);
#8141=ADVANCED_FACE('',(#791),#7701,.T.);
#8142=ADVANCED_FACE('',(#792),#7702,.T.);
#8143=ADVANCED_FACE('',(#793),#7703,.T.);
#8144=ADVANCED_FACE('',(#794),#7704,.T.);
#8145=ADVANCED_FACE('',(#795),#7705,.T.);
#8146=ADVANCED_FACE('',(#796),#7706,.T.);
#8147=ADVANCED_FACE('',(#797),#7707,.T.);
#8148=ADVANCED_FACE('',(#798),#7708,.T.);
#8149=ADVANCED_FACE('',(#799),#7709,.T.);
#8150=ADVANCED_FACE('',(#800),#7710,.T.);
#8151=ADVANCED_FACE('',(#801),#7711,.T.);
#8152=ADVANCED_FACE('',(#802),#7712,.T.);
#8153=ADVANCED_FACE('',(#803),#7713,.T.);
#8154=ADVANCED_FACE('',(#804),#7714,.T.);
#8155=ADVANCED_FACE('',(#805),#7715,.T.);
#8156=ADVANCED_FACE('',(#806),#7716,.T.);
#8157=ADVANCED_FACE('',(#807),#7717,.T.);
#8158=ADVANCED_FACE('',(#808),#7718,.T.);
#8159=ADVANCED_FACE('',(#809),#7719,.T.);
#8160=ADVANCED_FACE('',(#810),#7720,.T.);
#8161=ADVANCED_FACE('',(#811),#7721,.T.);
#8162=ADVANCED_FACE('',(#812),#7722,.T.);
#8163=ADVANCED_FACE('',(#813),#7723,.T.);
#8164=ADVANCED_FACE('',(#814),#7724,.T.);
#8165=ADVANCED_FACE('',(#815),#7725,.T.);
#8166=ADVANCED_FACE('',(#816),#7726,.T.);
#8167=ADVANCED_FACE('',(#817),#7727,.T.);
#8168=ADVANCED_FACE('',(#818),#7728,.T.);
#8169=ADVANCED_FACE('',(#819),#7729,.T.);
#8170=ADVANCED_FACE('',(#820),#7730,.T.);
#8171=ADVANCED_FACE('',(#821),#7731,.T.);
#8172=ADVANCED_FACE('',(#822,#188,#189,#190,#191,#192,#193,#194,#195,#196),
#7732,.T.);
#8173=CLOSED_SHELL('',(#7733,#7734,#7735,#7736,#7737,#7738,#7739,#7740,
#7741,#7742,#7743,#7744));
#8174=CLOSED_SHELL('',(#7745,#7746,#7747,#7748,#7749,#7750,#7751,#7752,
#7753,#7754,#7755,#7756));
#8175=CLOSED_SHELL('',(#7757,#7758,#7759,#7760,#7761,#7762,#7763,#7764,
#7765,#7766,#7767,#7768));
#8176=CLOSED_SHELL('',(#7769,#7770,#7771,#7772));
#8177=CLOSED_SHELL('',(#7773,#7774,#7775,#7776));
#8178=CLOSED_SHELL('',(#7777,#7778,#7779,#7780));
#8179=CLOSED_SHELL('',(#7781,#7782,#7783,#7784,#7785,#7786,#7787,#7788,
#7789));
#8180=CLOSED_SHELL('',(#7790,#7791,#7792,#7793,#7794,#7795,#7796,#7797,
#7798));
#8181=CLOSED_SHELL('',(#7799,#7800,#7801,#7802,#7803,#7804,#7805,#7806,
#7807));
#8182=CLOSED_SHELL('',(#7808,#7809,#7810,#7811,#7812,#7813,#7814,#7815,
#7816,#7817,#7818,#7819,#7820,#7821,#7822,#7823,#7824,#7825,#7826,#7827,
#7828,#7829,#7830,#7831,#7832,#7833,#7834,#7835,#7836,#7837,#7838,#7839,
#7840,#7841,#7842,#7843,#7844,#7845,#7846,#7847,#7848,#7849,#7850,#7851,
#7852,#7853,#7854,#7855,#7856,#7857,#7858,#7859));
#8183=CLOSED_SHELL('',(#7860,#7861,#7862,#7863,#7864,#7865,#7866,#7867,
#7868,#7869,#7870,#7871,#7872,#7873,#7874,#7875,#7876,#7877,#7878,#7879,
#7880,#7881,#7882,#7883,#7884,#7885,#7886,#7887,#7888,#7889,#7890,#7891,
#7892,#7893,#7894,#7895,#7896,#7897,#7898,#7899,#7900,#7901,#7902,#7903,
#7904,#7905,#7906,#7907,#7908,#7909,#7910,#7911,#7912,#7913,#7914,#7915,
#7916,#7917,#7918,#7919,#7920,#7921,#7922,#7923,#7924,#7925,#7926,#7927,
#7928,#7929,#7930,#7931,#7932,#7933,#7934,#7935,#7936,#7937,#7938,#7939,
#7940,#7941,#7942,#7943,#7944,#7945,#7946,#7947,#7948,#7949,#7950,#7951,
#7952));
#8184=CLOSED_SHELL('',(#7953,#7954,#7955,#7956,#7957,#7958,#7959,#7960,
#7961,#7962,#7963,#7964));
#8185=CLOSED_SHELL('',(#7965,#7966,#7967,#7968,#7969,#7970,#7971,#7972,
#7973,#7974,#7975,#7976));
#8186=CLOSED_SHELL('',(#7977,#7978,#7979,#7980,#7981,#7982,#7983,#7984,
#7985,#7986,#7987,#7988));
#8187=CLOSED_SHELL('',(#7989,#7990,#7991,#7992));
#8188=CLOSED_SHELL('',(#7993,#7994,#7995,#7996));
#8189=CLOSED_SHELL('',(#7997,#7998,#7999,#8000));
#8190=CLOSED_SHELL('',(#8001,#8002,#8003,#8004,#8005,#8006,#8007,#8008,
#8009));
#8191=CLOSED_SHELL('',(#8010,#8011,#8012,#8013,#8014,#8015,#8016,#8017,
#8018));
#8192=CLOSED_SHELL('',(#8019,#8020,#8021,#8022,#8023,#8024,#8025,#8026,
#8027));
#8193=CLOSED_SHELL('',(#8028,#8029,#8030,#8031,#8032,#8033,#8034,#8035,
#8036,#8037,#8038,#8039,#8040,#8041,#8042,#8043,#8044,#8045,#8046,#8047,
#8048,#8049,#8050,#8051,#8052,#8053,#8054,#8055,#8056,#8057,#8058,#8059,
#8060,#8061,#8062,#8063,#8064,#8065,#8066,#8067,#8068,#8069,#8070,#8071,
#8072,#8073,#8074,#8075,#8076,#8077,#8078,#8079));
#8194=CLOSED_SHELL('',(#8080,#8081,#8082,#8083,#8084,#8085,#8086,#8087,
#8088,#8089,#8090,#8091,#8092,#8093,#8094,#8095,#8096,#8097,#8098,#8099,
#8100,#8101,#8102,#8103,#8104,#8105,#8106,#8107,#8108,#8109,#8110,#8111,
#8112,#8113,#8114,#8115,#8116,#8117,#8118,#8119,#8120,#8121,#8122,#8123,
#8124,#8125,#8126,#8127,#8128,#8129,#8130,#8131,#8132,#8133,#8134,#8135,
#8136,#8137,#8138,#8139,#8140,#8141,#8142,#8143,#8144,#8145,#8146,#8147,
#8148,#8149,#8150,#8151,#8152,#8153,#8154,#8155,#8156,#8157,#8158,#8159,
#8160,#8161,#8162,#8163,#8164,#8165,#8166,#8167,#8168,#8169,#8170,#8171,
#8172));
#8195=DERIVED_UNIT_ELEMENT(#8199,1.);
#8196=DERIVED_UNIT_ELEMENT(#13203,-3.);
#8197=DERIVED_UNIT_ELEMENT(#8199,1.);
#8198=DERIVED_UNIT_ELEMENT(#13203,-3.);
#8199=(
MASS_UNIT()
NAMED_UNIT(*)
SI_UNIT(.KILO.,.GRAM.)
);
#8200=DERIVED_UNIT((#8195,#8196));
#8201=DERIVED_UNIT((#8197,#8198));
#8202=MEASURE_REPRESENTATION_ITEM('density measure',
POSITIVE_RATIO_MEASURE(7850.),#8200);
#8203=MEASURE_REPRESENTATION_ITEM('density measure',
POSITIVE_RATIO_MEASURE(7850.),#8201);
#8204=PROPERTY_DEFINITION_REPRESENTATION(#8214,#8208);
#8205=PROPERTY_DEFINITION_REPRESENTATION(#8215,#8209);
#8206=PROPERTY_DEFINITION_REPRESENTATION(#8216,#8210);
#8207=PROPERTY_DEFINITION_REPRESENTATION(#8217,#8211);
#8208=REPRESENTATION('material name',(#8212),#13198);
#8209=REPRESENTATION('density',(#8202),#13198);
#8210=REPRESENTATION('material name',(#8213),#13200);
#8211=REPRESENTATION('density',(#8203),#13200);
#8212=DESCRIPTIVE_REPRESENTATION_ITEM('Steel','Steel');
#8213=DESCRIPTIVE_REPRESENTATION_ITEM('Steel','Steel');
#8214=PROPERTY_DEFINITION('material property','material name',#13228);
#8215=PROPERTY_DEFINITION('material property','density of part',#13228);
#8216=PROPERTY_DEFINITION('material property','material name',#13230);
#8217=PROPERTY_DEFINITION('material property','density of part',#13230);
#8218=AXIS2_PLACEMENT_3D('',#10911,#8791,#8792);
#8219=AXIS2_PLACEMENT_3D('',#10912,#8793,#8794);
#8220=AXIS2_PLACEMENT_3D('',#10913,#8795,#8796);
#8221=AXIS2_PLACEMENT_3D('',#10914,#8797,#8798);
#8222=AXIS2_PLACEMENT_3D('',#10923,#8803,#8804);
#8223=AXIS2_PLACEMENT_3D('',#10929,#8808,#8809);
#8224=AXIS2_PLACEMENT_3D('',#10935,#8813,#8814);
#8225=AXIS2_PLACEMENT_3D('',#10941,#8818,#8819);
#8226=AXIS2_PLACEMENT_3D('',#10947,#8823,#8824);
#8227=AXIS2_PLACEMENT_3D('',#10950,#8827,#8828);
#8228=AXIS2_PLACEMENT_3D('',#10951,#8829,#8830);
#8229=AXIS2_PLACEMENT_3D('',#10953,#8831,#8832);
#8230=AXIS2_PLACEMENT_3D('',#10956,#8834,#8835);
#8231=AXIS2_PLACEMENT_3D('',#10957,#8836,#8837);
#8232=AXIS2_PLACEMENT_3D('',#10958,#8838,#8839);
#8233=AXIS2_PLACEMENT_3D('',#10960,#8840,#8841);
#8234=AXIS2_PLACEMENT_3D('',#10963,#8843,#8844);
#8235=AXIS2_PLACEMENT_3D('',#10964,#8845,#8846);
#8236=AXIS2_PLACEMENT_3D('',#10965,#8847,#8848);
#8237=AXIS2_PLACEMENT_3D('',#10966,#8849,#8850);
#8238=AXIS2_PLACEMENT_3D('',#10975,#8855,#8856);
#8239=AXIS2_PLACEMENT_3D('',#10981,#8860,#8861);
#8240=AXIS2_PLACEMENT_3D('',#10987,#8865,#8866);
#8241=AXIS2_PLACEMENT_3D('',#10993,#8870,#8871);
#8242=AXIS2_PLACEMENT_3D('',#10999,#8875,#8876);
#8243=AXIS2_PLACEMENT_3D('',#11002,#8879,#8880);
#8244=AXIS2_PLACEMENT_3D('',#11003,#8881,#8882);
#8245=AXIS2_PLACEMENT_3D('',#11005,#8883,#8884);
#8246=AXIS2_PLACEMENT_3D('',#11008,#8886,#8887);
#8247=AXIS2_PLACEMENT_3D('',#11009,#8888,#8889);
#8248=AXIS2_PLACEMENT_3D('',#11010,#8890,#8891);
#8249=AXIS2_PLACEMENT_3D('',#11012,#8892,#8893);
#8250=AXIS2_PLACEMENT_3D('',#11015,#8895,#8896);
#8251=AXIS2_PLACEMENT_3D('',#11016,#8897,#8898);
#8252=AXIS2_PLACEMENT_3D('',#11017,#8899,#8900);
#8253=AXIS2_PLACEMENT_3D('',#11018,#8901,#8902);
#8254=AXIS2_PLACEMENT_3D('',#11027,#8907,#8908);
#8255=AXIS2_PLACEMENT_3D('',#11033,#8912,#8913);
#8256=AXIS2_PLACEMENT_3D('',#11039,#8917,#8918);
#8257=AXIS2_PLACEMENT_3D('',#11045,#8922,#8923);
#8258=AXIS2_PLACEMENT_3D('',#11051,#8927,#8928);
#8259=AXIS2_PLACEMENT_3D('',#11054,#8931,#8932);
#8260=AXIS2_PLACEMENT_3D('',#11055,#8933,#8934);
#8261=AXIS2_PLACEMENT_3D('',#11057,#8935,#8936);
#8262=AXIS2_PLACEMENT_3D('',#11060,#8938,#8939);
#8263=AXIS2_PLACEMENT_3D('',#11061,#8940,#8941);
#8264=AXIS2_PLACEMENT_3D('',#11062,#8942,#8943);
#8265=AXIS2_PLACEMENT_3D('',#11064,#8944,#8945);
#8266=AXIS2_PLACEMENT_3D('',#11067,#8947,#8948);
#8267=AXIS2_PLACEMENT_3D('',#11068,#8949,#8950);
#8268=AXIS2_PLACEMENT_3D('',#11069,#8951,#8952);
#8269=AXIS2_PLACEMENT_3D('',#11070,#8953,#8954);
#8270=AXIS2_PLACEMENT_3D('',#11072,#8955,#8956);
#8271=AXIS2_PLACEMENT_3D('',#11075,#8958,#8959);
#8272=AXIS2_PLACEMENT_3D('',#11076,#8960,#8961);
#8273=AXIS2_PLACEMENT_3D('',#11078,#8962,#8963);
#8274=AXIS2_PLACEMENT_3D('',#11081,#8965,#8966);
#8275=AXIS2_PLACEMENT_3D('',#11082,#8967,#8968);
#8276=AXIS2_PLACEMENT_3D('',#11083,#8969,#8970);
#8277=AXIS2_PLACEMENT_3D('',#11084,#8971,#8972);
#8278=AXIS2_PLACEMENT_3D('',#11086,#8973,#8974);
#8279=AXIS2_PLACEMENT_3D('',#11089,#8976,#8977);
#8280=AXIS2_PLACEMENT_3D('',#11090,#8978,#8979);
#8281=AXIS2_PLACEMENT_3D('',#11092,#8980,#8981);
#8282=AXIS2_PLACEMENT_3D('',#11095,#8983,#8984);
#8283=AXIS2_PLACEMENT_3D('',#11096,#8985,#8986);
#8284=AXIS2_PLACEMENT_3D('',#11097,#8987,#8988);
#8285=AXIS2_PLACEMENT_3D('',#11098,#8989,#8990);
#8286=AXIS2_PLACEMENT_3D('',#11100,#8991,#8992);
#8287=AXIS2_PLACEMENT_3D('',#11103,#8994,#8995);
#8288=AXIS2_PLACEMENT_3D('',#11104,#8996,#8997);
#8289=AXIS2_PLACEMENT_3D('',#11106,#8998,#8999);
#8290=AXIS2_PLACEMENT_3D('',#11109,#9001,#9002);
#8291=AXIS2_PLACEMENT_3D('',#11110,#9003,#9004);
#8292=AXIS2_PLACEMENT_3D('',#11111,#9005,#9006);
#8293=AXIS2_PLACEMENT_3D('',#11112,#9007,#9008);
#8294=AXIS2_PLACEMENT_3D('',#11114,#9009,#9010);
#8295=AXIS2_PLACEMENT_3D('',#11117,#9012,#9013);
#8296=AXIS2_PLACEMENT_3D('',#11118,#9014,#9015);
#8297=AXIS2_PLACEMENT_3D('',#11127,#9020,#9021);
#8298=AXIS2_PLACEMENT_3D('',#11133,#9025,#9026);
#8299=AXIS2_PLACEMENT_3D('',#11139,#9030,#9031);
#8300=AXIS2_PLACEMENT_3D('',#11145,#9035,#9036);
#8301=AXIS2_PLACEMENT_3D('',#11151,#9040,#9041);
#8302=AXIS2_PLACEMENT_3D('',#11154,#9044,#9045);
#8303=AXIS2_PLACEMENT_3D('',#11155,#9046,#9047);
#8304=AXIS2_PLACEMENT_3D('',#11156,#9048,#9049);
#8305=AXIS2_PLACEMENT_3D('',#11158,#9050,#9051);
#8306=AXIS2_PLACEMENT_3D('',#11161,#9053,#9054);
#8307=AXIS2_PLACEMENT_3D('',#11162,#9055,#9056);
#8308=AXIS2_PLACEMENT_3D('',#11171,#9061,#9062);
#8309=AXIS2_PLACEMENT_3D('',#11177,#9066,#9067);
#8310=AXIS2_PLACEMENT_3D('',#11183,#9071,#9072);
#8311=AXIS2_PLACEMENT_3D('',#11189,#9076,#9077);
#8312=AXIS2_PLACEMENT_3D('',#11195,#9081,#9082);
#8313=AXIS2_PLACEMENT_3D('',#11198,#9085,#9086);
#8314=AXIS2_PLACEMENT_3D('',#11199,#9087,#9088);
#8315=AXIS2_PLACEMENT_3D('',#11200,#9089,#9090);
#8316=AXIS2_PLACEMENT_3D('',#11202,#9091,#9092);
#8317=AXIS2_PLACEMENT_3D('',#11205,#9094,#9095);
#8318=AXIS2_PLACEMENT_3D('',#11206,#9096,#9097);
#8319=AXIS2_PLACEMENT_3D('',#11215,#9102,#9103);
#8320=AXIS2_PLACEMENT_3D('',#11221,#9107,#9108);
#8321=AXIS2_PLACEMENT_3D('',#11227,#9112,#9113);
#8322=AXIS2_PLACEMENT_3D('',#11233,#9117,#9118);
#8323=AXIS2_PLACEMENT_3D('',#11239,#9122,#9123);
#8324=AXIS2_PLACEMENT_3D('',#11242,#9126,#9127);
#8325=AXIS2_PLACEMENT_3D('',#11243,#9128,#9129);
#8326=AXIS2_PLACEMENT_3D('',#11244,#9130,#9131);
#8327=AXIS2_PLACEMENT_3D('',#11253,#9136,#9137);
#8328=AXIS2_PLACEMENT_3D('',#11259,#9141,#9142);
#8329=AXIS2_PLACEMENT_3D('',#11265,#9146,#9147);
#8330=AXIS2_PLACEMENT_3D('',#11271,#9151,#9152);
#8331=AXIS2_PLACEMENT_3D('',#11277,#9156,#9157);
#8332=AXIS2_PLACEMENT_3D('',#11280,#9160,#9161);
#8333=AXIS2_PLACEMENT_3D('',#11282,#9162,#9163);
#8334=AXIS2_PLACEMENT_3D('',#11283,#9164,#9165);
#8335=AXIS2_PLACEMENT_3D('',#11292,#9170,#9171);
#8336=AXIS2_PLACEMENT_3D('',#11298,#9175,#9176);
#8337=AXIS2_PLACEMENT_3D('',#11304,#9180,#9181);
#8338=AXIS2_PLACEMENT_3D('',#11310,#9185,#9186);
#8339=AXIS2_PLACEMENT_3D('',#11316,#9190,#9191);
#8340=AXIS2_PLACEMENT_3D('',#11319,#9194,#9195);
#8341=AXIS2_PLACEMENT_3D('',#11321,#9196,#9197);
#8342=AXIS2_PLACEMENT_3D('',#11322,#9198,#9199);
#8343=AXIS2_PLACEMENT_3D('',#11331,#9204,#9205);
#8344=AXIS2_PLACEMENT_3D('',#11337,#9209,#9210);
#8345=AXIS2_PLACEMENT_3D('',#11343,#9214,#9215);
#8346=AXIS2_PLACEMENT_3D('',#11349,#9219,#9220);
#8347=AXIS2_PLACEMENT_3D('',#11355,#9224,#9225);
#8348=AXIS2_PLACEMENT_3D('',#11358,#9228,#9229);
#8349=AXIS2_PLACEMENT_3D('',#11360,#9230,#9231);
#8350=AXIS2_PLACEMENT_3D('',#11361,#9232,#9233);
#8351=AXIS2_PLACEMENT_3D('',#11363,#9234,#9235);
#8352=AXIS2_PLACEMENT_3D('',#11366,#9237,#9238);
#8353=AXIS2_PLACEMENT_3D('',#11367,#9239,#9240);
#8354=AXIS2_PLACEMENT_3D('',#11369,#9241,#9242);
#8355=AXIS2_PLACEMENT_3D('',#11370,#9243,#9244);
#8356=AXIS2_PLACEMENT_3D('',#11372,#9245,#9246);
#8357=AXIS2_PLACEMENT_3D('',#11375,#9248,#9249);
#8358=AXIS2_PLACEMENT_3D('',#11376,#9250,#9251);
#8359=AXIS2_PLACEMENT_3D('',#11378,#9252,#9253);
#8360=AXIS2_PLACEMENT_3D('',#11379,#9254,#9255);
#8361=AXIS2_PLACEMENT_3D('',#11381,#9256,#9257);
#8362=AXIS2_PLACEMENT_3D('',#11384,#9259,#9260);
#8363=AXIS2_PLACEMENT_3D('',#11385,#9261,#9262);
#8364=AXIS2_PLACEMENT_3D('',#11387,#9263,#9264);
#8365=AXIS2_PLACEMENT_3D('',#11388,#9265,#9266);
#8366=AXIS2_PLACEMENT_3D('',#11391,#9268,#9269);
#8367=AXIS2_PLACEMENT_3D('',#11392,#9270,#9271);
#8368=AXIS2_PLACEMENT_3D('',#11394,#9272,#9273);
#8369=AXIS2_PLACEMENT_3D('',#11396,#9275,#9276);
#8370=AXIS2_PLACEMENT_3D('',#11399,#9278,#9279);
#8371=AXIS2_PLACEMENT_3D('',#11400,#9280,#9281);
#8372=AXIS2_PLACEMENT_3D('',#11402,#9282,#9283);
#8373=AXIS2_PLACEMENT_3D('',#11404,#9285,#9286);
#8374=AXIS2_PLACEMENT_3D('',#11407,#9288,#9289);
#8375=AXIS2_PLACEMENT_3D('',#11408,#9290,#9291);
#8376=AXIS2_PLACEMENT_3D('',#11410,#9292,#9293);
#8377=AXIS2_PLACEMENT_3D('',#11412,#9295,#9296);
#8378=AXIS2_PLACEMENT_3D('',#11414,#9297,#9298);
#8379=AXIS2_PLACEMENT_3D('',#11417,#9300,#9301);
#8380=AXIS2_PLACEMENT_3D('',#11418,#9302,#9303);
#8381=AXIS2_PLACEMENT_3D('',#11420,#9304,#9305);
#8382=AXIS2_PLACEMENT_3D('',#11421,#9306,#9307);
#8383=AXIS2_PLACEMENT_3D('',#11423,#9308,#9309);
#8384=AXIS2_PLACEMENT_3D('',#11426,#9311,#9312);
#8385=AXIS2_PLACEMENT_3D('',#11427,#9313,#9314);
#8386=AXIS2_PLACEMENT_3D('',#11428,#9315,#9316);
#8387=AXIS2_PLACEMENT_3D('',#11430,#9317,#9318);
#8388=AXIS2_PLACEMENT_3D('',#11433,#9320,#9321);
#8389=AXIS2_PLACEMENT_3D('',#11434,#9322,#9323);
#8390=AXIS2_PLACEMENT_3D('',#11435,#9324,#9325);
#8391=AXIS2_PLACEMENT_3D('',#11437,#9326,#9327);
#8392=AXIS2_PLACEMENT_3D('',#11439,#9329,#9330);
#8393=AXIS2_PLACEMENT_3D('',#11450,#9336,#9337);
#8394=AXIS2_PLACEMENT_3D('',#11456,#9341,#9342);
#8395=AXIS2_PLACEMENT_3D('',#11464,#9347,#9348);
#8396=AXIS2_PLACEMENT_3D('',#11474,#9354,#9355);
#8397=AXIS2_PLACEMENT_3D('',#11478,#9358,#9359);
#8398=AXIS2_PLACEMENT_3D('',#11482,#9362,#9363);
#8399=AXIS2_PLACEMENT_3D('',#11490,#9368,#9369);
#8400=AXIS2_PLACEMENT_3D('',#11494,#9372,#9373);
#8401=AXIS2_PLACEMENT_3D('',#11497,#9376,#9377);
#8402=AXIS2_PLACEMENT_3D('',#11499,#9379,#9380);
#8403=AXIS2_PLACEMENT_3D('',#11500,#9381,#9382);
#8404=AXIS2_PLACEMENT_3D('',#11501,#9383,#9384);
#8405=AXIS2_PLACEMENT_3D('',#11503,#9385,#9386);
#8406=AXIS2_PLACEMENT_3D('',#11506,#9388,#9389);
#8407=AXIS2_PLACEMENT_3D('',#11507,#9390,#9391);
#8408=AXIS2_PLACEMENT_3D('',#11509,#9392,#9393);
#8409=AXIS2_PLACEMENT_3D('',#11512,#9395,#9396);
#8410=AXIS2_PLACEMENT_3D('',#11513,#9397,#9398);
#8411=AXIS2_PLACEMENT_3D('',#11515,#9399,#9400);
#8412=AXIS2_PLACEMENT_3D('',#11518,#9402,#9403);
#8413=AXIS2_PLACEMENT_3D('',#11519,#9404,#9405);
#8414=AXIS2_PLACEMENT_3D('',#11528,#9410,#9411);
#8415=AXIS2_PLACEMENT_3D('',#11534,#9415,#9416);
#8416=AXIS2_PLACEMENT_3D('',#11540,#9420,#9421);
#8417=AXIS2_PLACEMENT_3D('',#11546,#9425,#9426);
#8418=AXIS2_PLACEMENT_3D('',#11552,#9430,#9431);
#8419=AXIS2_PLACEMENT_3D('',#11555,#9434,#9435);
#8420=AXIS2_PLACEMENT_3D('',#11564,#9440,#9441);
#8421=AXIS2_PLACEMENT_3D('',#11570,#9445,#9446);
#8422=AXIS2_PLACEMENT_3D('',#11576,#9450,#9451);
#8423=AXIS2_PLACEMENT_3D('',#11582,#9455,#9456);
#8424=AXIS2_PLACEMENT_3D('',#11588,#9460,#9461);
#8425=AXIS2_PLACEMENT_3D('',#11594,#9465,#9466);
#8426=AXIS2_PLACEMENT_3D('',#11600,#9470,#9471);
#8427=AXIS2_PLACEMENT_3D('',#11603,#9474,#9475);
#8428=AXIS2_PLACEMENT_3D('',#11612,#9480,#9481);
#8429=AXIS2_PLACEMENT_3D('',#11618,#9485,#9486);
#8430=AXIS2_PLACEMENT_3D('',#11624,#9490,#9491);
#8431=AXIS2_PLACEMENT_3D('',#11630,#9495,#9496);
#8432=AXIS2_PLACEMENT_3D('',#11636,#9500,#9501);
#8433=AXIS2_PLACEMENT_3D('',#11642,#9505,#9506);
#8434=AXIS2_PLACEMENT_3D('',#11648,#9510,#9511);
#8435=AXIS2_PLACEMENT_3D('',#11651,#9514,#9515);
#8436=AXIS2_PLACEMENT_3D('',#11660,#9520,#9521);
#8437=AXIS2_PLACEMENT_3D('',#11666,#9525,#9526);
#8438=AXIS2_PLACEMENT_3D('',#11672,#9530,#9531);
#8439=AXIS2_PLACEMENT_3D('',#11678,#9535,#9536);
#8440=AXIS2_PLACEMENT_3D('',#11684,#9540,#9541);
#8441=AXIS2_PLACEMENT_3D('',#11690,#9545,#9546);
#8442=AXIS2_PLACEMENT_3D('',#11696,#9550,#9551);
#8443=AXIS2_PLACEMENT_3D('',#11699,#9554,#9555);
#8444=AXIS2_PLACEMENT_3D('',#11708,#9560,#9561);
#8445=AXIS2_PLACEMENT_3D('',#11714,#9565,#9566);
#8446=AXIS2_PLACEMENT_3D('',#11720,#9570,#9571);
#8447=AXIS2_PLACEMENT_3D('',#11726,#9575,#9576);
#8448=AXIS2_PLACEMENT_3D('',#11732,#9580,#9581);
#8449=AXIS2_PLACEMENT_3D('',#11738,#9585,#9586);
#8450=AXIS2_PLACEMENT_3D('',#11744,#9590,#9591);
#8451=AXIS2_PLACEMENT_3D('',#11747,#9594,#9595);
#8452=AXIS2_PLACEMENT_3D('',#11756,#9600,#9601);
#8453=AXIS2_PLACEMENT_3D('',#11762,#9605,#9606);
#8454=AXIS2_PLACEMENT_3D('',#11768,#9610,#9611);
#8455=AXIS2_PLACEMENT_3D('',#11774,#9615,#9616);
#8456=AXIS2_PLACEMENT_3D('',#11777,#9619,#9620);
#8457=AXIS2_PLACEMENT_3D('',#11868,#9666,#9667);
#8458=AXIS2_PLACEMENT_3D('',#11874,#9671,#9672);
#8459=AXIS2_PLACEMENT_3D('',#11878,#9675,#9676);
#8460=AXIS2_PLACEMENT_3D('',#11882,#9679,#9680);
#8461=AXIS2_PLACEMENT_3D('',#11886,#9683,#9684);
#8462=AXIS2_PLACEMENT_3D('',#11890,#9687,#9688);
#8463=AXIS2_PLACEMENT_3D('',#11894,#9691,#9692);
#8464=AXIS2_PLACEMENT_3D('',#11898,#9695,#9696);
#8465=AXIS2_PLACEMENT_3D('',#11902,#9699,#9700);
#8466=AXIS2_PLACEMENT_3D('',#11906,#9703,#9704);
#8467=AXIS2_PLACEMENT_3D('',#11910,#9707,#9708);
#8468=AXIS2_PLACEMENT_3D('',#11914,#9711,#9712);
#8469=AXIS2_PLACEMENT_3D('',#11918,#9715,#9716);
#8470=AXIS2_PLACEMENT_3D('',#11922,#9719,#9720);
#8471=AXIS2_PLACEMENT_3D('',#11926,#9723,#9724);
#8472=AXIS2_PLACEMENT_3D('',#11930,#9727,#9728);
#8473=AXIS2_PLACEMENT_3D('',#11934,#9731,#9732);
#8474=AXIS2_PLACEMENT_3D('',#11938,#9735,#9736);
#8475=AXIS2_PLACEMENT_3D('',#11942,#9739,#9740);
#8476=AXIS2_PLACEMENT_3D('',#11946,#9743,#9744);
#8477=AXIS2_PLACEMENT_3D('',#11950,#9747,#9748);
#8478=AXIS2_PLACEMENT_3D('',#11954,#9751,#9752);
#8479=AXIS2_PLACEMENT_3D('',#11958,#9755,#9756);
#8480=AXIS2_PLACEMENT_3D('',#11962,#9759,#9760);
#8481=AXIS2_PLACEMENT_3D('',#11966,#9763,#9764);
#8482=AXIS2_PLACEMENT_3D('',#11970,#9767,#9768);
#8483=AXIS2_PLACEMENT_3D('',#11974,#9771,#9772);
#8484=AXIS2_PLACEMENT_3D('',#11978,#9775,#9776);
#8485=AXIS2_PLACEMENT_3D('',#11982,#9779,#9780);
#8486=AXIS2_PLACEMENT_3D('',#11986,#9783,#9784);
#8487=AXIS2_PLACEMENT_3D('',#11990,#9787,#9788);
#8488=AXIS2_PLACEMENT_3D('',#11994,#9791,#9792);
#8489=AXIS2_PLACEMENT_3D('',#11998,#9795,#9796);
#8490=AXIS2_PLACEMENT_3D('',#12002,#9799,#9800);
#8491=AXIS2_PLACEMENT_3D('',#12006,#9803,#9804);
#8492=AXIS2_PLACEMENT_3D('',#12010,#9807,#9808);
#8493=AXIS2_PLACEMENT_3D('',#12014,#9811,#9812);
#8494=AXIS2_PLACEMENT_3D('',#12018,#9815,#9816);
#8495=AXIS2_PLACEMENT_3D('',#12022,#9819,#9820);
#8496=AXIS2_PLACEMENT_3D('',#12026,#9823,#9824);
#8497=AXIS2_PLACEMENT_3D('',#12030,#9827,#9828);
#8498=AXIS2_PLACEMENT_3D('',#12034,#9831,#9832);
#8499=AXIS2_PLACEMENT_3D('',#12038,#9835,#9836);
#8500=AXIS2_PLACEMENT_3D('',#12042,#9839,#9840);
#8501=AXIS2_PLACEMENT_3D('',#12046,#9843,#9844);
#8502=AXIS2_PLACEMENT_3D('',#12048,#9846,#9847);
#8503=AXIS2_PLACEMENT_3D('',#12049,#9848,#9849);
#8504=AXIS2_PLACEMENT_3D('',#12050,#9850,#9851);
#8505=AXIS2_PLACEMENT_3D('',#12051,#9852,#9853);
#8506=AXIS2_PLACEMENT_3D('',#12052,#9854,#9855);
#8507=AXIS2_PLACEMENT_3D('',#12061,#9860,#9861);
#8508=AXIS2_PLACEMENT_3D('',#12067,#9865,#9866);
#8509=AXIS2_PLACEMENT_3D('',#12073,#9870,#9871);
#8510=AXIS2_PLACEMENT_3D('',#12079,#9875,#9876);
#8511=AXIS2_PLACEMENT_3D('',#12085,#9880,#9881);
#8512=AXIS2_PLACEMENT_3D('',#12088,#9884,#9885);
#8513=AXIS2_PLACEMENT_3D('',#12089,#9886,#9887);
#8514=AXIS2_PLACEMENT_3D('',#12091,#9888,#9889);
#8515=AXIS2_PLACEMENT_3D('',#12094,#9891,#9892);
#8516=AXIS2_PLACEMENT_3D('',#12095,#9893,#9894);
#8517=AXIS2_PLACEMENT_3D('',#12096,#9895,#9896);
#8518=AXIS2_PLACEMENT_3D('',#12098,#9897,#9898);
#8519=AXIS2_PLACEMENT_3D('',#12101,#9900,#9901);
#8520=AXIS2_PLACEMENT_3D('',#12102,#9902,#9903);
#8521=AXIS2_PLACEMENT_3D('',#12103,#9904,#9905);
#8522=AXIS2_PLACEMENT_3D('',#12104,#9906,#9907);
#8523=AXIS2_PLACEMENT_3D('',#12113,#9912,#9913);
#8524=AXIS2_PLACEMENT_3D('',#12119,#9917,#9918);
#8525=AXIS2_PLACEMENT_3D('',#12125,#9922,#9923);
#8526=AXIS2_PLACEMENT_3D('',#12131,#9927,#9928);
#8527=AXIS2_PLACEMENT_3D('',#12137,#9932,#9933);
#8528=AXIS2_PLACEMENT_3D('',#12140,#9936,#9937);
#8529=AXIS2_PLACEMENT_3D('',#12141,#9938,#9939);
#8530=AXIS2_PLACEMENT_3D('',#12143,#9940,#9941);
#8531=AXIS2_PLACEMENT_3D('',#12146,#9943,#9944);
#8532=AXIS2_PLACEMENT_3D('',#12147,#9945,#9946);
#8533=AXIS2_PLACEMENT_3D('',#12148,#9947,#9948);
#8534=AXIS2_PLACEMENT_3D('',#12150,#9949,#9950);
#8535=AXIS2_PLACEMENT_3D('',#12153,#9952,#9953);
#8536=AXIS2_PLACEMENT_3D('',#12154,#9954,#9955);
#8537=AXIS2_PLACEMENT_3D('',#12155,#9956,#9957);
#8538=AXIS2_PLACEMENT_3D('',#12156,#9958,#9959);
#8539=AXIS2_PLACEMENT_3D('',#12165,#9964,#9965);
#8540=AXIS2_PLACEMENT_3D('',#12171,#9969,#9970);
#8541=AXIS2_PLACEMENT_3D('',#12177,#9974,#9975);
#8542=AXIS2_PLACEMENT_3D('',#12183,#9979,#9980);
#8543=AXIS2_PLACEMENT_3D('',#12189,#9984,#9985);
#8544=AXIS2_PLACEMENT_3D('',#12192,#9988,#9989);
#8545=AXIS2_PLACEMENT_3D('',#12193,#9990,#9991);
#8546=AXIS2_PLACEMENT_3D('',#12195,#9992,#9993);
#8547=AXIS2_PLACEMENT_3D('',#12198,#9995,#9996);
#8548=AXIS2_PLACEMENT_3D('',#12199,#9997,#9998);
#8549=AXIS2_PLACEMENT_3D('',#12200,#9999,#10000);
#8550=AXIS2_PLACEMENT_3D('',#12202,#10001,#10002);
#8551=AXIS2_PLACEMENT_3D('',#12205,#10004,#10005);
#8552=AXIS2_PLACEMENT_3D('',#12206,#10006,#10007);
#8553=AXIS2_PLACEMENT_3D('',#12207,#10008,#10009);
#8554=AXIS2_PLACEMENT_3D('',#12208,#10010,#10011);
#8555=AXIS2_PLACEMENT_3D('',#12210,#10012,#10013);
#8556=AXIS2_PLACEMENT_3D('',#12213,#10015,#10016);
#8557=AXIS2_PLACEMENT_3D('',#12214,#10017,#10018);
#8558=AXIS2_PLACEMENT_3D('',#12216,#10019,#10020);
#8559=AXIS2_PLACEMENT_3D('',#12219,#10022,#10023);
#8560=AXIS2_PLACEMENT_3D('',#12220,#10024,#10025);
#8561=AXIS2_PLACEMENT_3D('',#12221,#10026,#10027);
#8562=AXIS2_PLACEMENT_3D('',#12222,#10028,#10029);
#8563=AXIS2_PLACEMENT_3D('',#12224,#10030,#10031);
#8564=AXIS2_PLACEMENT_3D('',#12227,#10033,#10034);
#8565=AXIS2_PLACEMENT_3D('',#12228,#10035,#10036);
#8566=AXIS2_PLACEMENT_3D('',#12230,#10037,#10038);
#8567=AXIS2_PLACEMENT_3D('',#12233,#10040,#10041);
#8568=AXIS2_PLACEMENT_3D('',#12234,#10042,#10043);
#8569=AXIS2_PLACEMENT_3D('',#12235,#10044,#10045);
#8570=AXIS2_PLACEMENT_3D('',#12236,#10046,#10047);
#8571=AXIS2_PLACEMENT_3D('',#12238,#10048,#10049);
#8572=AXIS2_PLACEMENT_3D('',#12241,#10051,#10052);
#8573=AXIS2_PLACEMENT_3D('',#12242,#10053,#10054);
#8574=AXIS2_PLACEMENT_3D('',#12244,#10055,#10056);
#8575=AXIS2_PLACEMENT_3D('',#12247,#10058,#10059);
#8576=AXIS2_PLACEMENT_3D('',#12248,#10060,#10061);
#8577=AXIS2_PLACEMENT_3D('',#12249,#10062,#10063);
#8578=AXIS2_PLACEMENT_3D('',#12250,#10064,#10065);
#8579=AXIS2_PLACEMENT_3D('',#12252,#10066,#10067);
#8580=AXIS2_PLACEMENT_3D('',#12255,#10069,#10070);
#8581=AXIS2_PLACEMENT_3D('',#12256,#10071,#10072);
#8582=AXIS2_PLACEMENT_3D('',#12265,#10077,#10078);
#8583=AXIS2_PLACEMENT_3D('',#12271,#10082,#10083);
#8584=AXIS2_PLACEMENT_3D('',#12277,#10087,#10088);
#8585=AXIS2_PLACEMENT_3D('',#12283,#10092,#10093);
#8586=AXIS2_PLACEMENT_3D('',#12289,#10097,#10098);
#8587=AXIS2_PLACEMENT_3D('',#12292,#10101,#10102);
#8588=AXIS2_PLACEMENT_3D('',#12293,#10103,#10104);
#8589=AXIS2_PLACEMENT_3D('',#12294,#10105,#10106);
#8590=AXIS2_PLACEMENT_3D('',#12296,#10107,#10108);
#8591=AXIS2_PLACEMENT_3D('',#12299,#10110,#10111);
#8592=AXIS2_PLACEMENT_3D('',#12300,#10112,#10113);
#8593=AXIS2_PLACEMENT_3D('',#12309,#10118,#10119);
#8594=AXIS2_PLACEMENT_3D('',#12315,#10123,#10124);
#8595=AXIS2_PLACEMENT_3D('',#12321,#10128,#10129);
#8596=AXIS2_PLACEMENT_3D('',#12327,#10133,#10134);
#8597=AXIS2_PLACEMENT_3D('',#12333,#10138,#10139);
#8598=AXIS2_PLACEMENT_3D('',#12336,#10142,#10143);
#8599=AXIS2_PLACEMENT_3D('',#12337,#10144,#10145);
#8600=AXIS2_PLACEMENT_3D('',#12338,#10146,#10147);
#8601=AXIS2_PLACEMENT_3D('',#12340,#10148,#10149);
#8602=AXIS2_PLACEMENT_3D('',#12343,#10151,#10152);
#8603=AXIS2_PLACEMENT_3D('',#12344,#10153,#10154);
#8604=AXIS2_PLACEMENT_3D('',#12353,#10159,#10160);
#8605=AXIS2_PLACEMENT_3D('',#12359,#10164,#10165);
#8606=AXIS2_PLACEMENT_3D('',#12365,#10169,#10170);
#8607=AXIS2_PLACEMENT_3D('',#12371,#10174,#10175);
#8608=AXIS2_PLACEMENT_3D('',#12377,#10179,#10180);
#8609=AXIS2_PLACEMENT_3D('',#12380,#10183,#10184);
#8610=AXIS2_PLACEMENT_3D('',#12381,#10185,#10186);
#8611=AXIS2_PLACEMENT_3D('',#12382,#10187,#10188);
#8612=AXIS2_PLACEMENT_3D('',#12391,#10193,#10194);
#8613=AXIS2_PLACEMENT_3D('',#12397,#10198,#10199);
#8614=AXIS2_PLACEMENT_3D('',#12403,#10203,#10204);
#8615=AXIS2_PLACEMENT_3D('',#12409,#10208,#10209);
#8616=AXIS2_PLACEMENT_3D('',#12415,#10213,#10214);
#8617=AXIS2_PLACEMENT_3D('',#12418,#10217,#10218);
#8618=AXIS2_PLACEMENT_3D('',#12420,#10219,#10220);
#8619=AXIS2_PLACEMENT_3D('',#12421,#10221,#10222);
#8620=AXIS2_PLACEMENT_3D('',#12430,#10227,#10228);
#8621=AXIS2_PLACEMENT_3D('',#12436,#10232,#10233);
#8622=AXIS2_PLACEMENT_3D('',#12442,#10237,#10238);
#8623=AXIS2_PLACEMENT_3D('',#12448,#10242,#10243);
#8624=AXIS2_PLACEMENT_3D('',#12454,#10247,#10248);
#8625=AXIS2_PLACEMENT_3D('',#12457,#10251,#10252);
#8626=AXIS2_PLACEMENT_3D('',#12459,#10253,#10254);
#8627=AXIS2_PLACEMENT_3D('',#12460,#10255,#10256);
#8628=AXIS2_PLACEMENT_3D('',#12469,#10261,#10262);
#8629=AXIS2_PLACEMENT_3D('',#12475,#10266,#10267);
#8630=AXIS2_PLACEMENT_3D('',#12481,#10271,#10272);
#8631=AXIS2_PLACEMENT_3D('',#12487,#10276,#10277);
#8632=AXIS2_PLACEMENT_3D('',#12493,#10281,#10282);
#8633=AXIS2_PLACEMENT_3D('',#12496,#10285,#10286);
#8634=AXIS2_PLACEMENT_3D('',#12498,#10287,#10288);
#8635=AXIS2_PLACEMENT_3D('',#12499,#10289,#10290);
#8636=AXIS2_PLACEMENT_3D('',#12501,#10291,#10292);
#8637=AXIS2_PLACEMENT_3D('',#12504,#10294,#10295);
#8638=AXIS2_PLACEMENT_3D('',#12505,#10296,#10297);
#8639=AXIS2_PLACEMENT_3D('',#12507,#10298,#10299);
#8640=AXIS2_PLACEMENT_3D('',#12508,#10300,#10301);
#8641=AXIS2_PLACEMENT_3D('',#12510,#10302,#10303);
#8642=AXIS2_PLACEMENT_3D('',#12513,#10305,#10306);
#8643=AXIS2_PLACEMENT_3D('',#12514,#10307,#10308);
#8644=AXIS2_PLACEMENT_3D('',#12516,#10309,#10310);
#8645=AXIS2_PLACEMENT_3D('',#12517,#10311,#10312);
#8646=AXIS2_PLACEMENT_3D('',#12519,#10313,#10314);
#8647=AXIS2_PLACEMENT_3D('',#12522,#10316,#10317);
#8648=AXIS2_PLACEMENT_3D('',#12523,#10318,#10319);
#8649=AXIS2_PLACEMENT_3D('',#12525,#10320,#10321);
#8650=AXIS2_PLACEMENT_3D('',#12526,#10322,#10323);
#8651=AXIS2_PLACEMENT_3D('',#12529,#10325,#10326);
#8652=AXIS2_PLACEMENT_3D('',#12530,#10327,#10328);
#8653=AXIS2_PLACEMENT_3D('',#12532,#10329,#10330);
#8654=AXIS2_PLACEMENT_3D('',#12534,#10332,#10333);
#8655=AXIS2_PLACEMENT_3D('',#12537,#10335,#10336);
#8656=AXIS2_PLACEMENT_3D('',#12538,#10337,#10338);
#8657=AXIS2_PLACEMENT_3D('',#12540,#10339,#10340);
#8658=AXIS2_PLACEMENT_3D('',#12542,#10342,#10343);
#8659=AXIS2_PLACEMENT_3D('',#12545,#10345,#10346);
#8660=AXIS2_PLACEMENT_3D('',#12546,#10347,#10348);
#8661=AXIS2_PLACEMENT_3D('',#12548,#10349,#10350);
#8662=AXIS2_PLACEMENT_3D('',#12550,#10352,#10353);
#8663=AXIS2_PLACEMENT_3D('',#12552,#10354,#10355);
#8664=AXIS2_PLACEMENT_3D('',#12555,#10357,#10358);
#8665=AXIS2_PLACEMENT_3D('',#12556,#10359,#10360);
#8666=AXIS2_PLACEMENT_3D('',#12558,#10361,#10362);
#8667=AXIS2_PLACEMENT_3D('',#12559,#10363,#10364);
#8668=AXIS2_PLACEMENT_3D('',#12561,#10365,#10366);
#8669=AXIS2_PLACEMENT_3D('',#12564,#10368,#10369);
#8670=AXIS2_PLACEMENT_3D('',#12565,#10370,#10371);
#8671=AXIS2_PLACEMENT_3D('',#12566,#10372,#10373);
#8672=AXIS2_PLACEMENT_3D('',#12568,#10374,#10375);
#8673=AXIS2_PLACEMENT_3D('',#12571,#10377,#10378);
#8674=AXIS2_PLACEMENT_3D('',#12572,#10379,#10380);
#8675=AXIS2_PLACEMENT_3D('',#12573,#10381,#10382);
#8676=AXIS2_PLACEMENT_3D('',#12575,#10383,#10384);
#8677=AXIS2_PLACEMENT_3D('',#12577,#10386,#10387);
#8678=AXIS2_PLACEMENT_3D('',#12588,#10393,#10394);
#8679=AXIS2_PLACEMENT_3D('',#12594,#10398,#10399);
#8680=AXIS2_PLACEMENT_3D('',#12602,#10404,#10405);
#8681=AXIS2_PLACEMENT_3D('',#12612,#10411,#10412);
#8682=AXIS2_PLACEMENT_3D('',#12616,#10415,#10416);
#8683=AXIS2_PLACEMENT_3D('',#12620,#10419,#10420);
#8684=AXIS2_PLACEMENT_3D('',#12628,#10425,#10426);
#8685=AXIS2_PLACEMENT_3D('',#12632,#10429,#10430);
#8686=AXIS2_PLACEMENT_3D('',#12635,#10433,#10434);
#8687=AXIS2_PLACEMENT_3D('',#12637,#10436,#10437);
#8688=AXIS2_PLACEMENT_3D('',#12638,#10438,#10439);
#8689=AXIS2_PLACEMENT_3D('',#12639,#10440,#10441);
#8690=AXIS2_PLACEMENT_3D('',#12641,#10442,#10443);
#8691=AXIS2_PLACEMENT_3D('',#12644,#10445,#10446);
#8692=AXIS2_PLACEMENT_3D('',#12645,#10447,#10448);
#8693=AXIS2_PLACEMENT_3D('',#12647,#10449,#10450);
#8694=AXIS2_PLACEMENT_3D('',#12650,#10452,#10453);
#8695=AXIS2_PLACEMENT_3D('',#12651,#10454,#10455);
#8696=AXIS2_PLACEMENT_3D('',#12653,#10456,#10457);
#8697=AXIS2_PLACEMENT_3D('',#12656,#10459,#10460);
#8698=AXIS2_PLACEMENT_3D('',#12657,#10461,#10462);
#8699=AXIS2_PLACEMENT_3D('',#12666,#10467,#10468);
#8700=AXIS2_PLACEMENT_3D('',#12672,#10472,#10473);
#8701=AXIS2_PLACEMENT_3D('',#12678,#10477,#10478);
#8702=AXIS2_PLACEMENT_3D('',#12684,#10482,#10483);
#8703=AXIS2_PLACEMENT_3D('',#12690,#10487,#10488);
#8704=AXIS2_PLACEMENT_3D('',#12693,#10491,#10492);
#8705=AXIS2_PLACEMENT_3D('',#12702,#10497,#10498);
#8706=AXIS2_PLACEMENT_3D('',#12708,#10502,#10503);
#8707=AXIS2_PLACEMENT_3D('',#12714,#10507,#10508);
#8708=AXIS2_PLACEMENT_3D('',#12720,#10512,#10513);
#8709=AXIS2_PLACEMENT_3D('',#12726,#10517,#10518);
#8710=AXIS2_PLACEMENT_3D('',#12732,#10522,#10523);
#8711=AXIS2_PLACEMENT_3D('',#12738,#10527,#10528);
#8712=AXIS2_PLACEMENT_3D('',#12741,#10531,#10532);
#8713=AXIS2_PLACEMENT_3D('',#12750,#10537,#10538);
#8714=AXIS2_PLACEMENT_3D('',#12756,#10542,#10543);
#8715=AXIS2_PLACEMENT_3D('',#12762,#10547,#10548);
#8716=AXIS2_PLACEMENT_3D('',#12768,#10552,#10553);
#8717=AXIS2_PLACEMENT_3D('',#12774,#10557,#10558);
#8718=AXIS2_PLACEMENT_3D('',#12780,#10562,#10563);
#8719=AXIS2_PLACEMENT_3D('',#12786,#10567,#10568);
#8720=AXIS2_PLACEMENT_3D('',#12789,#10571,#10572);
#8721=AXIS2_PLACEMENT_3D('',#12798,#10577,#10578);
#8722=AXIS2_PLACEMENT_3D('',#12804,#10582,#10583);
#8723=AXIS2_PLACEMENT_3D('',#12810,#10587,#10588);
#8724=AXIS2_PLACEMENT_3D('',#12816,#10592,#10593);
#8725=AXIS2_PLACEMENT_3D('',#12822,#10597,#10598);
#8726=AXIS2_PLACEMENT_3D('',#12828,#10602,#10603);
#8727=AXIS2_PLACEMENT_3D('',#12834,#10607,#10608);
#8728=AXIS2_PLACEMENT_3D('',#12837,#10611,#10612);
#8729=AXIS2_PLACEMENT_3D('',#12846,#10617,#10618);
#8730=AXIS2_PLACEMENT_3D('',#12852,#10622,#10623);
#8731=AXIS2_PLACEMENT_3D('',#12858,#10627,#10628);
#8732=AXIS2_PLACEMENT_3D('',#12864,#10632,#10633);
#8733=AXIS2_PLACEMENT_3D('',#12870,#10637,#10638);
#8734=AXIS2_PLACEMENT_3D('',#12876,#10642,#10643);
#8735=AXIS2_PLACEMENT_3D('',#12882,#10647,#10648);
#8736=AXIS2_PLACEMENT_3D('',#12885,#10651,#10652);
#8737=AXIS2_PLACEMENT_3D('',#12894,#10657,#10658);
#8738=AXIS2_PLACEMENT_3D('',#12900,#10662,#10663);
#8739=AXIS2_PLACEMENT_3D('',#12906,#10667,#10668);
#8740=AXIS2_PLACEMENT_3D('',#12912,#10672,#10673);
#8741=AXIS2_PLACEMENT_3D('',#12915,#10676,#10677);
#8742=AXIS2_PLACEMENT_3D('',#13006,#10723,#10724);
#8743=AXIS2_PLACEMENT_3D('',#13012,#10728,#10729);
#8744=AXIS2_PLACEMENT_3D('',#13016,#10732,#10733);
#8745=AXIS2_PLACEMENT_3D('',#13020,#10736,#10737);
#8746=AXIS2_PLACEMENT_3D('',#13024,#10740,#10741);
#8747=AXIS2_PLACEMENT_3D('',#13028,#10744,#10745);
#8748=AXIS2_PLACEMENT_3D('',#13032,#10748,#10749);
#8749=AXIS2_PLACEMENT_3D('',#13036,#10752,#10753);
#8750=AXIS2_PLACEMENT_3D('',#13040,#10756,#10757);
#8751=AXIS2_PLACEMENT_3D('',#13044,#10760,#10761);
#8752=AXIS2_PLACEMENT_3D('',#13048,#10764,#10765);
#8753=AXIS2_PLACEMENT_3D('',#13052,#10768,#10769);
#8754=AXIS2_PLACEMENT_3D('',#13056,#10772,#10773);
#8755=AXIS2_PLACEMENT_3D('',#13060,#10776,#10777);
#8756=AXIS2_PLACEMENT_3D('',#13064,#10780,#10781);
#8757=AXIS2_PLACEMENT_3D('',#13068,#10784,#10785);
#8758=AXIS2_PLACEMENT_3D('',#13072,#10788,#10789);
#8759=AXIS2_PLACEMENT_3D('',#13076,#10792,#10793);
#8760=AXIS2_PLACEMENT_3D('',#13080,#10796,#10797);
#8761=AXIS2_PLACEMENT_3D('',#13084,#10800,#10801);
#8762=AXIS2_PLACEMENT_3D('',#13088,#10804,#10805);
#8763=AXIS2_PLACEMENT_3D('',#13092,#10808,#10809);
#8764=AXIS2_PLACEMENT_3D('',#13096,#10812,#10813);
#8765=AXIS2_PLACEMENT_3D('',#13100,#10816,#10817);
#8766=AXIS2_PLACEMENT_3D('',#13104,#10820,#10821);
#8767=AXIS2_PLACEMENT_3D('',#13108,#10824,#10825);
#8768=AXIS2_PLACEMENT_3D('',#13112,#10828,#10829);
#8769=AXIS2_PLACEMENT_3D('',#13116,#10832,#10833);
#8770=AXIS2_PLACEMENT_3D('',#13120,#10836,#10837);
#8771=AXIS2_PLACEMENT_3D('',#13124,#10840,#10841);
#8772=AXIS2_PLACEMENT_3D('',#13128,#10844,#10845);
#8773=AXIS2_PLACEMENT_3D('',#13132,#10848,#10849);
#8774=AXIS2_PLACEMENT_3D('',#13136,#10852,#10853);
#8775=AXIS2_PLACEMENT_3D('',#13140,#10856,#10857);
#8776=AXIS2_PLACEMENT_3D('',#13144,#10860,#10861);
#8777=AXIS2_PLACEMENT_3D('',#13148,#10864,#10865);
#8778=AXIS2_PLACEMENT_3D('',#13152,#10868,#10869);
#8779=AXIS2_PLACEMENT_3D('',#13156,#10872,#10873);
#8780=AXIS2_PLACEMENT_3D('',#13160,#10876,#10877);
#8781=AXIS2_PLACEMENT_3D('',#13164,#10880,#10881);
#8782=AXIS2_PLACEMENT_3D('',#13168,#10884,#10885);
#8783=AXIS2_PLACEMENT_3D('',#13172,#10888,#10889);
#8784=AXIS2_PLACEMENT_3D('',#13176,#10892,#10893);
#8785=AXIS2_PLACEMENT_3D('',#13180,#10896,#10897);
#8786=AXIS2_PLACEMENT_3D('',#13184,#10900,#10901);
#8787=AXIS2_PLACEMENT_3D('',#13186,#10903,#10904);
#8788=AXIS2_PLACEMENT_3D('',#13187,#10905,#10906);
#8789=AXIS2_PLACEMENT_3D('',#13188,#10907,#10908);
#8790=AXIS2_PLACEMENT_3D('',#13189,#10909,#10910);
#8791=DIRECTION('axis',(0.,0.,1.));
#8792=DIRECTION('refdir',(1.,0.,0.));
#8793=DIRECTION('axis',(0.,0.,1.));
#8794=DIRECTION('refdir',(1.,0.,0.));
#8795=DIRECTION('axis',(0.,0.,1.));
#8796=DIRECTION('refdir',(1.,0.,0.));
#8797=DIRECTION('center_axis',(0.,0.866025403784438,0.5));
#8798=DIRECTION('ref_axis',(0.,0.5,-0.866025403784438));
#8799=DIRECTION('',(0.,0.5,-0.866025403784438));
#8800=DIRECTION('',(-1.,0.,0.));
#8801=DIRECTION('',(0.,0.5,-0.866025403784438));
#8802=DIRECTION('',(-1.,0.,0.));
#8803=DIRECTION('center_axis',(0.,0.,1.));
#8804=DIRECTION('ref_axis',(0.,1.,0.));
#8805=DIRECTION('',(0.,1.,0.));
#8806=DIRECTION('',(-1.,0.,0.));
#8807=DIRECTION('',(0.,1.,0.));
#8808=DIRECTION('center_axis',(0.,-0.866025403784439,0.499999999999999));
#8809=DIRECTION('ref_axis',(0.,0.499999999999999,0.866025403784439));
#8810=DIRECTION('',(0.,0.499999999999999,0.866025403784439));
#8811=DIRECTION('',(-1.,0.,0.));
#8812=DIRECTION('',(0.,0.499999999999999,0.866025403784439));
#8813=DIRECTION('center_axis',(0.,-0.86602540378444,-0.499999999999998));
#8814=DIRECTION('ref_axis',(0.,-0.499999999999998,0.86602540378444));
#8815=DIRECTION('',(0.,-0.499999999999998,0.86602540378444));
#8816=DIRECTION('',(-1.,0.,0.));
#8817=DIRECTION('',(0.,-0.499999999999998,0.86602540378444));
#8818=DIRECTION('center_axis',(0.,0.,-1.));
#8819=DIRECTION('ref_axis',(0.,-1.,0.));
#8820=DIRECTION('',(0.,-1.,0.));
#8821=DIRECTION('',(-1.,0.,0.));
#8822=DIRECTION('',(0.,-1.,0.));
#8823=DIRECTION('center_axis',(0.,0.866025403784438,-0.5));
#8824=DIRECTION('ref_axis',(0.,-0.5,-0.866025403784438));
#8825=DIRECTION('',(0.,-0.5,-0.866025403784438));
#8826=DIRECTION('',(0.,-0.5,-0.866025403784438));
#8827=DIRECTION('center_axis',(-1.,0.,0.));
#8828=DIRECTION('ref_axis',(0.,0.,1.));
#8829=DIRECTION('center_axis',(-1.,0.,0.));
#8830=DIRECTION('ref_axis',(0.,0.,-1.));
#8831=DIRECTION('center_axis',(-1.,0.,0.));
#8832=DIRECTION('ref_axis',(0.,0.,-1.));
#8833=DIRECTION('',(1.,0.,0.));
#8834=DIRECTION('center_axis',(1.,0.,0.));
#8835=DIRECTION('ref_axis',(0.,0.,-1.));
#8836=DIRECTION('center_axis',(1.,0.,0.));
#8837=DIRECTION('ref_axis',(0.,0.,-1.));
#8838=DIRECTION('center_axis',(1.,0.,0.));
#8839=DIRECTION('ref_axis',(0.,0.,-1.));
#8840=DIRECTION('center_axis',(1.,0.,0.));
#8841=DIRECTION('ref_axis',(0.,0.,-1.));
#8842=DIRECTION('',(-1.,0.,0.));
#8843=DIRECTION('center_axis',(1.,0.,0.));
#8844=DIRECTION('ref_axis',(0.,0.,-1.));
#8845=DIRECTION('center_axis',(1.,0.,0.));
#8846=DIRECTION('ref_axis',(0.,0.,-1.));
#8847=DIRECTION('center_axis',(1.,0.,0.));
#8848=DIRECTION('ref_axis',(0.,0.,-1.));
#8849=DIRECTION('center_axis',(0.,0.866025403784439,0.5));
#8850=DIRECTION('ref_axis',(0.,0.5,-0.866025403784439));
#8851=DIRECTION('',(0.,0.5,-0.866025403784439));
#8852=DIRECTION('',(-1.,0.,0.));
#8853=DIRECTION('',(0.,0.5,-0.866025403784439));
#8854=DIRECTION('',(-1.,0.,0.));
#8855=DIRECTION('center_axis',(0.,0.,1.));
#8856=DIRECTION('ref_axis',(0.,1.,0.));
#8857=DIRECTION('',(0.,1.,0.));
#8858=DIRECTION('',(-1.,0.,0.));
#8859=DIRECTION('',(0.,1.,0.));
#8860=DIRECTION('center_axis',(0.,-0.86602540378444,0.499999999999998));
#8861=DIRECTION('ref_axis',(0.,0.499999999999998,0.86602540378444));
#8862=DIRECTION('',(0.,0.499999999999998,0.86602540378444));
#8863=DIRECTION('',(-1.,0.,0.));
#8864=DIRECTION('',(0.,0.499999999999998,0.86602540378444));
#8865=DIRECTION('center_axis',(0.,-0.86602540378444,-0.499999999999998));
#8866=DIRECTION('ref_axis',(0.,-0.499999999999998,0.86602540378444));
#8867=DIRECTION('',(0.,-0.499999999999998,0.86602540378444));
#8868=DIRECTION('',(-1.,0.,0.));
#8869=DIRECTION('',(0.,-0.499999999999998,0.86602540378444));
#8870=DIRECTION('center_axis',(0.,0.,-1.));
#8871=DIRECTION('ref_axis',(0.,-1.,0.));
#8872=DIRECTION('',(0.,-1.,0.));
#8873=DIRECTION('',(-1.,0.,0.));
#8874=DIRECTION('',(0.,-1.,0.));
#8875=DIRECTION('center_axis',(0.,0.866025403784438,-0.5));
#8876=DIRECTION('ref_axis',(0.,-0.5,-0.866025403784438));
#8877=DIRECTION('',(0.,-0.5,-0.866025403784438));
#8878=DIRECTION('',(0.,-0.5,-0.866025403784438));
#8879=DIRECTION('center_axis',(-1.,0.,0.));
#8880=DIRECTION('ref_axis',(0.,0.,1.));
#8881=DIRECTION('center_axis',(-1.,0.,0.));
#8882=DIRECTION('ref_axis',(0.,0.,-1.));
#8883=DIRECTION('center_axis',(-1.,0.,0.));
#8884=DIRECTION('ref_axis',(0.,0.,-1.));
#8885=DIRECTION('',(1.,0.,0.));
#8886=DIRECTION('center_axis',(1.,0.,0.));
#8887=DIRECTION('ref_axis',(0.,0.,-1.));
#8888=DIRECTION('center_axis',(1.,0.,0.));
#8889=DIRECTION('ref_axis',(0.,0.,-1.));
#8890=DIRECTION('center_axis',(1.,0.,0.));
#8891=DIRECTION('ref_axis',(0.,0.,-1.));
#8892=DIRECTION('center_axis',(1.,0.,0.));
#8893=DIRECTION('ref_axis',(0.,0.,-1.));
#8894=DIRECTION('',(-1.,0.,0.));
#8895=DIRECTION('center_axis',(1.,0.,0.));
#8896=DIRECTION('ref_axis',(0.,0.,-1.));
#8897=DIRECTION('center_axis',(1.,0.,0.));
#8898=DIRECTION('ref_axis',(0.,0.,-1.));
#8899=DIRECTION('center_axis',(1.,0.,0.));
#8900=DIRECTION('ref_axis',(0.,0.,-1.));
#8901=DIRECTION('center_axis',(0.,0.86602540378444,0.499999999999997));
#8902=DIRECTION('ref_axis',(0.,0.499999999999997,-0.86602540378444));
#8903=DIRECTION('',(0.,0.499999999999997,-0.86602540378444));
#8904=DIRECTION('',(-1.,0.,0.));
#8905=DIRECTION('',(0.,0.499999999999997,-0.86602540378444));
#8906=DIRECTION('',(-1.,0.,0.));
#8907=DIRECTION('center_axis',(0.,0.,1.));
#8908=DIRECTION('ref_axis',(0.,1.,0.));
#8909=DIRECTION('',(0.,1.,0.));
#8910=DIRECTION('',(-1.,0.,0.));
#8911=DIRECTION('',(0.,1.,0.));
#8912=DIRECTION('center_axis',(0.,-0.86602540378444,0.499999999999997));
#8913=DIRECTION('ref_axis',(0.,0.499999999999997,0.86602540378444));
#8914=DIRECTION('',(0.,0.499999999999997,0.86602540378444));
#8915=DIRECTION('',(-1.,0.,0.));
#8916=DIRECTION('',(0.,0.499999999999997,0.86602540378444));
#8917=DIRECTION('center_axis',(0.,-0.86602540378444,-0.499999999999998));
#8918=DIRECTION('ref_axis',(0.,-0.499999999999998,0.86602540378444));
#8919=DIRECTION('',(0.,-0.499999999999998,0.86602540378444));
#8920=DIRECTION('',(-1.,0.,0.));
#8921=DIRECTION('',(0.,-0.499999999999998,0.86602540378444));
#8922=DIRECTION('center_axis',(0.,0.,-1.));
#8923=DIRECTION('ref_axis',(0.,-1.,0.));
#8924=DIRECTION('',(0.,-1.,0.));
#8925=DIRECTION('',(-1.,0.,0.));
#8926=DIRECTION('',(0.,-1.,0.));
#8927=DIRECTION('center_axis',(0.,0.86602540378444,-0.499999999999998));
#8928=DIRECTION('ref_axis',(0.,-0.499999999999998,-0.86602540378444));
#8929=DIRECTION('',(0.,-0.499999999999998,-0.86602540378444));
#8930=DIRECTION('',(0.,-0.499999999999998,-0.86602540378444));
#8931=DIRECTION('center_axis',(-1.,0.,0.));
#8932=DIRECTION('ref_axis',(0.,0.,1.));
#8933=DIRECTION('center_axis',(-1.,0.,0.));
#8934=DIRECTION('ref_axis',(0.,0.,-1.));
#8935=DIRECTION('center_axis',(-1.,0.,0.));
#8936=DIRECTION('ref_axis',(0.,0.,-1.));
#8937=DIRECTION('',(1.,0.,0.));
#8938=DIRECTION('center_axis',(1.,0.,0.));
#8939=DIRECTION('ref_axis',(0.,0.,-1.));
#8940=DIRECTION('center_axis',(1.,0.,0.));
#8941=DIRECTION('ref_axis',(0.,0.,-1.));
#8942=DIRECTION('center_axis',(1.,0.,0.));
#8943=DIRECTION('ref_axis',(0.,0.,-1.));
#8944=DIRECTION('center_axis',(1.,0.,0.));
#8945=DIRECTION('ref_axis',(0.,0.,-1.));
#8946=DIRECTION('',(-1.,0.,0.));
#8947=DIRECTION('center_axis',(1.,0.,0.));
#8948=DIRECTION('ref_axis',(0.,0.,-1.));
#8949=DIRECTION('center_axis',(1.,0.,0.));
#8950=DIRECTION('ref_axis',(0.,0.,-1.));
#8951=DIRECTION('center_axis',(1.,0.,0.));
#8952=DIRECTION('ref_axis',(0.,0.,-1.));
#8953=DIRECTION('center_axis',(1.,0.,0.));
#8954=DIRECTION('ref_axis',(0.,0.,-1.));
#8955=DIRECTION('center_axis',(-1.,0.,0.));
#8956=DIRECTION('ref_axis',(0.,0.,-1.));
#8957=DIRECTION('',(-1.,0.,0.));
#8958=DIRECTION('center_axis',(-1.,0.,0.));
#8959=DIRECTION('ref_axis',(0.,0.,-1.));
#8960=DIRECTION('center_axis',(1.,0.,0.));
#8961=DIRECTION('ref_axis',(0.,0.,-1.));
#8962=DIRECTION('center_axis',(1.,0.,0.));
#8963=DIRECTION('ref_axis',(0.,0.,-1.));
#8964=DIRECTION('',(-1.,0.,0.));
#8965=DIRECTION('center_axis',(1.,0.,0.));
#8966=DIRECTION('ref_axis',(0.,0.,-1.));
#8967=DIRECTION('center_axis',(1.,0.,0.));
#8968=DIRECTION('ref_axis',(0.,0.,-1.));
#8969=DIRECTION('center_axis',(1.,0.,0.));
#8970=DIRECTION('ref_axis',(0.,0.,-1.));
#8971=DIRECTION('center_axis',(1.,0.,0.));
#8972=DIRECTION('ref_axis',(0.,0.,-1.));
#8973=DIRECTION('center_axis',(-1.,0.,0.));
#8974=DIRECTION('ref_axis',(0.,0.,-1.));
#8975=DIRECTION('',(-1.,0.,0.));
#8976=DIRECTION('center_axis',(-1.,0.,0.));
#8977=DIRECTION('ref_axis',(0.,0.,-1.));
#8978=DIRECTION('center_axis',(1.,0.,0.));
#8979=DIRECTION('ref_axis',(0.,0.,-1.));
#8980=DIRECTION('center_axis',(1.,0.,0.));
#8981=DIRECTION('ref_axis',(0.,0.,-1.));
#8982=DIRECTION('',(-1.,0.,0.));
#8983=DIRECTION('center_axis',(1.,0.,0.));
#8984=DIRECTION('ref_axis',(0.,0.,-1.));
#8985=DIRECTION('center_axis',(1.,0.,0.));
#8986=DIRECTION('ref_axis',(0.,0.,-1.));
#8987=DIRECTION('center_axis',(1.,0.,0.));
#8988=DIRECTION('ref_axis',(0.,0.,-1.));
#8989=DIRECTION('center_axis',(1.,0.,0.));
#8990=DIRECTION('ref_axis',(0.,0.,-1.));
#8991=DIRECTION('center_axis',(-1.,0.,0.));
#8992=DIRECTION('ref_axis',(0.,0.,-1.));
#8993=DIRECTION('',(-1.,0.,0.));
#8994=DIRECTION('center_axis',(-1.,0.,0.));
#8995=DIRECTION('ref_axis',(0.,0.,-1.));
#8996=DIRECTION('center_axis',(1.,0.,0.));
#8997=DIRECTION('ref_axis',(0.,0.,-1.));
#8998=DIRECTION('center_axis',(1.,0.,0.));
#8999=DIRECTION('ref_axis',(0.,0.,-1.));
#9000=DIRECTION('',(-1.,0.,0.));
#9001=DIRECTION('center_axis',(1.,0.,0.));
#9002=DIRECTION('ref_axis',(0.,0.,-1.));
#9003=DIRECTION('center_axis',(1.,0.,0.));
#9004=DIRECTION('ref_axis',(0.,0.,-1.));
#9005=DIRECTION('center_axis',(1.,0.,0.));
#9006=DIRECTION('ref_axis',(0.,0.,-1.));
#9007=DIRECTION('center_axis',(-1.,0.,0.));
#9008=DIRECTION('ref_axis',(0.,0.,-1.));
#9009=DIRECTION('center_axis',(1.,0.,0.));
#9010=DIRECTION('ref_axis',(0.,0.,-1.));
#9011=DIRECTION('',(1.,0.,0.));
#9012=DIRECTION('center_axis',(-1.,0.,0.));
#9013=DIRECTION('ref_axis',(0.,0.,-1.));
#9014=DIRECTION('center_axis',(0.,0.866025403784439,0.5));
#9015=DIRECTION('ref_axis',(0.,0.5,-0.866025403784439));
#9016=DIRECTION('',(0.,-0.5,0.866025403784439));
#9017=DIRECTION('',(-1.,0.,0.));
#9018=DIRECTION('',(0.,0.5,-0.866025403784439));
#9019=DIRECTION('',(-1.,0.,0.));
#9020=DIRECTION('center_axis',(0.,0.,1.));
#9021=DIRECTION('ref_axis',(0.,1.,0.));
#9022=DIRECTION('',(0.,-1.,0.));
#9023=DIRECTION('',(0.,1.,0.));
#9024=DIRECTION('',(-1.,0.,0.));
#9025=DIRECTION('center_axis',(0.,-0.866025403784438,0.500000000000001));
#9026=DIRECTION('ref_axis',(0.,0.500000000000001,0.866025403784438));
#9027=DIRECTION('',(0.,-0.500000000000001,-0.866025403784438));
#9028=DIRECTION('',(0.,0.500000000000001,0.866025403784438));
#9029=DIRECTION('',(-1.,0.,0.));
#9030=DIRECTION('center_axis',(0.,-0.866025403784439,-0.5));
#9031=DIRECTION('ref_axis',(0.,-0.5,0.866025403784439));
#9032=DIRECTION('',(0.,0.5,-0.866025403784439));
#9033=DIRECTION('',(0.,-0.5,0.866025403784439));
#9034=DIRECTION('',(-1.,0.,0.));
#9035=DIRECTION('center_axis',(0.,-2.62222184506849E-16,-1.));
#9036=DIRECTION('ref_axis',(0.,-1.,2.62222184506849E-16));
#9037=DIRECTION('',(0.,1.,-2.62222184506849E-16));
#9038=DIRECTION('',(0.,-1.,2.62222184506849E-16));
#9039=DIRECTION('',(-1.,0.,0.));
#9040=DIRECTION('center_axis',(0.,0.866025403784439,-0.5));
#9041=DIRECTION('ref_axis',(0.,-0.5,-0.866025403784439));
#9042=DIRECTION('',(0.,0.5,0.866025403784439));
#9043=DIRECTION('',(0.,-0.5,-0.866025403784439));
#9044=DIRECTION('center_axis',(1.,0.,0.));
#9045=DIRECTION('ref_axis',(0.,0.,-1.));
#9046=DIRECTION('center_axis',(1.,0.,0.));
#9047=DIRECTION('ref_axis',(0.,0.,-1.));
#9048=DIRECTION('center_axis',(-1.,0.,0.));
#9049=DIRECTION('ref_axis',(0.,0.,-1.));
#9050=DIRECTION('center_axis',(1.,0.,0.));
#9051=DIRECTION('ref_axis',(0.,0.,-1.));
#9052=DIRECTION('',(1.,0.,0.));
#9053=DIRECTION('center_axis',(-1.,0.,0.));
#9054=DIRECTION('ref_axis',(0.,0.,-1.));
#9055=DIRECTION('center_axis',(0.,0.866025403784439,0.5));
#9056=DIRECTION('ref_axis',(0.,0.5,-0.866025403784439));
#9057=DIRECTION('',(0.,-0.5,0.866025403784439));
#9058=DIRECTION('',(-1.,0.,0.));
#9059=DIRECTION('',(0.,0.5,-0.866025403784439));
#9060=DIRECTION('',(-1.,0.,0.));
#9061=DIRECTION('center_axis',(0.,0.,1.));
#9062=DIRECTION('ref_axis',(0.,1.,0.));
#9063=DIRECTION('',(0.,-1.,0.));
#9064=DIRECTION('',(0.,1.,0.));
#9065=DIRECTION('',(-1.,0.,0.));
#9066=DIRECTION('center_axis',(0.,-0.866025403784438,0.5));
#9067=DIRECTION('ref_axis',(0.,0.5,0.866025403784438));
#9068=DIRECTION('',(0.,-0.5,-0.866025403784438));
#9069=DIRECTION('',(0.,0.5,0.866025403784438));
#9070=DIRECTION('',(-1.,0.,0.));
#9071=DIRECTION('center_axis',(0.,-0.866025403784439,-0.5));
#9072=DIRECTION('ref_axis',(0.,-0.5,0.866025403784439));
#9073=DIRECTION('',(0.,0.5,-0.866025403784439));
#9074=DIRECTION('',(0.,-0.5,0.866025403784439));
#9075=DIRECTION('',(-1.,0.,0.));
#9076=DIRECTION('center_axis',(0.,0.,-1.));
#9077=DIRECTION('ref_axis',(0.,-1.,0.));
#9078=DIRECTION('',(0.,1.,0.));
#9079=DIRECTION('',(0.,-1.,0.));
#9080=DIRECTION('',(-1.,0.,0.));
#9081=DIRECTION('center_axis',(0.,0.866025403784439,-0.5));
#9082=DIRECTION('ref_axis',(0.,-0.5,-0.866025403784438));
#9083=DIRECTION('',(0.,0.5,0.866025403784439));
#9084=DIRECTION('',(0.,-0.5,-0.866025403784439));
#9085=DIRECTION('center_axis',(1.,0.,0.));
#9086=DIRECTION('ref_axis',(0.,0.,-1.));
#9087=DIRECTION('center_axis',(1.,0.,0.));
#9088=DIRECTION('ref_axis',(0.,0.,-1.));
#9089=DIRECTION('center_axis',(-1.,0.,0.));
#9090=DIRECTION('ref_axis',(0.,0.,-1.));
#9091=DIRECTION('center_axis',(1.,0.,0.));
#9092=DIRECTION('ref_axis',(0.,0.,-1.));
#9093=DIRECTION('',(1.,0.,0.));
#9094=DIRECTION('center_axis',(-1.,0.,0.));
#9095=DIRECTION('ref_axis',(0.,0.,-1.));
#9096=DIRECTION('center_axis',(0.,0.866025403784439,0.499999999999999));
#9097=DIRECTION('ref_axis',(0.,0.499999999999999,-0.866025403784439));
#9098=DIRECTION('',(0.,-0.499999999999999,0.866025403784439));
#9099=DIRECTION('',(-1.,0.,0.));
#9100=DIRECTION('',(0.,0.499999999999999,-0.866025403784439));
#9101=DIRECTION('',(-1.,0.,0.));
#9102=DIRECTION('center_axis',(0.,0.,1.));
#9103=DIRECTION('ref_axis',(0.,1.,0.));
#9104=DIRECTION('',(0.,-1.,0.));
#9105=DIRECTION('',(0.,1.,0.));
#9106=DIRECTION('',(-1.,0.,0.));
#9107=DIRECTION('center_axis',(0.,-0.866025403784438,0.500000000000001));
#9108=DIRECTION('ref_axis',(0.,0.500000000000001,0.866025403784438));
#9109=DIRECTION('',(0.,-0.500000000000001,-0.866025403784438));
#9110=DIRECTION('',(0.,0.500000000000001,0.866025403784438));
#9111=DIRECTION('',(-1.,0.,0.));
#9112=DIRECTION('center_axis',(0.,-0.866025403784438,-0.500000000000001));
#9113=DIRECTION('ref_axis',(0.,-0.500000000000001,0.866025403784438));
#9114=DIRECTION('',(0.,0.500000000000001,-0.866025403784438));
#9115=DIRECTION('',(0.,-0.500000000000001,0.866025403784438));
#9116=DIRECTION('',(-1.,0.,0.));
#9117=DIRECTION('center_axis',(0.,0.,-1.));
#9118=DIRECTION('ref_axis',(0.,-1.,0.));
#9119=DIRECTION('',(0.,1.,0.));
#9120=DIRECTION('',(0.,-1.,0.));
#9121=DIRECTION('',(-1.,0.,0.));
#9122=DIRECTION('center_axis',(0.,0.866025403784439,-0.499999999999999));
#9123=DIRECTION('ref_axis',(0.,-0.499999999999999,-0.866025403784439));
#9124=DIRECTION('',(0.,0.499999999999999,0.866025403784439));
#9125=DIRECTION('',(0.,-0.499999999999999,-0.866025403784439));
#9126=DIRECTION('center_axis',(1.,0.,0.));
#9127=DIRECTION('ref_axis',(0.,0.,-1.));
#9128=DIRECTION('center_axis',(1.,0.,0.));
#9129=DIRECTION('ref_axis',(0.,0.,-1.));
#9130=DIRECTION('center_axis',(0.,-3.05232172441835E-16,-1.));
#9131=DIRECTION('ref_axis',(0.,1.,-3.05232172441835E-16));
#9132=DIRECTION('',(0.,1.,-3.05232172441835E-16));
#9133=DIRECTION('',(1.,0.,0.));
#9134=DIRECTION('',(0.,1.,-3.05232172441835E-16));
#9135=DIRECTION('',(1.,0.,0.));
#9136=DIRECTION('center_axis',(0.,-0.866025403784439,-0.5));
#9137=DIRECTION('ref_axis',(0.,0.5,-0.866025403784439));
#9138=DIRECTION('',(0.,0.5,-0.866025403784439));
#9139=DIRECTION('',(1.,0.,0.));
#9140=DIRECTION('',(0.,0.5,-0.866025403784439));
#9141=DIRECTION('center_axis',(0.,-0.866025403784439,0.5));
#9142=DIRECTION('ref_axis',(0.,-0.5,-0.866025403784439));
#9143=DIRECTION('',(0.,-0.5,-0.866025403784439));
#9144=DIRECTION('',(1.,0.,0.));
#9145=DIRECTION('',(0.,-0.5,-0.866025403784439));
#9146=DIRECTION('center_axis',(0.,0.,1.));
#9147=DIRECTION('ref_axis',(0.,-1.,0.));
#9148=DIRECTION('',(0.,-1.,0.));
#9149=DIRECTION('',(1.,0.,0.));
#9150=DIRECTION('',(0.,-1.,0.));
#9151=DIRECTION('center_axis',(0.,0.866025403784438,0.5));
#9152=DIRECTION('ref_axis',(0.,-0.5,0.866025403784438));
#9153=DIRECTION('',(0.,-0.5,0.866025403784438));
#9154=DIRECTION('',(1.,0.,0.));
#9155=DIRECTION('',(0.,-0.5,0.866025403784438));
#9156=DIRECTION('center_axis',(0.,0.866025403784438,-0.5));
#9157=DIRECTION('ref_axis',(0.,0.5,0.866025403784438));
#9158=DIRECTION('',(0.,0.5,0.866025403784438));
#9159=DIRECTION('',(0.,0.5,0.866025403784438));
#9160=DIRECTION('center_axis',(1.,0.,0.));
#9161=DIRECTION('ref_axis',(0.,0.,-1.));
#9162=DIRECTION('center_axis',(-1.,0.,0.));
#9163=DIRECTION('ref_axis',(0.,0.,-1.));
#9164=DIRECTION('center_axis',(0.,0.,-1.));
#9165=DIRECTION('ref_axis',(0.,1.,0.));
#9166=DIRECTION('',(0.,1.,0.));
#9167=DIRECTION('',(1.,0.,0.));
#9168=DIRECTION('',(0.,1.,0.));
#9169=DIRECTION('',(1.,0.,0.));
#9170=DIRECTION('center_axis',(0.,-0.866025403784439,-0.5));
#9171=DIRECTION('ref_axis',(0.,0.5,-0.866025403784439));
#9172=DIRECTION('',(0.,0.5,-0.866025403784439));
#9173=DIRECTION('',(1.,0.,0.));
#9174=DIRECTION('',(0.,0.5,-0.866025403784439));
#9175=DIRECTION('center_axis',(0.,-0.866025403784438,0.5));
#9176=DIRECTION('ref_axis',(0.,-0.5,-0.866025403784438));
#9177=DIRECTION('',(0.,-0.5,-0.866025403784438));
#9178=DIRECTION('',(1.,0.,0.));
#9179=DIRECTION('',(0.,-0.5,-0.866025403784438));
#9180=DIRECTION('center_axis',(0.,0.,1.));
#9181=DIRECTION('ref_axis',(0.,-1.,0.));
#9182=DIRECTION('',(0.,-1.,0.));
#9183=DIRECTION('',(1.,0.,0.));
#9184=DIRECTION('',(0.,-1.,0.));
#9185=DIRECTION('center_axis',(0.,0.866025403784438,0.500000000000001));
#9186=DIRECTION('ref_axis',(0.,-0.500000000000001,0.866025403784438));
#9187=DIRECTION('',(0.,-0.500000000000001,0.866025403784438));
#9188=DIRECTION('',(1.,0.,0.));
#9189=DIRECTION('',(0.,-0.500000000000001,0.866025403784438));
#9190=DIRECTION('center_axis',(0.,0.866025403784438,-0.500000000000001));
#9191=DIRECTION('ref_axis',(0.,0.500000000000001,0.866025403784438));
#9192=DIRECTION('',(0.,0.500000000000001,0.866025403784438));
#9193=DIRECTION('',(0.,0.500000000000001,0.866025403784438));
#9194=DIRECTION('center_axis',(1.,0.,0.));
#9195=DIRECTION('ref_axis',(0.,0.,-1.));
#9196=DIRECTION('center_axis',(-1.,0.,0.));
#9197=DIRECTION('ref_axis',(0.,0.,-1.));
#9198=DIRECTION('center_axis',(0.,0.,-1.));
#9199=DIRECTION('ref_axis',(0.,1.,0.));
#9200=DIRECTION('',(0.,1.,0.));
#9201=DIRECTION('',(1.,0.,0.));
#9202=DIRECTION('',(0.,1.,0.));
#9203=DIRECTION('',(1.,0.,0.));
#9204=DIRECTION('center_axis',(0.,-0.866025403784439,-0.499999999999999));
#9205=DIRECTION('ref_axis',(0.,0.499999999999999,-0.866025403784439));
#9206=DIRECTION('',(0.,0.499999999999999,-0.866025403784439));
#9207=DIRECTION('',(1.,0.,0.));
#9208=DIRECTION('',(0.,0.499999999999999,-0.866025403784439));
#9209=DIRECTION('center_axis',(0.,-0.866025403784438,0.500000000000001));
#9210=DIRECTION('ref_axis',(0.,-0.500000000000001,-0.866025403784438));
#9211=DIRECTION('',(0.,-0.500000000000001,-0.866025403784438));
#9212=DIRECTION('',(1.,0.,0.));
#9213=DIRECTION('',(0.,-0.500000000000001,-0.866025403784438));
#9214=DIRECTION('center_axis',(0.,0.,1.));
#9215=DIRECTION('ref_axis',(0.,-1.,0.));
#9216=DIRECTION('',(0.,-1.,0.));
#9217=DIRECTION('',(1.,0.,0.));
#9218=DIRECTION('',(0.,-1.,0.));
#9219=DIRECTION('center_axis',(0.,0.866025403784438,0.500000000000001));
#9220=DIRECTION('ref_axis',(0.,-0.500000000000001,0.866025403784438));
#9221=DIRECTION('',(0.,-0.500000000000001,0.866025403784438));
#9222=DIRECTION('',(1.,0.,0.));
#9223=DIRECTION('',(0.,-0.500000000000001,0.866025403784438));
#9224=DIRECTION('center_axis',(0.,0.866025403784438,-0.500000000000001));
#9225=DIRECTION('ref_axis',(0.,0.500000000000001,0.866025403784438));
#9226=DIRECTION('',(0.,0.500000000000001,0.866025403784438));
#9227=DIRECTION('',(0.,0.500000000000001,0.866025403784438));
#9228=DIRECTION('center_axis',(1.,0.,0.));
#9229=DIRECTION('ref_axis',(0.,0.,-1.));
#9230=DIRECTION('center_axis',(-1.,0.,0.));
#9231=DIRECTION('ref_axis',(0.,0.,-1.));
#9232=DIRECTION('center_axis',(-1.,0.,0.));
#9233=DIRECTION('ref_axis',(0.,0.,-1.));
#9234=DIRECTION('center_axis',(-1.,0.,0.));
#9235=DIRECTION('ref_axis',(0.,0.,-1.));
#9236=DIRECTION('',(-1.,0.,0.));
#9237=DIRECTION('center_axis',(-1.,0.,0.));
#9238=DIRECTION('ref_axis',(0.,0.,-1.));
#9239=DIRECTION('center_axis',(1.,0.,0.));
#9240=DIRECTION('ref_axis',(0.,0.,-1.));
#9241=DIRECTION('center_axis',(1.,0.,0.));
#9242=DIRECTION('ref_axis',(0.,0.,-1.));
#9243=DIRECTION('center_axis',(-1.,0.,0.));
#9244=DIRECTION('ref_axis',(0.,0.,-1.));
#9245=DIRECTION('center_axis',(-1.,0.,0.));
#9246=DIRECTION('ref_axis',(0.,0.,-1.));
#9247=DIRECTION('',(-1.,0.,0.));
#9248=DIRECTION('center_axis',(-1.,0.,0.));
#9249=DIRECTION('ref_axis',(0.,0.,-1.));
#9250=DIRECTION('center_axis',(1.,0.,0.));
#9251=DIRECTION('ref_axis',(0.,0.,-1.));
#9252=DIRECTION('center_axis',(1.,0.,0.));
#9253=DIRECTION('ref_axis',(0.,0.,-1.));
#9254=DIRECTION('center_axis',(-1.,0.,0.));
#9255=DIRECTION('ref_axis',(0.,0.,-1.));
#9256=DIRECTION('center_axis',(-1.,0.,0.));
#9257=DIRECTION('ref_axis',(0.,0.,-1.));
#9258=DIRECTION('',(-1.,0.,0.));
#9259=DIRECTION('center_axis',(-1.,0.,0.));
#9260=DIRECTION('ref_axis',(0.,0.,-1.));
#9261=DIRECTION('center_axis',(1.,0.,0.));
#9262=DIRECTION('ref_axis',(0.,0.,-1.));
#9263=DIRECTION('center_axis',(1.,0.,0.));
#9264=DIRECTION('ref_axis',(0.,0.,-1.));
#9265=DIRECTION('center_axis',(1.,0.,0.));
#9266=DIRECTION('ref_axis',(0.,0.,-1.));
#9267=DIRECTION('',(1.,0.,0.));
#9268=DIRECTION('center_axis',(-1.,0.,0.));
#9269=DIRECTION('ref_axis',(0.,0.,-1.));
#9270=DIRECTION('center_axis',(1.,0.,0.));
#9271=DIRECTION('ref_axis',(0.,0.,-1.));
#9272=DIRECTION('center_axis',(1.,0.,0.));
#9273=DIRECTION('ref_axis',(0.,0.,-1.));
#9274=DIRECTION('',(1.,0.,0.));
#9275=DIRECTION('center_axis',(1.,0.,0.));
#9276=DIRECTION('ref_axis',(0.,0.,-1.));
#9277=DIRECTION('',(1.,0.,0.));
#9278=DIRECTION('center_axis',(-1.,0.,0.));
#9279=DIRECTION('ref_axis',(0.,0.,-1.));
#9280=DIRECTION('center_axis',(1.,0.,0.));
#9281=DIRECTION('ref_axis',(0.,0.,-1.));
#9282=DIRECTION('center_axis',(1.,0.,0.));
#9283=DIRECTION('ref_axis',(0.,0.,-1.));
#9284=DIRECTION('',(1.,0.,0.));
#9285=DIRECTION('center_axis',(1.,0.,0.));
#9286=DIRECTION('ref_axis',(0.,0.,-1.));
#9287=DIRECTION('',(1.,0.,0.));
#9288=DIRECTION('center_axis',(-1.,0.,0.));
#9289=DIRECTION('ref_axis',(0.,0.,-1.));
#9290=DIRECTION('center_axis',(1.,0.,0.));
#9291=DIRECTION('ref_axis',(0.,0.,-1.));
#9292=DIRECTION('center_axis',(1.,0.,0.));
#9293=DIRECTION('ref_axis',(0.,0.,-1.));
#9294=DIRECTION('',(1.,0.,0.));
#9295=DIRECTION('center_axis',(0.,1.,0.));
#9296=DIRECTION('ref_axis',(1.,0.,0.));
#9297=DIRECTION('center_axis',(0.,1.,0.));
#9298=DIRECTION('ref_axis',(1.,0.,0.));
#9299=DIRECTION('',(0.,1.,0.));
#9300=DIRECTION('center_axis',(0.,-1.,0.));
#9301=DIRECTION('ref_axis',(1.,0.,0.));
#9302=DIRECTION('center_axis',(0.,1.,0.));
#9303=DIRECTION('ref_axis',(1.,0.,0.));
#9304=DIRECTION('center_axis',(0.,1.,0.));
#9305=DIRECTION('ref_axis',(1.,0.,0.));
#9306=DIRECTION('center_axis',(0.,1.,0.));
#9307=DIRECTION('ref_axis',(1.,0.,0.));
#9308=DIRECTION('center_axis',(0.,1.,0.));
#9309=DIRECTION('ref_axis',(1.,0.,0.));
#9310=DIRECTION('',(0.,1.,0.));
#9311=DIRECTION('center_axis',(0.,1.,0.));
#9312=DIRECTION('ref_axis',(1.,0.,0.));
#9313=DIRECTION('center_axis',(0.,1.,0.));
#9314=DIRECTION('ref_axis',(1.,0.,0.));
#9315=DIRECTION('center_axis',(0.,1.,0.));
#9316=DIRECTION('ref_axis',(1.,0.,0.));
#9317=DIRECTION('center_axis',(0.,1.,0.));
#9318=DIRECTION('ref_axis',(1.,0.,0.));
#9319=DIRECTION('',(0.,1.,0.));
#9320=DIRECTION('center_axis',(0.,1.,0.));
#9321=DIRECTION('ref_axis',(1.,0.,0.));
#9322=DIRECTION('center_axis',(0.,1.,0.));
#9323=DIRECTION('ref_axis',(1.,0.,0.));
#9324=DIRECTION('center_axis',(0.,1.,0.));
#9325=DIRECTION('ref_axis',(1.,0.,0.));
#9326=DIRECTION('center_axis',(0.,1.,0.));
#9327=DIRECTION('ref_axis',(1.,0.,0.));
#9328=DIRECTION('',(0.,1.,0.));
#9329=DIRECTION('center_axis',(1.,0.,0.));
#9330=DIRECTION('ref_axis',(0.,1.,0.));
#9331=DIRECTION('',(0.,1.,0.));
#9332=DIRECTION('',(0.,0.,1.));
#9333=DIRECTION('',(0.,-1.,0.));
#9334=DIRECTION('',(0.,0.,1.));
#9335=DIRECTION('',(0.,0.79387814600164,0.60807687778849));
#9336=DIRECTION('center_axis',(0.,-1.,0.));
#9337=DIRECTION('ref_axis',(1.,0.,0.));
#9338=DIRECTION('',(1.,0.,0.));
#9339=DIRECTION('',(0.,0.,1.));
#9340=DIRECTION('',(-1.,0.,0.));
#9341=DIRECTION('center_axis',(-1.,0.,0.));
#9342=DIRECTION('ref_axis',(0.,-1.,0.));
#9343=DIRECTION('',(0.,-1.,0.));
#9344=DIRECTION('',(0.,-0.79387814600164,-0.60807687778849));
#9345=DIRECTION('',(0.,0.,-1.));
#9346=DIRECTION('',(0.,1.,0.));
#9347=DIRECTION('center_axis',(0.,0.,-1.));
#9348=DIRECTION('ref_axis',(0.,1.,0.));
#9349=DIRECTION('',(-1.,0.,0.));
#9350=DIRECTION('',(0.,1.,0.));
#9351=DIRECTION('',(1.,0.,0.));
#9352=DIRECTION('',(0.,-1.,0.));
#9353=DIRECTION('',(-1.,0.,0.));
#9354=DIRECTION('center_axis',(0.,0.60807687778849,-0.79387814600164));
#9355=DIRECTION('ref_axis',(0.,0.79387814600164,0.60807687778849));
#9356=DIRECTION('',(1.,0.,0.));
#9357=DIRECTION('',(0.,0.79387814600164,0.60807687778849));
#9358=DIRECTION('center_axis',(0.,1.,0.));
#9359=DIRECTION('ref_axis',(0.,0.,1.));
#9360=DIRECTION('',(1.,0.,0.));
#9361=DIRECTION('',(0.,0.,1.));
#9362=DIRECTION('center_axis',(-1.,0.,0.));
#9363=DIRECTION('ref_axis',(0.,0.,1.));
#9364=DIRECTION('',(0.,-0.79387814600164,-0.60807687778849));
#9365=DIRECTION('',(0.,0.,1.));
#9366=DIRECTION('',(0.,1.,0.));
#9367=DIRECTION('',(0.,0.,-1.));
#9368=DIRECTION('center_axis',(0.,-1.,0.));
#9369=DIRECTION('ref_axis',(0.,0.,-1.));
#9370=DIRECTION('',(0.,0.,-1.));
#9371=DIRECTION('',(1.,0.,0.));
#9372=DIRECTION('center_axis',(0.,0.,1.));
#9373=DIRECTION('ref_axis',(0.,-1.,0.));
#9374=DIRECTION('',(1.,0.,0.));
#9375=DIRECTION('',(0.,-1.,0.));
#9376=DIRECTION('center_axis',(0.,1.,0.));
#9377=DIRECTION('ref_axis',(0.,0.,1.));
#9378=DIRECTION('',(1.,0.,0.));
#9379=DIRECTION('center_axis',(0.,0.60807687778849,-0.79387814600164));
#9380=DIRECTION('ref_axis',(0.,0.79387814600164,0.60807687778849));
#9381=DIRECTION('center_axis',(1.,0.,0.));
#9382=DIRECTION('ref_axis',(0.,0.,-1.));
#9383=DIRECTION('center_axis',(1.,0.,0.));
#9384=DIRECTION('ref_axis',(0.,0.,-1.));
#9385=DIRECTION('center_axis',(1.,0.,0.));
#9386=DIRECTION('ref_axis',(0.,0.,-1.));
#9387=DIRECTION('',(1.,0.,0.));
#9388=DIRECTION('center_axis',(-1.,0.,0.));
#9389=DIRECTION('ref_axis',(0.,0.,-1.));
#9390=DIRECTION('center_axis',(1.,0.,0.));
#9391=DIRECTION('ref_axis',(0.,0.,-1.));
#9392=DIRECTION('center_axis',(1.,0.,0.));
#9393=DIRECTION('ref_axis',(0.,0.,-1.));
#9394=DIRECTION('',(1.,0.,0.));
#9395=DIRECTION('center_axis',(-1.,0.,0.));
#9396=DIRECTION('ref_axis',(0.,0.,-1.));
#9397=DIRECTION('center_axis',(1.,0.,0.));
#9398=DIRECTION('ref_axis',(0.,0.,-1.));
#9399=DIRECTION('center_axis',(1.,0.,0.));
#9400=DIRECTION('ref_axis',(0.,0.,-1.));
#9401=DIRECTION('',(1.,0.,0.));
#9402=DIRECTION('center_axis',(-1.,0.,0.));
#9403=DIRECTION('ref_axis',(0.,0.,-1.));
#9404=DIRECTION('center_axis',(0.,0.,-1.));
#9405=DIRECTION('ref_axis',(0.,1.,0.));
#9406=DIRECTION('',(0.,1.,0.));
#9407=DIRECTION('',(1.,0.,0.));
#9408=DIRECTION('',(0.,-1.,0.));
#9409=DIRECTION('',(1.,0.,0.));
#9410=DIRECTION('center_axis',(0.,0.584478495976725,-0.81140919870358));
#9411=DIRECTION('ref_axis',(0.,0.81140919870358,0.584478495976725));
#9412=DIRECTION('',(0.,0.81140919870358,0.584478495976725));
#9413=DIRECTION('',(0.,-0.81140919870358,-0.584478495976725));
#9414=DIRECTION('',(1.,0.,0.));
#9415=DIRECTION('center_axis',(0.,0.382602099302437,0.923913217574772));
#9416=DIRECTION('ref_axis',(0.,-0.923913217574772,0.382602099302437));
#9417=DIRECTION('',(0.,-0.923913217574772,0.382602099302437));
#9418=DIRECTION('',(0.,0.923913217574772,-0.382602099302437));
#9419=DIRECTION('',(1.,0.,0.));
#9420=DIRECTION('center_axis',(0.,0.372650138871661,0.927971914445115));
#9421=DIRECTION('ref_axis',(0.,-0.927971914445115,0.372650138871661));
#9422=DIRECTION('',(0.,-0.927971914445115,0.372650138871661));
#9423=DIRECTION('',(0.,0.927971914445115,-0.372650138871661));
#9424=DIRECTION('',(-1.,0.,0.));
#9425=DIRECTION('center_axis',(0.,-0.686581588754613,0.727052764235988));
#9426=DIRECTION('ref_axis',(0.,-0.727052764235988,-0.686581588754613));
#9427=DIRECTION('',(0.,-0.727052764235988,-0.686581588754613));
#9428=DIRECTION('',(1.,0.,0.));
#9429=DIRECTION('',(0.,0.727052764235988,0.686581588754613));
#9430=DIRECTION('center_axis',(0.,0.355429211126465,0.934703202026193));
#9431=DIRECTION('ref_axis',(0.,-0.934703202026194,0.355429211126465));
#9432=DIRECTION('',(0.,-0.934703202026194,0.355429211126465));
#9433=DIRECTION('',(0.,0.934703202026194,-0.355429211126465));
#9434=DIRECTION('center_axis',(0.,0.132163720091018,0.991227900682635));
#9435=DIRECTION('ref_axis',(0.,-0.991227900682635,0.132163720091018));
#9436=DIRECTION('',(0.,-0.991227900682635,0.132163720091018));
#9437=DIRECTION('',(1.,0.,0.));
#9438=DIRECTION('',(0.,0.991227900682635,-0.132163720091018));
#9439=DIRECTION('',(1.,0.,0.));
#9440=DIRECTION('center_axis',(0.,0.119735377891497,0.99280584168365));
#9441=DIRECTION('ref_axis',(0.,-0.99280584168365,0.119735377891497));
#9442=DIRECTION('',(0.,-0.99280584168365,0.119735377891497));
#9443=DIRECTION('',(0.,0.99280584168365,-0.119735377891497));
#9444=DIRECTION('',(1.,0.,0.));
#9445=DIRECTION('center_axis',(0.,0.11017423951133,0.993912288357529));
#9446=DIRECTION('ref_axis',(0.,-0.993912288357529,0.11017423951133));
#9447=DIRECTION('',(0.,-0.993912288357529,0.11017423951133));
#9448=DIRECTION('',(0.,0.993912288357529,-0.11017423951133));
#9449=DIRECTION('',(1.,0.,0.));
#9450=DIRECTION('center_axis',(0.,0.0995037190210009,0.995037190209989));
#9451=DIRECTION('ref_axis',(0.,-0.995037190209989,0.0995037190210009));
#9452=DIRECTION('',(0.,-0.995037190209989,0.0995037190210009));
#9453=DIRECTION('',(0.,0.995037190209989,-0.0995037190210009));
#9454=DIRECTION('',(1.,0.,0.));
#9455=DIRECTION('center_axis',(0.,0.0929294516015967,0.995672695731397));
#9456=DIRECTION('ref_axis',(0.,-0.995672695731397,0.0929294516015967));
#9457=DIRECTION('',(0.,-0.995672695731397,0.0929294516015967));
#9458=DIRECTION('',(0.,0.995672695731397,-0.0929294516015967));
#9459=DIRECTION('',(-1.,0.,0.));
#9460=DIRECTION('center_axis',(0.,0.988801863017055,-0.149234297981397));
#9461=DIRECTION('ref_axis',(0.,0.149234297981397,0.988801863017055));
#9462=DIRECTION('',(0.,0.149234297981397,0.988801863017055));
#9463=DIRECTION('',(1.,0.,0.));
#9464=DIRECTION('',(0.,-0.149234297981397,-0.988801863017055));
#9465=DIRECTION('center_axis',(0.,0.,-1.));
#9466=DIRECTION('ref_axis',(0.,1.,0.));
#9467=DIRECTION('',(0.,1.,0.));
#9468=DIRECTION('',(1.,0.,0.));
#9469=DIRECTION('',(0.,-1.,0.));
#9470=DIRECTION('center_axis',(0.,-1.,0.));
#9471=DIRECTION('ref_axis',(0.,0.,-1.));
#9472=DIRECTION('',(0.,0.,-1.));
#9473=DIRECTION('',(0.,0.,1.));
#9474=DIRECTION('center_axis',(0.,0.930853848312218,-0.365391725525271));
#9475=DIRECTION('ref_axis',(0.,0.365391725525271,0.930853848312218));
#9476=DIRECTION('',(0.,0.365391725525271,0.930853848312218));
#9477=DIRECTION('',(1.,0.,0.));
#9478=DIRECTION('',(0.,-0.365391725525271,-0.930853848312218));
#9479=DIRECTION('',(1.,0.,0.));
#9480=DIRECTION('center_axis',(0.,0.196116135138184,0.98058067569092));
#9481=DIRECTION('ref_axis',(0.,-0.98058067569092,0.196116135138184));
#9482=DIRECTION('',(0.,-0.98058067569092,0.196116135138184));
#9483=DIRECTION('',(0.,0.98058067569092,-0.196116135138184));
#9484=DIRECTION('',(1.,0.,0.));
#9485=DIRECTION('center_axis',(0.,0.183689005799344,0.982984409412707));
#9486=DIRECTION('ref_axis',(0.,-0.982984409412707,0.183689005799344));
#9487=DIRECTION('',(0.,-0.982984409412707,0.183689005799344));
#9488=DIRECTION('',(0.,0.982984409412707,-0.183689005799344));
#9489=DIRECTION('',(1.,0.,0.));
#9490=DIRECTION('center_axis',(0.,0.172323843886197,0.985040350862992));
#9491=DIRECTION('ref_axis',(0.,-0.985040350862991,0.172323843886197));
#9492=DIRECTION('',(0.,-0.985040350862991,0.172323843886197));
#9493=DIRECTION('',(0.,0.985040350862991,-0.172323843886197));
#9494=DIRECTION('',(1.,0.,0.));
#9495=DIRECTION('center_axis',(0.,0.164398987305357,0.986393923832144));
#9496=DIRECTION('ref_axis',(0.,-0.986393923832144,0.164398987305357));
#9497=DIRECTION('',(0.,-0.986393923832144,0.164398987305357));
#9498=DIRECTION('',(0.,0.986393923832144,-0.164398987305357));
#9499=DIRECTION('',(-1.,0.,0.));
#9500=DIRECTION('center_axis',(0.,0.,-1.));
#9501=DIRECTION('ref_axis',(0.,1.,0.));
#9502=DIRECTION('',(0.,1.,0.));
#9503=DIRECTION('',(1.,0.,0.));
#9504=DIRECTION('',(0.,-1.,0.));
#9505=DIRECTION('center_axis',(0.,-0.988840159699834,0.148980329455964));
#9506=DIRECTION('ref_axis',(0.,-0.148980329455964,-0.988840159699834));
#9507=DIRECTION('',(0.,-0.148980329455964,-0.988840159699834));
#9508=DIRECTION('',(1.,0.,0.));
#9509=DIRECTION('',(0.,0.148980329455964,0.988840159699834));
#9510=DIRECTION('center_axis',(0.,0.152941176470588,0.988235294117647));
#9511=DIRECTION('ref_axis',(0.,-0.988235294117647,0.152941176470588));
#9512=DIRECTION('',(0.,-0.988235294117647,0.152941176470588));
#9513=DIRECTION('',(0.,0.988235294117647,-0.152941176470588));
#9514=DIRECTION('center_axis',(0.,0.826396113828401,-0.563089214112041));
#9515=DIRECTION('ref_axis',(0.,0.563089214112041,0.826396113828401));
#9516=DIRECTION('',(0.,0.563089214112041,0.826396113828401));
#9517=DIRECTION('',(1.,0.,0.));
#9518=DIRECTION('',(0.,-0.563089214112041,-0.826396113828401));
#9519=DIRECTION('',(1.,0.,0.));
#9520=DIRECTION('center_axis',(0.,0.261732970242704,0.965140327769973));
#9521=DIRECTION('ref_axis',(0.,-0.965140327769973,0.261732970242704));
#9522=DIRECTION('',(0.,-0.965140327769973,0.261732970242704));
#9523=DIRECTION('',(0.,0.965140327769973,-0.261732970242704));
#9524=DIRECTION('',(1.,0.,0.));
#9525=DIRECTION('center_axis',(0.,0.250460658987594,0.96812677800973));
#9526=DIRECTION('ref_axis',(0.,-0.96812677800973,0.250460658987594));
#9527=DIRECTION('',(0.,-0.96812677800973,0.250460658987594));
#9528=DIRECTION('',(0.,0.96812677800973,-0.250460658987594));
#9529=DIRECTION('',(1.,0.,0.));
#9530=DIRECTION('center_axis',(0.,0.237005333459067,0.971508348863743));
#9531=DIRECTION('ref_axis',(0.,-0.971508348863743,0.237005333459067));
#9532=DIRECTION('',(0.,-0.971508348863743,0.237005333459067));
#9533=DIRECTION('',(0.,0.971508348863743,-0.237005333459067));
#9534=DIRECTION('',(1.,0.,0.));
#9535=DIRECTION('center_axis',(0.,0.228768026856,0.973480965344681));
#9536=DIRECTION('ref_axis',(0.,-0.973480965344681,0.228768026856));
#9537=DIRECTION('',(0.,-0.973480965344681,0.228768026856));
#9538=DIRECTION('',(0.,0.973480965344681,-0.228768026856));
#9539=DIRECTION('',(-1.,0.,0.));
#9540=DIRECTION('center_axis',(0.,0.,-1.));
#9541=DIRECTION('ref_axis',(0.,1.,0.));
#9542=DIRECTION('',(0.,1.,0.));
#9543=DIRECTION('',(1.,0.,0.));
#9544=DIRECTION('',(0.,-1.,0.));
#9545=DIRECTION('center_axis',(0.,-0.930916138481379,0.365232998392694));
#9546=DIRECTION('ref_axis',(0.,-0.365232998392694,-0.930916138481379));
#9547=DIRECTION('',(0.,-0.365232998392695,-0.930916138481379));
#9548=DIRECTION('',(1.,0.,0.));
#9549=DIRECTION('',(0.,0.365232998392695,0.930916138481379));
#9550=DIRECTION('center_axis',(0.,0.215285157106786,0.976551228113255));
#9551=DIRECTION('ref_axis',(0.,-0.976551228113255,0.215285157106786));
#9552=DIRECTION('',(0.,-0.976551228113255,0.215285157106786));
#9553=DIRECTION('',(0.,0.976551228113255,-0.215285157106786));
#9554=DIRECTION('center_axis',(0.,0.686758953165628,-0.726885231826078));
#9555=DIRECTION('ref_axis',(0.,0.726885231826078,0.686758953165628));
#9556=DIRECTION('',(0.,0.726885231826078,0.686758953165628));
#9557=DIRECTION('',(1.,0.,0.));
#9558=DIRECTION('',(0.,-0.726885231826078,-0.686758953165628));
#9559=DIRECTION('',(1.,0.,0.));
#9560=DIRECTION('center_axis',(0.,0.331137932096664,0.943582359906514));
#9561=DIRECTION('ref_axis',(0.,-0.943582359906514,0.331137932096663));
#9562=DIRECTION('',(0.,-0.943582359906514,0.331137932096663));
#9563=DIRECTION('',(0.,0.943582359906514,-0.331137932096663));
#9564=DIRECTION('',(1.,0.,0.));
#9565=DIRECTION('center_axis',(0.,0.320807033680389,0.947144575627813));
#9566=DIRECTION('ref_axis',(0.,-0.947144575627813,0.320807033680389));
#9567=DIRECTION('',(0.,-0.947144575627813,0.320807033680389));
#9568=DIRECTION('',(0.,0.947144575627813,-0.320807033680389));
#9569=DIRECTION('',(1.,0.,0.));
#9570=DIRECTION('center_axis',(0.,0.309127188956078,0.951020704847225));
#9571=DIRECTION('ref_axis',(0.,-0.951020704847225,0.309127188956078));
#9572=DIRECTION('',(0.,-0.951020704847225,0.309127188956078));
#9573=DIRECTION('',(0.,0.951020704847225,-0.309127188956078));
#9574=DIRECTION('',(1.,0.,0.));
#9575=DIRECTION('center_axis',(0.,0.293758173362203,0.95587977046431));
#9576=DIRECTION('ref_axis',(0.,-0.95587977046431,0.293758173362203));
#9577=DIRECTION('',(0.,-0.95587977046431,0.293758173362203));
#9578=DIRECTION('',(0.,0.95587977046431,-0.293758173362203));
#9579=DIRECTION('',(-1.,0.,0.));
#9580=DIRECTION('center_axis',(0.,0.,-1.));
#9581=DIRECTION('ref_axis',(0.,1.,0.));
#9582=DIRECTION('',(0.,1.,0.));
#9583=DIRECTION('',(1.,0.,0.));
#9584=DIRECTION('',(0.,-1.,0.));
#9585=DIRECTION('center_axis',(0.,-0.826301655548369,0.563227817173499));
#9586=DIRECTION('ref_axis',(0.,-0.563227817173499,-0.826301655548369));
#9587=DIRECTION('',(0.,-0.563227817173499,-0.826301655548369));
#9588=DIRECTION('',(1.,0.,0.));
#9589=DIRECTION('',(0.,0.563227817173499,0.826301655548369));
#9590=DIRECTION('center_axis',(0.,0.28415414437836,0.958778609603177));
#9591=DIRECTION('ref_axis',(0.,-0.958778609603177,0.28415414437836));
#9592=DIRECTION('',(0.,-0.958778609603177,0.28415414437836));
#9593=DIRECTION('',(0.,0.958778609603177,-0.28415414437836));
#9594=DIRECTION('center_axis',(0.,0.,-1.));
#9595=DIRECTION('ref_axis',(0.,1.,0.));
#9596=DIRECTION('',(0.,1.,0.));
#9597=DIRECTION('',(1.,0.,0.));
#9598=DIRECTION('',(0.,-1.,0.));
#9599=DIRECTION('',(1.,0.,0.));
#9600=DIRECTION('center_axis',(0.,0.441446332790508,0.897287654693751));
#9601=DIRECTION('ref_axis',(0.,-0.897287654693751,0.441446332790508));
#9602=DIRECTION('',(0.,-0.897287654693751,0.441446332790508));
#9603=DIRECTION('',(0.,0.897287654693751,-0.441446332790508));
#9604=DIRECTION('',(1.,0.,0.));
#9605=DIRECTION('center_axis',(0.,0.424790674352246,0.90529160107855));
#9606=DIRECTION('ref_axis',(0.,-0.90529160107855,0.424790674352246));
#9607=DIRECTION('',(0.,-0.90529160107855,0.424790674352246));
#9608=DIRECTION('',(0.,0.90529160107855,-0.424790674352246));
#9609=DIRECTION('',(-1.,0.,0.));
#9610=DIRECTION('center_axis',(0.,-0.585027786124875,0.811013248635205));
#9611=DIRECTION('ref_axis',(0.,-0.811013248635205,-0.585027786124875));
#9612=DIRECTION('',(0.,-0.811013248635205,-0.585027786124875));
#9613=DIRECTION('',(1.,0.,0.));
#9614=DIRECTION('',(0.,0.811013248635205,0.585027786124875));
#9615=DIRECTION('center_axis',(0.,0.409814921441035,0.912168696110691));
#9616=DIRECTION('ref_axis',(0.,-0.912168696110691,0.409814921441035));
#9617=DIRECTION('',(0.,-0.912168696110691,0.409814921441035));
#9618=DIRECTION('',(0.,0.912168696110691,-0.409814921441035));
#9619=DIRECTION('center_axis',(-1.,0.,0.));
#9620=DIRECTION('ref_axis',(0.,0.,1.));
#9621=DIRECTION('',(0.,0.190791693734172,0.981630546388022));
#9622=DIRECTION('',(0.,0.544373937592774,0.838842664669447));
#9623=DIRECTION('',(0.,0.766978756201997,0.641672492424943));
#9624=DIRECTION('',(0.,0.885483838727537,0.464670174803963));
#9625=DIRECTION('',(0.,0.982967672457606,0.183778548539476));
#9626=DIRECTION('',(0.,0.997597341612515,-0.069278741383217));
#9627=DIRECTION('',(0.,0.993947288195862,-0.109858036975416));
#9628=DIRECTION('',(0.,0.988730711132461,-0.149704979421183));
#9629=DIRECTION('',(0.,0.999795366316364,-0.0202293225869518));
#9630=DIRECTION('',(0.,0.976803965441026,0.214135501724228));
#9631=DIRECTION('',(0.,0.879958148627578,0.475051214779969));
#9632=DIRECTION('',(0.,0.667171024120627,0.744904574139422));
#9633=DIRECTION('',(0.,0.8375885960232,0.546301513645977));
#9634=DIRECTION('',(0.,0.942651269906031,0.333779243429765));
#9635=DIRECTION('',(0.,0.986026287350323,0.166589797569174));
#9636=DIRECTION('',(0.,0.999984335064513,-0.00559728734161038));
#9637=DIRECTION('',(0.,0.984137517066044,-0.177407292699826));
#9638=DIRECTION('',(0.,0.914630503276162,-0.404290789502797));
#9639=DIRECTION('',(0.,0.752597247346225,-0.658481118398154));
#9640=DIRECTION('',(0.,0.540581687958387,-0.841291530115489));
#9641=DIRECTION('',(0.,0.294818016019546,-0.955553419454035));
#9642=DIRECTION('',(0.,0.445033781960383,-0.895513781532165));
#9643=DIRECTION('',(0.,0.650890083816866,-0.7591719823524));
#9644=DIRECTION('',(0.,0.833859187106109,-0.551977224239134));
#9645=DIRECTION('',(0.,0.967513874140833,-0.25281792528418));
#9646=DIRECTION('',(0.,0.957621749413811,-0.288028792049739));
#9647=DIRECTION('',(0.,0.944799425071385,-0.327649273438507));
#9648=DIRECTION('',(0.,0.930330831017068,-0.366721344973389));
#9649=DIRECTION('',(0.,0.914253138022969,-0.405143430916945));
#9650=DIRECTION('',(0.,0.896593272755366,-0.442854946060019));
#9651=DIRECTION('',(0.,0.877375926176054,-0.47980358915572));
#9652=DIRECTION('',(0.,0.856637030792232,-0.515919564927972));
#9653=DIRECTION('',(0.,0.681665968623701,-0.731663520493069));
#9654=DIRECTION('',(0.,0.242214983038202,-0.970222604350055));
#9655=DIRECTION('',(0.,-0.20433184963242,-0.978901678017662));
#9656=DIRECTION('',(0.,-0.568036902496459,-0.823003084685731));
#9657=DIRECTION('',(0.,-0.8362280729589,-0.548381810416287));
#9658=DIRECTION('',(0.,-0.981373108419824,-0.192111483442329));
#9659=DIRECTION('',(0.,-1.,0.));
#9660=DIRECTION('',(0.,-0.991455019843988,0.130449007762259));
#9661=DIRECTION('',(0.,-0.915266556924236,0.402848767872081));
#9662=DIRECTION('',(0.,-0.744192290155561,0.667965444669873));
#9663=DIRECTION('',(0.,-0.4910060035632,0.871156188329564));
#9664=DIRECTION('',(0.,-0.195203033134163,0.980762854035175));
#9665=DIRECTION('',(0.,-8.3690659336999E-5,0.999999996497937));
#9666=DIRECTION('center_axis',(0.,-0.838842664669447,0.544373937592774));
#9667=DIRECTION('ref_axis',(0.,-0.544373937592774,-0.838842664669447));
#9668=DIRECTION('',(-1.,0.,0.));
#9669=DIRECTION('',(0.,-0.544373937592774,-0.838842664669447));
#9670=DIRECTION('',(1.,0.,0.));
#9671=DIRECTION('center_axis',(0.,-0.641672492424943,0.766978756201997));
#9672=DIRECTION('ref_axis',(0.,-0.766978756201997,-0.641672492424943));
#9673=DIRECTION('',(0.,-0.766978756201997,-0.641672492424943));
#9674=DIRECTION('',(1.,0.,0.));
#9675=DIRECTION('center_axis',(0.,-0.464670174803963,0.885483838727537));
#9676=DIRECTION('ref_axis',(0.,-0.885483838727537,-0.464670174803963));
#9677=DIRECTION('',(0.,-0.885483838727537,-0.464670174803963));
#9678=DIRECTION('',(1.,0.,0.));
#9679=DIRECTION('center_axis',(0.,-0.183778548539476,0.982967672457606));
#9680=DIRECTION('ref_axis',(0.,-0.982967672457606,-0.183778548539476));
#9681=DIRECTION('',(0.,-0.982967672457606,-0.183778548539476));
#9682=DIRECTION('',(1.,0.,0.));
#9683=DIRECTION('center_axis',(0.,0.069278741383217,0.997597341612515));
#9684=DIRECTION('ref_axis',(0.,-0.997597341612515,0.069278741383217));
#9685=DIRECTION('',(0.,-0.997597341612515,0.069278741383217));
#9686=DIRECTION('',(1.,0.,0.));
#9687=DIRECTION('center_axis',(0.,0.109858036975416,0.993947288195862));
#9688=DIRECTION('ref_axis',(0.,-0.993947288195862,0.109858036975416));
#9689=DIRECTION('',(0.,-0.993947288195862,0.109858036975416));
#9690=DIRECTION('',(1.,0.,0.));
#9691=DIRECTION('center_axis',(0.,0.149704979421183,0.988730711132462));
#9692=DIRECTION('ref_axis',(0.,-0.988730711132461,0.149704979421183));
#9693=DIRECTION('',(0.,-0.988730711132461,0.149704979421183));
#9694=DIRECTION('',(1.,0.,0.));
#9695=DIRECTION('center_axis',(0.,0.0202293225869518,0.999795366316364));
#9696=DIRECTION('ref_axis',(0.,-0.999795366316364,0.0202293225869518));
#9697=DIRECTION('',(0.,-0.999795366316364,0.0202293225869518));
#9698=DIRECTION('',(1.,0.,0.));
#9699=DIRECTION('center_axis',(0.,-0.214135501724228,0.976803965441026));
#9700=DIRECTION('ref_axis',(0.,-0.976803965441026,-0.214135501724228));
#9701=DIRECTION('',(0.,-0.976803965441026,-0.214135501724228));
#9702=DIRECTION('',(1.,0.,0.));
#9703=DIRECTION('center_axis',(0.,-0.475051214779969,0.879958148627578));
#9704=DIRECTION('ref_axis',(0.,-0.879958148627578,-0.475051214779969));
#9705=DIRECTION('',(0.,-0.879958148627578,-0.475051214779969));
#9706=DIRECTION('',(1.,0.,0.));
#9707=DIRECTION('center_axis',(0.,-0.744904574139422,0.667171024120627));
#9708=DIRECTION('ref_axis',(0.,-0.667171024120627,-0.744904574139422));
#9709=DIRECTION('',(0.,-0.667171024120627,-0.744904574139422));
#9710=DIRECTION('',(1.,0.,0.));
#9711=DIRECTION('center_axis',(0.,-0.546301513645977,0.8375885960232));
#9712=DIRECTION('ref_axis',(0.,-0.8375885960232,-0.546301513645977));
#9713=DIRECTION('',(0.,-0.8375885960232,-0.546301513645977));
#9714=DIRECTION('',(1.,0.,0.));
#9715=DIRECTION('center_axis',(0.,-0.333779243429765,0.942651269906032));
#9716=DIRECTION('ref_axis',(0.,-0.942651269906032,-0.333779243429765));
#9717=DIRECTION('',(0.,-0.942651269906031,-0.333779243429765));
#9718=DIRECTION('',(1.,0.,0.));
#9719=DIRECTION('center_axis',(0.,-0.166589797569174,0.986026287350323));
#9720=DIRECTION('ref_axis',(0.,-0.986026287350323,-0.166589797569174));
#9721=DIRECTION('',(0.,-0.986026287350323,-0.166589797569174));
#9722=DIRECTION('',(1.,0.,0.));
#9723=DIRECTION('center_axis',(0.,0.00559728734161038,0.999984335064513));
#9724=DIRECTION('ref_axis',(0.,-0.999984335064513,0.00559728734161038));
#9725=DIRECTION('',(0.,-0.999984335064513,0.00559728734161038));
#9726=DIRECTION('',(1.,0.,0.));
#9727=DIRECTION('center_axis',(0.,0.177407292699826,0.984137517066044));
#9728=DIRECTION('ref_axis',(0.,-0.984137517066044,0.177407292699826));
#9729=DIRECTION('',(0.,-0.984137517066044,0.177407292699826));
#9730=DIRECTION('',(1.,0.,0.));
#9731=DIRECTION('center_axis',(0.,0.404290789502797,0.914630503276162));
#9732=DIRECTION('ref_axis',(0.,-0.914630503276162,0.404290789502797));
#9733=DIRECTION('',(0.,-0.914630503276162,0.404290789502797));
#9734=DIRECTION('',(1.,0.,0.));
#9735=DIRECTION('center_axis',(0.,0.658481118398154,0.752597247346225));
#9736=DIRECTION('ref_axis',(0.,-0.752597247346225,0.658481118398154));
#9737=DIRECTION('',(0.,-0.752597247346225,0.658481118398154));
#9738=DIRECTION('',(1.,0.,0.));
#9739=DIRECTION('center_axis',(0.,0.841291530115489,0.540581687958387));
#9740=DIRECTION('ref_axis',(0.,-0.540581687958387,0.841291530115489));
#9741=DIRECTION('',(0.,-0.540581687958387,0.841291530115489));
#9742=DIRECTION('',(1.,0.,0.));
#9743=DIRECTION('center_axis',(0.,0.955553419454035,0.294818016019546));
#9744=DIRECTION('ref_axis',(0.,-0.294818016019546,0.955553419454035));
#9745=DIRECTION('',(0.,-0.294818016019546,0.955553419454035));
#9746=DIRECTION('',(1.,0.,0.));
#9747=DIRECTION('center_axis',(0.,0.895513781532165,0.445033781960383));
#9748=DIRECTION('ref_axis',(0.,-0.445033781960383,0.895513781532165));
#9749=DIRECTION('',(0.,-0.445033781960383,0.895513781532165));
#9750=DIRECTION('',(1.,0.,0.));
#9751=DIRECTION('center_axis',(0.,0.7591719823524,0.650890083816866));
#9752=DIRECTION('ref_axis',(0.,-0.650890083816866,0.7591719823524));
#9753=DIRECTION('',(0.,-0.650890083816866,0.7591719823524));
#9754=DIRECTION('',(1.,0.,0.));
#9755=DIRECTION('center_axis',(0.,0.551977224239134,0.833859187106109));
#9756=DIRECTION('ref_axis',(0.,-0.833859187106109,0.551977224239134));
#9757=DIRECTION('',(0.,-0.833859187106109,0.551977224239134));
#9758=DIRECTION('',(1.,0.,0.));
#9759=DIRECTION('center_axis',(0.,0.25281792528418,0.967513874140832));
#9760=DIRECTION('ref_axis',(0.,-0.967513874140833,0.25281792528418));
#9761=DIRECTION('',(0.,-0.967513874140833,0.25281792528418));
#9762=DIRECTION('',(1.,0.,0.));
#9763=DIRECTION('center_axis',(0.,0.288028792049739,0.957621749413811));
#9764=DIRECTION('ref_axis',(0.,-0.957621749413811,0.288028792049739));
#9765=DIRECTION('',(0.,-0.957621749413811,0.288028792049739));
#9766=DIRECTION('',(1.,0.,0.));
#9767=DIRECTION('center_axis',(0.,0.327649273438507,0.944799425071385));
#9768=DIRECTION('ref_axis',(0.,-0.944799425071385,0.327649273438507));
#9769=DIRECTION('',(0.,-0.944799425071385,0.327649273438507));
#9770=DIRECTION('',(1.,0.,0.));
#9771=DIRECTION('center_axis',(0.,0.366721344973389,0.930330831017068));
#9772=DIRECTION('ref_axis',(0.,-0.930330831017068,0.366721344973389));
#9773=DIRECTION('',(0.,-0.930330831017068,0.366721344973389));
#9774=DIRECTION('',(1.,0.,0.));
#9775=DIRECTION('center_axis',(0.,0.405143430916945,0.91425313802297));
#9776=DIRECTION('ref_axis',(0.,-0.914253138022969,0.405143430916945));
#9777=DIRECTION('',(0.,-0.914253138022969,0.405143430916945));
#9778=DIRECTION('',(1.,0.,0.));
#9779=DIRECTION('center_axis',(0.,0.442854946060019,0.896593272755366));
#9780=DIRECTION('ref_axis',(0.,-0.896593272755366,0.442854946060019));
#9781=DIRECTION('',(0.,-0.896593272755366,0.442854946060019));
#9782=DIRECTION('',(1.,0.,0.));
#9783=DIRECTION('center_axis',(0.,0.47980358915572,0.877375926176055));
#9784=DIRECTION('ref_axis',(0.,-0.877375926176054,0.47980358915572));
#9785=DIRECTION('',(0.,-0.877375926176054,0.47980358915572));
#9786=DIRECTION('',(1.,0.,0.));
#9787=DIRECTION('center_axis',(0.,0.515919564927972,0.856637030792232));
#9788=DIRECTION('ref_axis',(0.,-0.856637030792232,0.515919564927972));
#9789=DIRECTION('',(0.,-0.856637030792232,0.515919564927972));
#9790=DIRECTION('',(1.,0.,0.));
#9791=DIRECTION('center_axis',(0.,0.731663520493069,0.681665968623701));
#9792=DIRECTION('ref_axis',(0.,-0.681665968623701,0.731663520493069));
#9793=DIRECTION('',(0.,-0.681665968623701,0.731663520493069));
#9794=DIRECTION('',(1.,0.,0.));
#9795=DIRECTION('center_axis',(0.,0.970222604350055,0.242214983038202));
#9796=DIRECTION('ref_axis',(0.,-0.242214983038202,0.970222604350055));
#9797=DIRECTION('',(0.,-0.242214983038202,0.970222604350055));
#9798=DIRECTION('',(1.,0.,0.));
#9799=DIRECTION('center_axis',(0.,0.978901678017662,-0.20433184963242));
#9800=DIRECTION('ref_axis',(0.,0.20433184963242,0.978901678017662));
#9801=DIRECTION('',(0.,0.20433184963242,0.978901678017662));
#9802=DIRECTION('',(1.,0.,0.));
#9803=DIRECTION('center_axis',(0.,0.823003084685731,-0.568036902496459));
#9804=DIRECTION('ref_axis',(0.,0.568036902496459,0.823003084685731));
#9805=DIRECTION('',(0.,0.568036902496459,0.823003084685731));
#9806=DIRECTION('',(1.,0.,0.));
#9807=DIRECTION('center_axis',(0.,0.548381810416287,-0.8362280729589));
#9808=DIRECTION('ref_axis',(0.,0.8362280729589,0.548381810416287));
#9809=DIRECTION('',(0.,0.8362280729589,0.548381810416287));
#9810=DIRECTION('',(1.,0.,0.));
#9811=DIRECTION('center_axis',(0.,0.192111483442329,-0.981373108419824));
#9812=DIRECTION('ref_axis',(0.,0.981373108419824,0.192111483442329));
#9813=DIRECTION('',(0.,0.981373108419824,0.192111483442329));
#9814=DIRECTION('',(1.,0.,0.));
#9815=DIRECTION('center_axis',(0.,0.,-1.));
#9816=DIRECTION('ref_axis',(0.,1.,0.));
#9817=DIRECTION('',(0.,1.,0.));
#9818=DIRECTION('',(1.,0.,0.));
#9819=DIRECTION('center_axis',(0.,-0.130449007762259,-0.991455019843988));
#9820=DIRECTION('ref_axis',(0.,0.991455019843988,-0.130449007762259));
#9821=DIRECTION('',(0.,0.991455019843988,-0.130449007762259));
#9822=DIRECTION('',(1.,0.,0.));
#9823=DIRECTION('center_axis',(0.,-0.402848767872081,-0.915266556924237));
#9824=DIRECTION('ref_axis',(0.,0.915266556924236,-0.402848767872081));
#9825=DIRECTION('',(0.,0.915266556924236,-0.402848767872081));
#9826=DIRECTION('',(1.,0.,0.));
#9827=DIRECTION('center_axis',(0.,-0.667965444669873,-0.744192290155561));
#9828=DIRECTION('ref_axis',(0.,0.744192290155561,-0.667965444669873));
#9829=DIRECTION('',(0.,0.744192290155561,-0.667965444669873));
#9830=DIRECTION('',(1.,0.,0.));
#9831=DIRECTION('center_axis',(0.,-0.871156188329564,-0.4910060035632));
#9832=DIRECTION('ref_axis',(0.,0.4910060035632,-0.871156188329564));
#9833=DIRECTION('',(0.,0.4910060035632,-0.871156188329564));
#9834=DIRECTION('',(1.,0.,0.));
#9835=DIRECTION('center_axis',(0.,-0.980762854035175,-0.195203033134163));
#9836=DIRECTION('ref_axis',(0.,0.195203033134163,-0.980762854035176));
#9837=DIRECTION('',(0.,0.195203033134163,-0.980762854035175));
#9838=DIRECTION('',(1.,0.,0.));
#9839=DIRECTION('center_axis',(0.,-0.999999996497937,-8.3690659336999E-5));
#9840=DIRECTION('ref_axis',(0.,8.3690659336999E-5,-0.999999996497937));
#9841=DIRECTION('',(0.,8.3690659336999E-5,-0.999999996497937));
#9842=DIRECTION('',(1.,0.,0.));
#9843=DIRECTION('center_axis',(0.,-0.981630546388022,0.190791693734172));
#9844=DIRECTION('ref_axis',(0.,-0.190791693734172,-0.981630546388022));
#9845=DIRECTION('',(0.,-0.190791693734172,-0.981630546388022));
#9846=DIRECTION('center_axis',(1.,0.,0.));
#9847=DIRECTION('ref_axis',(0.,0.,-1.));
#9848=DIRECTION('',(0.,0.,1.));
#9849=DIRECTION('',(1.,0.,0.));
#9850=DIRECTION('axis',(0.,0.,1.));
#9851=DIRECTION('refdir',(1.,0.,0.));
#9852=DIRECTION('axis',(0.,0.,1.));
#9853=DIRECTION('refdir',(1.,0.,0.));
#9854=DIRECTION('center_axis',(0.,0.,-1.));
#9855=DIRECTION('ref_axis',(0.,1.,0.));
#9856=DIRECTION('',(0.,1.,0.));
#9857=DIRECTION('',(1.,0.,0.));
#9858=DIRECTION('',(0.,1.,0.));
#9859=DIRECTION('',(1.,0.,0.));
#9860=DIRECTION('center_axis',(0.,-0.86602540378444,-0.499999999999998));
#9861=DIRECTION('ref_axis',(0.,0.499999999999998,-0.86602540378444));
#9862=DIRECTION('',(0.,0.499999999999998,-0.86602540378444));
#9863=DIRECTION('',(1.,0.,0.));
#9864=DIRECTION('',(0.,0.499999999999998,-0.86602540378444));
#9865=DIRECTION('center_axis',(0.,-0.866025403784439,0.499999999999999));
#9866=DIRECTION('ref_axis',(0.,-0.499999999999999,-0.866025403784439));
#9867=DIRECTION('',(0.,-0.499999999999999,-0.866025403784439));
#9868=DIRECTION('',(1.,0.,0.));
#9869=DIRECTION('',(0.,-0.499999999999999,-0.866025403784439));
#9870=DIRECTION('center_axis',(0.,0.,1.));
#9871=DIRECTION('ref_axis',(0.,-1.,0.));
#9872=DIRECTION('',(0.,-1.,0.));
#9873=DIRECTION('',(1.,0.,0.));
#9874=DIRECTION('',(0.,-1.,0.));
#9875=DIRECTION('center_axis',(0.,0.866025403784438,0.5));
#9876=DIRECTION('ref_axis',(0.,-0.5,0.866025403784438));
#9877=DIRECTION('',(0.,-0.5,0.866025403784438));
#9878=DIRECTION('',(1.,0.,0.));
#9879=DIRECTION('',(0.,-0.5,0.866025403784438));
#9880=DIRECTION('center_axis',(0.,0.866025403784438,-0.5));
#9881=DIRECTION('ref_axis',(0.,0.5,0.866025403784438));
#9882=DIRECTION('',(0.,0.5,0.866025403784438));
#9883=DIRECTION('',(0.,0.5,0.866025403784438));
#9884=DIRECTION('center_axis',(1.,0.,0.));
#9885=DIRECTION('ref_axis',(0.,0.,-1.));
#9886=DIRECTION('center_axis',(1.,0.,0.));
#9887=DIRECTION('ref_axis',(0.,0.,-1.));
#9888=DIRECTION('center_axis',(1.,0.,0.));
#9889=DIRECTION('ref_axis',(0.,0.,-1.));
#9890=DIRECTION('',(-1.,0.,0.));
#9891=DIRECTION('center_axis',(-1.,0.,0.));
#9892=DIRECTION('ref_axis',(0.,0.,-1.));
#9893=DIRECTION('center_axis',(1.,0.,0.));
#9894=DIRECTION('ref_axis',(0.,0.,-1.));
#9895=DIRECTION('center_axis',(-1.,0.,0.));
#9896=DIRECTION('ref_axis',(0.,0.,-1.));
#9897=DIRECTION('center_axis',(-1.,0.,0.));
#9898=DIRECTION('ref_axis',(0.,0.,-1.));
#9899=DIRECTION('',(1.,0.,0.));
#9900=DIRECTION('center_axis',(1.,0.,0.));
#9901=DIRECTION('ref_axis',(0.,0.,-1.));
#9902=DIRECTION('center_axis',(1.,0.,0.));
#9903=DIRECTION('ref_axis',(0.,0.,-1.));
#9904=DIRECTION('center_axis',(1.,0.,0.));
#9905=DIRECTION('ref_axis',(0.,0.,-1.));
#9906=DIRECTION('center_axis',(0.,0.,-1.));
#9907=DIRECTION('ref_axis',(0.,1.,0.));
#9908=DIRECTION('',(0.,1.,0.));
#9909=DIRECTION('',(1.,0.,0.));
#9910=DIRECTION('',(0.,1.,0.));
#9911=DIRECTION('',(1.,0.,0.));
#9912=DIRECTION('center_axis',(0.,-0.86602540378444,-0.499999999999998));
#9913=DIRECTION('ref_axis',(0.,0.499999999999998,-0.86602540378444));
#9914=DIRECTION('',(0.,0.499999999999998,-0.86602540378444));
#9915=DIRECTION('',(1.,0.,0.));
#9916=DIRECTION('',(0.,0.499999999999998,-0.86602540378444));
#9917=DIRECTION('center_axis',(0.,-0.86602540378444,0.499999999999998));
#9918=DIRECTION('ref_axis',(0.,-0.499999999999998,-0.86602540378444));
#9919=DIRECTION('',(0.,-0.499999999999998,-0.86602540378444));
#9920=DIRECTION('',(1.,0.,0.));
#9921=DIRECTION('',(0.,-0.499999999999998,-0.86602540378444));
#9922=DIRECTION('center_axis',(0.,0.,1.));
#9923=DIRECTION('ref_axis',(0.,-1.,0.));
#9924=DIRECTION('',(0.,-1.,0.));
#9925=DIRECTION('',(1.,0.,0.));
#9926=DIRECTION('',(0.,-1.,0.));
#9927=DIRECTION('center_axis',(0.,0.866025403784439,0.5));
#9928=DIRECTION('ref_axis',(0.,-0.5,0.866025403784439));
#9929=DIRECTION('',(0.,-0.5,0.866025403784439));
#9930=DIRECTION('',(1.,0.,0.));
#9931=DIRECTION('',(0.,-0.5,0.866025403784439));
#9932=DIRECTION('center_axis',(0.,0.866025403784438,-0.5));
#9933=DIRECTION('ref_axis',(0.,0.5,0.866025403784438));
#9934=DIRECTION('',(0.,0.5,0.866025403784438));
#9935=DIRECTION('',(0.,0.5,0.866025403784438));
#9936=DIRECTION('center_axis',(1.,0.,0.));
#9937=DIRECTION('ref_axis',(0.,0.,-1.));
#9938=DIRECTION('center_axis',(1.,0.,0.));
#9939=DIRECTION('ref_axis',(0.,0.,-1.));
#9940=DIRECTION('center_axis',(1.,0.,0.));
#9941=DIRECTION('ref_axis',(0.,0.,-1.));
#9942=DIRECTION('',(-1.,0.,0.));
#9943=DIRECTION('center_axis',(-1.,0.,0.));
#9944=DIRECTION('ref_axis',(0.,0.,-1.));
#9945=DIRECTION('center_axis',(1.,0.,0.));
#9946=DIRECTION('ref_axis',(0.,0.,-1.));
#9947=DIRECTION('center_axis',(-1.,0.,0.));
#9948=DIRECTION('ref_axis',(0.,0.,-1.));
#9949=DIRECTION('center_axis',(-1.,0.,0.));
#9950=DIRECTION('ref_axis',(0.,0.,-1.));
#9951=DIRECTION('',(1.,0.,0.));
#9952=DIRECTION('center_axis',(1.,0.,0.));
#9953=DIRECTION('ref_axis',(0.,0.,-1.));
#9954=DIRECTION('center_axis',(1.,0.,0.));
#9955=DIRECTION('ref_axis',(0.,0.,-1.));
#9956=DIRECTION('center_axis',(1.,0.,0.));
#9957=DIRECTION('ref_axis',(0.,0.,-1.));
#9958=DIRECTION('center_axis',(0.,0.,-1.));
#9959=DIRECTION('ref_axis',(0.,1.,0.));
#9960=DIRECTION('',(0.,1.,0.));
#9961=DIRECTION('',(1.,0.,0.));
#9962=DIRECTION('',(0.,1.,0.));
#9963=DIRECTION('',(1.,0.,0.));
#9964=DIRECTION('center_axis',(0.,-0.86602540378444,-0.499999999999998));
#9965=DIRECTION('ref_axis',(0.,0.499999999999998,-0.86602540378444));
#9966=DIRECTION('',(0.,0.499999999999998,-0.86602540378444));
#9967=DIRECTION('',(1.,0.,0.));
#9968=DIRECTION('',(0.,0.499999999999998,-0.86602540378444));
#9969=DIRECTION('center_axis',(0.,-0.86602540378444,0.499999999999997));
#9970=DIRECTION('ref_axis',(0.,-0.499999999999997,-0.86602540378444));
#9971=DIRECTION('',(0.,-0.499999999999997,-0.86602540378444));
#9972=DIRECTION('',(1.,0.,0.));
#9973=DIRECTION('',(0.,-0.499999999999997,-0.86602540378444));
#9974=DIRECTION('center_axis',(0.,0.,1.));
#9975=DIRECTION('ref_axis',(0.,-1.,0.));
#9976=DIRECTION('',(0.,-1.,0.));
#9977=DIRECTION('',(1.,0.,0.));
#9978=DIRECTION('',(0.,-1.,0.));
#9979=DIRECTION('center_axis',(0.,0.86602540378444,0.499999999999997));
#9980=DIRECTION('ref_axis',(0.,-0.499999999999997,0.86602540378444));
#9981=DIRECTION('',(0.,-0.499999999999997,0.86602540378444));
#9982=DIRECTION('',(1.,0.,0.));
#9983=DIRECTION('',(0.,-0.499999999999997,0.86602540378444));
#9984=DIRECTION('center_axis',(0.,0.86602540378444,-0.499999999999998));
#9985=DIRECTION('ref_axis',(0.,0.499999999999998,0.86602540378444));
#9986=DIRECTION('',(0.,0.499999999999998,0.86602540378444));
#9987=DIRECTION('',(0.,0.499999999999998,0.86602540378444));
#9988=DIRECTION('center_axis',(1.,0.,0.));
#9989=DIRECTION('ref_axis',(0.,0.,-1.));
#9990=DIRECTION('center_axis',(1.,0.,0.));
#9991=DIRECTION('ref_axis',(0.,0.,-1.));
#9992=DIRECTION('center_axis',(1.,0.,0.));
#9993=DIRECTION('ref_axis',(0.,0.,-1.));
#9994=DIRECTION('',(-1.,0.,0.));
#9995=DIRECTION('center_axis',(-1.,0.,0.));
#9996=DIRECTION('ref_axis',(0.,0.,-1.));
#9997=DIRECTION('center_axis',(1.,0.,0.));
#9998=DIRECTION('ref_axis',(0.,0.,-1.));
#9999=DIRECTION('center_axis',(-1.,0.,0.));
#10000=DIRECTION('ref_axis',(0.,0.,-1.));
#10001=DIRECTION('center_axis',(-1.,0.,0.));
#10002=DIRECTION('ref_axis',(0.,0.,-1.));
#10003=DIRECTION('',(1.,0.,0.));
#10004=DIRECTION('center_axis',(1.,0.,0.));
#10005=DIRECTION('ref_axis',(0.,0.,-1.));
#10006=DIRECTION('center_axis',(1.,0.,0.));
#10007=DIRECTION('ref_axis',(0.,0.,-1.));
#10008=DIRECTION('center_axis',(1.,0.,0.));
#10009=DIRECTION('ref_axis',(0.,0.,-1.));
#10010=DIRECTION('center_axis',(-1.,0.,0.));
#10011=DIRECTION('ref_axis',(0.,0.,-1.));
#10012=DIRECTION('center_axis',(1.,0.,0.));
#10013=DIRECTION('ref_axis',(0.,0.,-1.));
#10014=DIRECTION('',(1.,0.,0.));
#10015=DIRECTION('center_axis',(-1.,0.,0.));
#10016=DIRECTION('ref_axis',(0.,0.,-1.));
#10017=DIRECTION('center_axis',(-1.,0.,0.));
#10018=DIRECTION('ref_axis',(0.,0.,-1.));
#10019=DIRECTION('center_axis',(-1.,0.,0.));
#10020=DIRECTION('ref_axis',(0.,0.,-1.));
#10021=DIRECTION('',(1.,0.,0.));
#10022=DIRECTION('center_axis',(1.,0.,0.));
#10023=DIRECTION('ref_axis',(0.,0.,-1.));
#10024=DIRECTION('center_axis',(1.,0.,0.));
#10025=DIRECTION('ref_axis',(0.,0.,-1.));
#10026=DIRECTION('center_axis',(1.,0.,0.));
#10027=DIRECTION('ref_axis',(0.,0.,-1.));
#10028=DIRECTION('center_axis',(-1.,0.,0.));
#10029=DIRECTION('ref_axis',(0.,0.,-1.));
#10030=DIRECTION('center_axis',(1.,0.,0.));
#10031=DIRECTION('ref_axis',(0.,0.,-1.));
#10032=DIRECTION('',(1.,0.,0.));
#10033=DIRECTION('center_axis',(-1.,0.,0.));
#10034=DIRECTION('ref_axis',(0.,0.,-1.));
#10035=DIRECTION('center_axis',(-1.,0.,0.));
#10036=DIRECTION('ref_axis',(0.,0.,-1.));
#10037=DIRECTION('center_axis',(-1.,0.,0.));
#10038=DIRECTION('ref_axis',(0.,0.,-1.));
#10039=DIRECTION('',(1.,0.,0.));
#10040=DIRECTION('center_axis',(1.,0.,0.));
#10041=DIRECTION('ref_axis',(0.,0.,-1.));
#10042=DIRECTION('center_axis',(1.,0.,0.));
#10043=DIRECTION('ref_axis',(0.,0.,-1.));
#10044=DIRECTION('center_axis',(1.,0.,0.));
#10045=DIRECTION('ref_axis',(0.,0.,-1.));
#10046=DIRECTION('center_axis',(-1.,0.,0.));
#10047=DIRECTION('ref_axis',(0.,0.,-1.));
#10048=DIRECTION('center_axis',(1.,0.,0.));
#10049=DIRECTION('ref_axis',(0.,0.,-1.));
#10050=DIRECTION('',(1.,0.,0.));
#10051=DIRECTION('center_axis',(-1.,0.,0.));
#10052=DIRECTION('ref_axis',(0.,0.,-1.));
#10053=DIRECTION('center_axis',(-1.,0.,0.));
#10054=DIRECTION('ref_axis',(0.,0.,-1.));
#10055=DIRECTION('center_axis',(-1.,0.,0.));
#10056=DIRECTION('ref_axis',(0.,0.,-1.));
#10057=DIRECTION('',(1.,0.,0.));
#10058=DIRECTION('center_axis',(1.,0.,0.));
#10059=DIRECTION('ref_axis',(0.,0.,-1.));
#10060=DIRECTION('center_axis',(1.,0.,0.));
#10061=DIRECTION('ref_axis',(0.,0.,-1.));
#10062=DIRECTION('center_axis',(1.,0.,0.));
#10063=DIRECTION('ref_axis',(0.,0.,-1.));
#10064=DIRECTION('center_axis',(1.,0.,0.));
#10065=DIRECTION('ref_axis',(0.,0.,-1.));
#10066=DIRECTION('center_axis',(-1.,0.,0.));
#10067=DIRECTION('ref_axis',(0.,0.,-1.));
#10068=DIRECTION('',(-1.,0.,0.));
#10069=DIRECTION('center_axis',(-1.,0.,0.));
#10070=DIRECTION('ref_axis',(0.,0.,-1.));
#10071=DIRECTION('center_axis',(0.,-2.62222184506849E-16,-1.));
#10072=DIRECTION('ref_axis',(0.,1.,-2.62222184506849E-16));
#10073=DIRECTION('',(0.,1.,-2.62222184506849E-16));
#10074=DIRECTION('',(1.,0.,0.));
#10075=DIRECTION('',(0.,1.,-2.62222184506849E-16));
#10076=DIRECTION('',(1.,0.,0.));
#10077=DIRECTION('center_axis',(0.,-0.866025403784439,-0.5));
#10078=DIRECTION('ref_axis',(0.,0.5,-0.866025403784439));
#10079=DIRECTION('',(0.,0.5,-0.866025403784439));
#10080=DIRECTION('',(0.,0.5,-0.866025403784439));
#10081=DIRECTION('',(1.,0.,0.));
#10082=DIRECTION('center_axis',(0.,-0.866025403784438,0.500000000000001));
#10083=DIRECTION('ref_axis',(0.,-0.500000000000001,-0.866025403784438));
#10084=DIRECTION('',(0.,-0.500000000000001,-0.866025403784438));
#10085=DIRECTION('',(0.,-0.500000000000001,-0.866025403784438));
#10086=DIRECTION('',(1.,0.,0.));
#10087=DIRECTION('center_axis',(0.,0.,1.));
#10088=DIRECTION('ref_axis',(0.,-1.,0.));
#10089=DIRECTION('',(0.,-1.,0.));
#10090=DIRECTION('',(0.,-1.,0.));
#10091=DIRECTION('',(1.,0.,0.));
#10092=DIRECTION('center_axis',(0.,0.866025403784439,0.5));
#10093=DIRECTION('ref_axis',(0.,-0.5,0.866025403784439));
#10094=DIRECTION('',(0.,-0.5,0.866025403784439));
#10095=DIRECTION('',(0.,-0.5,0.866025403784439));
#10096=DIRECTION('',(1.,0.,0.));
#10097=DIRECTION('center_axis',(0.,0.866025403784439,-0.5));
#10098=DIRECTION('ref_axis',(0.,0.5,0.866025403784439));
#10099=DIRECTION('',(0.,0.5,0.866025403784439));
#10100=DIRECTION('',(0.,0.5,0.866025403784439));
#10101=DIRECTION('center_axis',(1.,0.,0.));
#10102=DIRECTION('ref_axis',(0.,0.,-1.));
#10103=DIRECTION('center_axis',(1.,0.,0.));
#10104=DIRECTION('ref_axis',(0.,0.,-1.));
#10105=DIRECTION('center_axis',(1.,0.,0.));
#10106=DIRECTION('ref_axis',(0.,0.,-1.));
#10107=DIRECTION('center_axis',(-1.,0.,0.));
#10108=DIRECTION('ref_axis',(0.,0.,-1.));
#10109=DIRECTION('',(-1.,0.,0.));
#10110=DIRECTION('center_axis',(-1.,0.,0.));
#10111=DIRECTION('ref_axis',(0.,0.,-1.));
#10112=DIRECTION('center_axis',(0.,0.,-1.));
#10113=DIRECTION('ref_axis',(0.,1.,0.));
#10114=DIRECTION('',(0.,1.,0.));
#10115=DIRECTION('',(1.,0.,0.));
#10116=DIRECTION('',(0.,1.,0.));
#10117=DIRECTION('',(1.,0.,0.));
#10118=DIRECTION('center_axis',(0.,-0.866025403784439,-0.5));
#10119=DIRECTION('ref_axis',(0.,0.5,-0.866025403784439));
#10120=DIRECTION('',(0.,0.5,-0.866025403784439));
#10121=DIRECTION('',(0.,0.5,-0.866025403784439));
#10122=DIRECTION('',(1.,0.,0.));
#10123=DIRECTION('center_axis',(0.,-0.866025403784438,0.5));
#10124=DIRECTION('ref_axis',(0.,-0.5,-0.866025403784438));
#10125=DIRECTION('',(0.,-0.5,-0.866025403784438));
#10126=DIRECTION('',(0.,-0.5,-0.866025403784438));
#10127=DIRECTION('',(1.,0.,0.));
#10128=DIRECTION('center_axis',(0.,0.,1.));
#10129=DIRECTION('ref_axis',(0.,-1.,0.));
#10130=DIRECTION('',(0.,-1.,0.));
#10131=DIRECTION('',(0.,-1.,0.));
#10132=DIRECTION('',(1.,0.,0.));
#10133=DIRECTION('center_axis',(0.,0.866025403784439,0.5));
#10134=DIRECTION('ref_axis',(0.,-0.5,0.866025403784439));
#10135=DIRECTION('',(0.,-0.5,0.866025403784439));
#10136=DIRECTION('',(0.,-0.5,0.866025403784439));
#10137=DIRECTION('',(1.,0.,0.));
#10138=DIRECTION('center_axis',(0.,0.866025403784439,-0.5));
#10139=DIRECTION('ref_axis',(0.,0.5,0.866025403784438));
#10140=DIRECTION('',(0.,0.5,0.866025403784439));
#10141=DIRECTION('',(0.,0.5,0.866025403784439));
#10142=DIRECTION('center_axis',(1.,0.,0.));
#10143=DIRECTION('ref_axis',(0.,0.,-1.));
#10144=DIRECTION('center_axis',(1.,0.,0.));
#10145=DIRECTION('ref_axis',(0.,0.,-1.));
#10146=DIRECTION('center_axis',(1.,0.,0.));
#10147=DIRECTION('ref_axis',(0.,0.,-1.));
#10148=DIRECTION('center_axis',(-1.,0.,0.));
#10149=DIRECTION('ref_axis',(0.,0.,-1.));
#10150=DIRECTION('',(-1.,0.,0.));
#10151=DIRECTION('center_axis',(-1.,0.,0.));
#10152=DIRECTION('ref_axis',(0.,0.,-1.));
#10153=DIRECTION('center_axis',(0.,0.,-1.));
#10154=DIRECTION('ref_axis',(0.,1.,0.));
#10155=DIRECTION('',(0.,1.,0.));
#10156=DIRECTION('',(1.,0.,0.));
#10157=DIRECTION('',(0.,1.,0.));
#10158=DIRECTION('',(1.,0.,0.));
#10159=DIRECTION('center_axis',(0.,-0.866025403784438,-0.500000000000001));
#10160=DIRECTION('ref_axis',(0.,0.500000000000001,-0.866025403784438));
#10161=DIRECTION('',(0.,0.500000000000001,-0.866025403784438));
#10162=DIRECTION('',(0.,0.500000000000001,-0.866025403784438));
#10163=DIRECTION('',(1.,0.,0.));
#10164=DIRECTION('center_axis',(0.,-0.866025403784438,0.500000000000001));
#10165=DIRECTION('ref_axis',(0.,-0.500000000000001,-0.866025403784438));
#10166=DIRECTION('',(0.,-0.500000000000001,-0.866025403784438));
#10167=DIRECTION('',(0.,-0.500000000000001,-0.866025403784438));
#10168=DIRECTION('',(1.,0.,0.));
#10169=DIRECTION('center_axis',(0.,0.,1.));
#10170=DIRECTION('ref_axis',(0.,-1.,0.));
#10171=DIRECTION('',(0.,-1.,0.));
#10172=DIRECTION('',(0.,-1.,0.));
#10173=DIRECTION('',(1.,0.,0.));
#10174=DIRECTION('center_axis',(0.,0.866025403784439,0.499999999999999));
#10175=DIRECTION('ref_axis',(0.,-0.499999999999999,0.866025403784439));
#10176=DIRECTION('',(0.,-0.499999999999999,0.866025403784439));
#10177=DIRECTION('',(0.,-0.499999999999999,0.866025403784439));
#10178=DIRECTION('',(1.,0.,0.));
#10179=DIRECTION('center_axis',(0.,0.866025403784439,-0.499999999999999));
#10180=DIRECTION('ref_axis',(0.,0.499999999999999,0.866025403784439));
#10181=DIRECTION('',(0.,0.499999999999999,0.866025403784439));
#10182=DIRECTION('',(0.,0.499999999999999,0.866025403784439));
#10183=DIRECTION('center_axis',(1.,0.,0.));
#10184=DIRECTION('ref_axis',(0.,0.,-1.));
#10185=DIRECTION('center_axis',(1.,0.,0.));
#10186=DIRECTION('ref_axis',(0.,0.,-1.));
#10187=DIRECTION('center_axis',(0.,0.866025403784438,0.5));
#10188=DIRECTION('ref_axis',(0.,0.5,-0.866025403784438));
#10189=DIRECTION('',(0.,0.5,-0.866025403784438));
#10190=DIRECTION('',(-1.,0.,0.));
#10191=DIRECTION('',(0.,0.5,-0.866025403784438));
#10192=DIRECTION('',(-1.,0.,0.));
#10193=DIRECTION('center_axis',(0.,0.,1.));
#10194=DIRECTION('ref_axis',(0.,1.,0.));
#10195=DIRECTION('',(0.,1.,0.));
#10196=DIRECTION('',(-1.,0.,0.));
#10197=DIRECTION('',(0.,1.,0.));
#10198=DIRECTION('center_axis',(0.,-0.866025403784439,0.5));
#10199=DIRECTION('ref_axis',(0.,0.5,0.866025403784439));
#10200=DIRECTION('',(0.,0.5,0.866025403784439));
#10201=DIRECTION('',(-1.,0.,0.));
#10202=DIRECTION('',(0.,0.5,0.866025403784439));
#10203=DIRECTION('center_axis',(0.,-0.866025403784439,-0.5));
#10204=DIRECTION('ref_axis',(0.,-0.5,0.866025403784439));
#10205=DIRECTION('',(0.,-0.5,0.866025403784439));
#10206=DIRECTION('',(-1.,0.,0.));
#10207=DIRECTION('',(0.,-0.5,0.866025403784439));
#10208=DIRECTION('center_axis',(0.,-3.05232172441835E-16,-1.));
#10209=DIRECTION('ref_axis',(0.,-1.,3.05232172441835E-16));
#10210=DIRECTION('',(0.,-1.,3.05232172441835E-16));
#10211=DIRECTION('',(-1.,0.,0.));
#10212=DIRECTION('',(0.,-1.,3.05232172441835E-16));
#10213=DIRECTION('center_axis',(0.,0.866025403784438,-0.5));
#10214=DIRECTION('ref_axis',(0.,-0.5,-0.866025403784438));
#10215=DIRECTION('',(0.,-0.5,-0.866025403784438));
#10216=DIRECTION('',(0.,-0.5,-0.866025403784438));
#10217=DIRECTION('center_axis',(-1.,0.,0.));
#10218=DIRECTION('ref_axis',(0.,0.,1.));
#10219=DIRECTION('center_axis',(1.,0.,0.));
#10220=DIRECTION('ref_axis',(0.,0.,-1.));
#10221=DIRECTION('center_axis',(0.,0.866025403784438,0.500000000000001));
#10222=DIRECTION('ref_axis',(0.,0.500000000000001,-0.866025403784438));
#10223=DIRECTION('',(0.,0.500000000000001,-0.866025403784438));
#10224=DIRECTION('',(-1.,0.,0.));
#10225=DIRECTION('',(0.,0.500000000000001,-0.866025403784438));
#10226=DIRECTION('',(-1.,0.,0.));
#10227=DIRECTION('center_axis',(0.,0.,1.));
#10228=DIRECTION('ref_axis',(0.,1.,0.));
#10229=DIRECTION('',(0.,1.,0.));
#10230=DIRECTION('',(-1.,0.,0.));
#10231=DIRECTION('',(0.,1.,0.));
#10232=DIRECTION('center_axis',(0.,-0.866025403784438,0.5));
#10233=DIRECTION('ref_axis',(0.,0.5,0.866025403784438));
#10234=DIRECTION('',(0.,0.5,0.866025403784438));
#10235=DIRECTION('',(-1.,0.,0.));
#10236=DIRECTION('',(0.,0.5,0.866025403784438));
#10237=DIRECTION('center_axis',(0.,-0.866025403784439,-0.5));
#10238=DIRECTION('ref_axis',(0.,-0.5,0.866025403784439));
#10239=DIRECTION('',(0.,-0.5,0.866025403784439));
#10240=DIRECTION('',(-1.,0.,0.));
#10241=DIRECTION('',(0.,-0.5,0.866025403784439));
#10242=DIRECTION('center_axis',(0.,0.,-1.));
#10243=DIRECTION('ref_axis',(0.,-1.,0.));
#10244=DIRECTION('',(0.,-1.,0.));
#10245=DIRECTION('',(-1.,0.,0.));
#10246=DIRECTION('',(0.,-1.,0.));
#10247=DIRECTION('center_axis',(0.,0.866025403784438,-0.500000000000001));
#10248=DIRECTION('ref_axis',(0.,-0.500000000000001,-0.866025403784438));
#10249=DIRECTION('',(0.,-0.500000000000001,-0.866025403784438));
#10250=DIRECTION('',(0.,-0.500000000000001,-0.866025403784438));
#10251=DIRECTION('center_axis',(-1.,0.,0.));
#10252=DIRECTION('ref_axis',(0.,0.,1.));
#10253=DIRECTION('center_axis',(1.,0.,0.));
#10254=DIRECTION('ref_axis',(0.,0.,-1.));
#10255=DIRECTION('center_axis',(0.,0.866025403784438,0.500000000000001));
#10256=DIRECTION('ref_axis',(0.,0.500000000000001,-0.866025403784438));
#10257=DIRECTION('',(0.,0.500000000000001,-0.866025403784438));
#10258=DIRECTION('',(-1.,0.,0.));
#10259=DIRECTION('',(0.,0.500000000000001,-0.866025403784438));
#10260=DIRECTION('',(-1.,0.,0.));
#10261=DIRECTION('center_axis',(0.,0.,1.));
#10262=DIRECTION('ref_axis',(0.,1.,0.));
#10263=DIRECTION('',(0.,1.,0.));
#10264=DIRECTION('',(-1.,0.,0.));
#10265=DIRECTION('',(0.,1.,0.));
#10266=DIRECTION('center_axis',(0.,-0.866025403784438,0.500000000000001));
#10267=DIRECTION('ref_axis',(0.,0.500000000000001,0.866025403784438));
#10268=DIRECTION('',(0.,0.500000000000001,0.866025403784438));
#10269=DIRECTION('',(-1.,0.,0.));
#10270=DIRECTION('',(0.,0.500000000000001,0.866025403784438));
#10271=DIRECTION('center_axis',(0.,-0.866025403784439,-0.499999999999999));
#10272=DIRECTION('ref_axis',(0.,-0.499999999999999,0.866025403784439));
#10273=DIRECTION('',(0.,-0.499999999999999,0.866025403784439));
#10274=DIRECTION('',(-1.,0.,0.));
#10275=DIRECTION('',(0.,-0.499999999999999,0.866025403784439));
#10276=DIRECTION('center_axis',(0.,0.,-1.));
#10277=DIRECTION('ref_axis',(0.,-1.,0.));
#10278=DIRECTION('',(0.,-1.,0.));
#10279=DIRECTION('',(-1.,0.,0.));
#10280=DIRECTION('',(0.,-1.,0.));
#10281=DIRECTION('center_axis',(0.,0.866025403784438,-0.500000000000001));
#10282=DIRECTION('ref_axis',(0.,-0.500000000000001,-0.866025403784438));
#10283=DIRECTION('',(0.,-0.500000000000001,-0.866025403784438));
#10284=DIRECTION('',(0.,-0.500000000000001,-0.866025403784438));
#10285=DIRECTION('center_axis',(-1.,0.,0.));
#10286=DIRECTION('ref_axis',(0.,0.,1.));
#10287=DIRECTION('center_axis',(1.,0.,0.));
#10288=DIRECTION('ref_axis',(0.,0.,-1.));
#10289=DIRECTION('center_axis',(1.,0.,0.));
#10290=DIRECTION('ref_axis',(0.,0.,-1.));
#10291=DIRECTION('center_axis',(1.,0.,0.));
#10292=DIRECTION('ref_axis',(0.,0.,-1.));
#10293=DIRECTION('',(1.,0.,0.));
#10294=DIRECTION('center_axis',(1.,0.,0.));
#10295=DIRECTION('ref_axis',(0.,0.,-1.));
#10296=DIRECTION('center_axis',(1.,0.,0.));
#10297=DIRECTION('ref_axis',(0.,0.,-1.));
#10298=DIRECTION('center_axis',(-1.,0.,0.));
#10299=DIRECTION('ref_axis',(0.,0.,-1.));
#10300=DIRECTION('center_axis',(1.,0.,0.));
#10301=DIRECTION('ref_axis',(0.,0.,-1.));
#10302=DIRECTION('center_axis',(1.,0.,0.));
#10303=DIRECTION('ref_axis',(0.,0.,-1.));
#10304=DIRECTION('',(1.,0.,0.));
#10305=DIRECTION('center_axis',(1.,0.,0.));
#10306=DIRECTION('ref_axis',(0.,0.,-1.));
#10307=DIRECTION('center_axis',(1.,0.,0.));
#10308=DIRECTION('ref_axis',(0.,0.,-1.));
#10309=DIRECTION('center_axis',(-1.,0.,0.));
#10310=DIRECTION('ref_axis',(0.,0.,-1.));
#10311=DIRECTION('center_axis',(1.,0.,0.));
#10312=DIRECTION('ref_axis',(0.,0.,-1.));
#10313=DIRECTION('center_axis',(1.,0.,0.));
#10314=DIRECTION('ref_axis',(0.,0.,-1.));
#10315=DIRECTION('',(1.,0.,0.));
#10316=DIRECTION('center_axis',(1.,0.,0.));
#10317=DIRECTION('ref_axis',(0.,0.,-1.));
#10318=DIRECTION('center_axis',(1.,0.,0.));
#10319=DIRECTION('ref_axis',(0.,0.,-1.));
#10320=DIRECTION('center_axis',(-1.,0.,0.));
#10321=DIRECTION('ref_axis',(0.,0.,-1.));
#10322=DIRECTION('center_axis',(1.,0.,0.));
#10323=DIRECTION('ref_axis',(0.,0.,-1.));
#10324=DIRECTION('',(1.,0.,0.));
#10325=DIRECTION('center_axis',(-1.,0.,0.));
#10326=DIRECTION('ref_axis',(0.,0.,-1.));
#10327=DIRECTION('center_axis',(1.,0.,0.));
#10328=DIRECTION('ref_axis',(0.,0.,-1.));
#10329=DIRECTION('center_axis',(1.,0.,0.));
#10330=DIRECTION('ref_axis',(0.,0.,-1.));
#10331=DIRECTION('',(1.,0.,0.));
#10332=DIRECTION('center_axis',(1.,0.,0.));
#10333=DIRECTION('ref_axis',(0.,0.,-1.));
#10334=DIRECTION('',(1.,0.,0.));
#10335=DIRECTION('center_axis',(-1.,0.,0.));
#10336=DIRECTION('ref_axis',(0.,0.,-1.));
#10337=DIRECTION('center_axis',(1.,0.,0.));
#10338=DIRECTION('ref_axis',(0.,0.,-1.));
#10339=DIRECTION('center_axis',(1.,0.,0.));
#10340=DIRECTION('ref_axis',(0.,0.,-1.));
#10341=DIRECTION('',(1.,0.,0.));
#10342=DIRECTION('center_axis',(1.,0.,0.));
#10343=DIRECTION('ref_axis',(0.,0.,-1.));
#10344=DIRECTION('',(1.,0.,0.));
#10345=DIRECTION('center_axis',(-1.,0.,0.));
#10346=DIRECTION('ref_axis',(0.,0.,-1.));
#10347=DIRECTION('center_axis',(1.,0.,0.));
#10348=DIRECTION('ref_axis',(0.,0.,-1.));
#10349=DIRECTION('center_axis',(1.,0.,0.));
#10350=DIRECTION('ref_axis',(0.,0.,-1.));
#10351=DIRECTION('',(1.,0.,0.));
#10352=DIRECTION('center_axis',(0.,1.,0.));
#10353=DIRECTION('ref_axis',(1.,0.,0.));
#10354=DIRECTION('center_axis',(0.,1.,0.));
#10355=DIRECTION('ref_axis',(1.,0.,0.));
#10356=DIRECTION('',(0.,1.,0.));
#10357=DIRECTION('center_axis',(0.,-1.,0.));
#10358=DIRECTION('ref_axis',(1.,0.,0.));
#10359=DIRECTION('center_axis',(0.,1.,0.));
#10360=DIRECTION('ref_axis',(1.,0.,0.));
#10361=DIRECTION('center_axis',(0.,1.,0.));
#10362=DIRECTION('ref_axis',(1.,0.,0.));
#10363=DIRECTION('center_axis',(0.,1.,0.));
#10364=DIRECTION('ref_axis',(1.,0.,0.));
#10365=DIRECTION('center_axis',(0.,1.,0.));
#10366=DIRECTION('ref_axis',(1.,0.,0.));
#10367=DIRECTION('',(0.,1.,0.));
#10368=DIRECTION('center_axis',(0.,1.,0.));
#10369=DIRECTION('ref_axis',(1.,0.,0.));
#10370=DIRECTION('center_axis',(0.,1.,0.));
#10371=DIRECTION('ref_axis',(1.,0.,0.));
#10372=DIRECTION('center_axis',(0.,1.,0.));
#10373=DIRECTION('ref_axis',(1.,0.,0.));
#10374=DIRECTION('center_axis',(0.,1.,0.));
#10375=DIRECTION('ref_axis',(1.,0.,0.));
#10376=DIRECTION('',(0.,1.,0.));
#10377=DIRECTION('center_axis',(0.,1.,0.));
#10378=DIRECTION('ref_axis',(1.,0.,0.));
#10379=DIRECTION('center_axis',(0.,1.,0.));
#10380=DIRECTION('ref_axis',(1.,0.,0.));
#10381=DIRECTION('center_axis',(0.,1.,0.));
#10382=DIRECTION('ref_axis',(1.,0.,0.));
#10383=DIRECTION('center_axis',(0.,1.,0.));
#10384=DIRECTION('ref_axis',(1.,0.,0.));
#10385=DIRECTION('',(0.,1.,0.));
#10386=DIRECTION('center_axis',(1.,0.,0.));
#10387=DIRECTION('ref_axis',(0.,1.,0.));
#10388=DIRECTION('',(0.,1.,0.));
#10389=DIRECTION('',(0.,0.,1.));
#10390=DIRECTION('',(0.,-1.,0.));
#10391=DIRECTION('',(0.,0.,1.));
#10392=DIRECTION('',(0.,0.79387814600164,0.60807687778849));
#10393=DIRECTION('center_axis',(0.,-1.,0.));
#10394=DIRECTION('ref_axis',(1.,0.,0.));
#10395=DIRECTION('',(1.,0.,0.));
#10396=DIRECTION('',(0.,0.,1.));
#10397=DIRECTION('',(-1.,0.,0.));
#10398=DIRECTION('center_axis',(-1.,0.,0.));
#10399=DIRECTION('ref_axis',(0.,-1.,0.));
#10400=DIRECTION('',(0.,-1.,0.));
#10401=DIRECTION('',(0.,-0.79387814600164,-0.60807687778849));
#10402=DIRECTION('',(0.,0.,-1.));
#10403=DIRECTION('',(0.,1.,0.));
#10404=DIRECTION('center_axis',(0.,0.,-1.));
#10405=DIRECTION('ref_axis',(0.,1.,0.));
#10406=DIRECTION('',(-1.,0.,0.));
#10407=DIRECTION('',(0.,1.,0.));
#10408=DIRECTION('',(1.,0.,0.));
#10409=DIRECTION('',(0.,-1.,0.));
#10410=DIRECTION('',(-1.,0.,0.));
#10411=DIRECTION('center_axis',(0.,0.60807687778849,-0.79387814600164));
#10412=DIRECTION('ref_axis',(0.,0.79387814600164,0.60807687778849));
#10413=DIRECTION('',(1.,0.,0.));
#10414=DIRECTION('',(0.,0.79387814600164,0.60807687778849));
#10415=DIRECTION('center_axis',(0.,1.,0.));
#10416=DIRECTION('ref_axis',(0.,0.,1.));
#10417=DIRECTION('',(1.,0.,0.));
#10418=DIRECTION('',(0.,0.,1.));
#10419=DIRECTION('center_axis',(-1.,0.,0.));
#10420=DIRECTION('ref_axis',(0.,0.,1.));
#10421=DIRECTION('',(0.,-0.79387814600164,-0.60807687778849));
#10422=DIRECTION('',(0.,0.,1.));
#10423=DIRECTION('',(0.,1.,0.));
#10424=DIRECTION('',(0.,0.,-1.));
#10425=DIRECTION('center_axis',(0.,-1.,0.));
#10426=DIRECTION('ref_axis',(0.,0.,-1.));
#10427=DIRECTION('',(0.,0.,-1.));
#10428=DIRECTION('',(1.,0.,0.));
#10429=DIRECTION('center_axis',(0.,0.,1.));
#10430=DIRECTION('ref_axis',(0.,-1.,0.));
#10431=DIRECTION('',(1.,0.,0.));
#10432=DIRECTION('',(0.,-1.,0.));
#10433=DIRECTION('center_axis',(0.,1.,0.));
#10434=DIRECTION('ref_axis',(0.,0.,1.));
#10435=DIRECTION('',(1.,0.,0.));
#10436=DIRECTION('center_axis',(0.,0.60807687778849,-0.79387814600164));
#10437=DIRECTION('ref_axis',(0.,0.79387814600164,0.60807687778849));
#10438=DIRECTION('center_axis',(1.,0.,0.));
#10439=DIRECTION('ref_axis',(0.,0.,-1.));
#10440=DIRECTION('center_axis',(1.,0.,0.));
#10441=DIRECTION('ref_axis',(0.,0.,-1.));
#10442=DIRECTION('center_axis',(1.,0.,0.));
#10443=DIRECTION('ref_axis',(0.,0.,-1.));
#10444=DIRECTION('',(1.,0.,0.));
#10445=DIRECTION('center_axis',(-1.,0.,0.));
#10446=DIRECTION('ref_axis',(0.,0.,-1.));
#10447=DIRECTION('center_axis',(1.,0.,0.));
#10448=DIRECTION('ref_axis',(0.,0.,-1.));
#10449=DIRECTION('center_axis',(1.,0.,0.));
#10450=DIRECTION('ref_axis',(0.,0.,-1.));
#10451=DIRECTION('',(1.,0.,0.));
#10452=DIRECTION('center_axis',(-1.,0.,0.));
#10453=DIRECTION('ref_axis',(0.,0.,-1.));
#10454=DIRECTION('center_axis',(1.,0.,0.));
#10455=DIRECTION('ref_axis',(0.,0.,-1.));
#10456=DIRECTION('center_axis',(1.,0.,0.));
#10457=DIRECTION('ref_axis',(0.,0.,-1.));
#10458=DIRECTION('',(1.,0.,0.));
#10459=DIRECTION('center_axis',(-1.,0.,0.));
#10460=DIRECTION('ref_axis',(0.,0.,-1.));
#10461=DIRECTION('center_axis',(0.,0.,-1.));
#10462=DIRECTION('ref_axis',(0.,1.,0.));
#10463=DIRECTION('',(0.,1.,0.));
#10464=DIRECTION('',(1.,0.,0.));
#10465=DIRECTION('',(0.,-1.,0.));
#10466=DIRECTION('',(1.,0.,0.));
#10467=DIRECTION('center_axis',(0.,0.584478495976725,-0.81140919870358));
#10468=DIRECTION('ref_axis',(0.,0.81140919870358,0.584478495976725));
#10469=DIRECTION('',(0.,0.81140919870358,0.584478495976725));
#10470=DIRECTION('',(0.,-0.81140919870358,-0.584478495976725));
#10471=DIRECTION('',(1.,0.,0.));
#10472=DIRECTION('center_axis',(0.,0.382602099302437,0.923913217574772));
#10473=DIRECTION('ref_axis',(0.,-0.923913217574772,0.382602099302437));
#10474=DIRECTION('',(0.,-0.923913217574772,0.382602099302437));
#10475=DIRECTION('',(0.,0.923913217574772,-0.382602099302437));
#10476=DIRECTION('',(1.,0.,0.));
#10477=DIRECTION('center_axis',(0.,0.372650138871661,0.927971914445115));
#10478=DIRECTION('ref_axis',(0.,-0.927971914445115,0.372650138871661));
#10479=DIRECTION('',(0.,-0.927971914445115,0.372650138871661));
#10480=DIRECTION('',(0.,0.927971914445115,-0.372650138871661));
#10481=DIRECTION('',(-1.,0.,0.));
#10482=DIRECTION('center_axis',(0.,-0.686581588754613,0.727052764235988));
#10483=DIRECTION('ref_axis',(0.,-0.727052764235988,-0.686581588754613));
#10484=DIRECTION('',(0.,-0.727052764235988,-0.686581588754613));
#10485=DIRECTION('',(1.,0.,0.));
#10486=DIRECTION('',(0.,0.727052764235988,0.686581588754613));
#10487=DIRECTION('center_axis',(0.,0.355429211126465,0.934703202026193));
#10488=DIRECTION('ref_axis',(0.,-0.934703202026194,0.355429211126465));
#10489=DIRECTION('',(0.,-0.934703202026194,0.355429211126465));
#10490=DIRECTION('',(0.,0.934703202026194,-0.355429211126465));
#10491=DIRECTION('center_axis',(0.,0.132163720091018,0.991227900682635));
#10492=DIRECTION('ref_axis',(0.,-0.991227900682635,0.132163720091018));
#10493=DIRECTION('',(0.,-0.991227900682635,0.132163720091018));
#10494=DIRECTION('',(1.,0.,0.));
#10495=DIRECTION('',(0.,0.991227900682635,-0.132163720091018));
#10496=DIRECTION('',(1.,0.,0.));
#10497=DIRECTION('center_axis',(0.,0.119735377891497,0.99280584168365));
#10498=DIRECTION('ref_axis',(0.,-0.99280584168365,0.119735377891497));
#10499=DIRECTION('',(0.,-0.99280584168365,0.119735377891497));
#10500=DIRECTION('',(0.,0.99280584168365,-0.119735377891497));
#10501=DIRECTION('',(1.,0.,0.));
#10502=DIRECTION('center_axis',(0.,0.11017423951133,0.993912288357529));
#10503=DIRECTION('ref_axis',(0.,-0.993912288357529,0.11017423951133));
#10504=DIRECTION('',(0.,-0.993912288357529,0.11017423951133));
#10505=DIRECTION('',(0.,0.993912288357529,-0.11017423951133));
#10506=DIRECTION('',(1.,0.,0.));
#10507=DIRECTION('center_axis',(0.,0.0995037190210009,0.995037190209989));
#10508=DIRECTION('ref_axis',(0.,-0.995037190209989,0.0995037190210009));
#10509=DIRECTION('',(0.,-0.995037190209989,0.0995037190210009));
#10510=DIRECTION('',(0.,0.995037190209989,-0.0995037190210009));
#10511=DIRECTION('',(1.,0.,0.));
#10512=DIRECTION('center_axis',(0.,0.0929294516015967,0.995672695731397));
#10513=DIRECTION('ref_axis',(0.,-0.995672695731397,0.0929294516015967));
#10514=DIRECTION('',(0.,-0.995672695731397,0.0929294516015967));
#10515=DIRECTION('',(0.,0.995672695731397,-0.0929294516015967));
#10516=DIRECTION('',(-1.,0.,0.));
#10517=DIRECTION('center_axis',(0.,0.988801863017055,-0.149234297981397));
#10518=DIRECTION('ref_axis',(0.,0.149234297981397,0.988801863017055));
#10519=DIRECTION('',(0.,0.149234297981397,0.988801863017055));
#10520=DIRECTION('',(1.,0.,0.));
#10521=DIRECTION('',(0.,-0.149234297981397,-0.988801863017055));
#10522=DIRECTION('center_axis',(0.,0.,-1.));
#10523=DIRECTION('ref_axis',(0.,1.,0.));
#10524=DIRECTION('',(0.,1.,0.));
#10525=DIRECTION('',(1.,0.,0.));
#10526=DIRECTION('',(0.,-1.,0.));
#10527=DIRECTION('center_axis',(0.,-1.,0.));
#10528=DIRECTION('ref_axis',(0.,0.,-1.));
#10529=DIRECTION('',(0.,0.,-1.));
#10530=DIRECTION('',(0.,0.,1.));
#10531=DIRECTION('center_axis',(0.,0.930853848312218,-0.365391725525271));
#10532=DIRECTION('ref_axis',(0.,0.365391725525271,0.930853848312218));
#10533=DIRECTION('',(0.,0.365391725525271,0.930853848312218));
#10534=DIRECTION('',(1.,0.,0.));
#10535=DIRECTION('',(0.,-0.365391725525271,-0.930853848312218));
#10536=DIRECTION('',(1.,0.,0.));
#10537=DIRECTION('center_axis',(0.,0.196116135138184,0.98058067569092));
#10538=DIRECTION('ref_axis',(0.,-0.98058067569092,0.196116135138184));
#10539=DIRECTION('',(0.,-0.98058067569092,0.196116135138184));
#10540=DIRECTION('',(0.,0.98058067569092,-0.196116135138184));
#10541=DIRECTION('',(1.,0.,0.));
#10542=DIRECTION('center_axis',(0.,0.183689005799344,0.982984409412707));
#10543=DIRECTION('ref_axis',(0.,-0.982984409412707,0.183689005799344));
#10544=DIRECTION('',(0.,-0.982984409412707,0.183689005799344));
#10545=DIRECTION('',(0.,0.982984409412707,-0.183689005799344));
#10546=DIRECTION('',(1.,0.,0.));
#10547=DIRECTION('center_axis',(0.,0.172323843886197,0.985040350862992));
#10548=DIRECTION('ref_axis',(0.,-0.985040350862991,0.172323843886197));
#10549=DIRECTION('',(0.,-0.985040350862991,0.172323843886197));
#10550=DIRECTION('',(0.,0.985040350862991,-0.172323843886197));
#10551=DIRECTION('',(1.,0.,0.));
#10552=DIRECTION('center_axis',(0.,0.164398987305357,0.986393923832144));
#10553=DIRECTION('ref_axis',(0.,-0.986393923832144,0.164398987305357));
#10554=DIRECTION('',(0.,-0.986393923832144,0.164398987305357));
#10555=DIRECTION('',(0.,0.986393923832144,-0.164398987305357));
#10556=DIRECTION('',(-1.,0.,0.));
#10557=DIRECTION('center_axis',(0.,0.,-1.));
#10558=DIRECTION('ref_axis',(0.,1.,0.));
#10559=DIRECTION('',(0.,1.,0.));
#10560=DIRECTION('',(1.,0.,0.));
#10561=DIRECTION('',(0.,-1.,0.));
#10562=DIRECTION('center_axis',(0.,-0.988840159699834,0.148980329455964));
#10563=DIRECTION('ref_axis',(0.,-0.148980329455964,-0.988840159699834));
#10564=DIRECTION('',(0.,-0.148980329455964,-0.988840159699834));
#10565=DIRECTION('',(1.,0.,0.));
#10566=DIRECTION('',(0.,0.148980329455964,0.988840159699834));
#10567=DIRECTION('center_axis',(0.,0.152941176470588,0.988235294117647));
#10568=DIRECTION('ref_axis',(0.,-0.988235294117647,0.152941176470588));
#10569=DIRECTION('',(0.,-0.988235294117647,0.152941176470588));
#10570=DIRECTION('',(0.,0.988235294117647,-0.152941176470588));
#10571=DIRECTION('center_axis',(0.,0.826396113828401,-0.563089214112041));
#10572=DIRECTION('ref_axis',(0.,0.563089214112041,0.826396113828401));
#10573=DIRECTION('',(0.,0.563089214112041,0.826396113828401));
#10574=DIRECTION('',(1.,0.,0.));
#10575=DIRECTION('',(0.,-0.563089214112041,-0.826396113828401));
#10576=DIRECTION('',(1.,0.,0.));
#10577=DIRECTION('center_axis',(0.,0.261732970242704,0.965140327769973));
#10578=DIRECTION('ref_axis',(0.,-0.965140327769973,0.261732970242704));
#10579=DIRECTION('',(0.,-0.965140327769973,0.261732970242704));
#10580=DIRECTION('',(0.,0.965140327769973,-0.261732970242704));
#10581=DIRECTION('',(1.,0.,0.));
#10582=DIRECTION('center_axis',(0.,0.250460658987594,0.96812677800973));
#10583=DIRECTION('ref_axis',(0.,-0.96812677800973,0.250460658987594));
#10584=DIRECTION('',(0.,-0.96812677800973,0.250460658987594));
#10585=DIRECTION('',(0.,0.96812677800973,-0.250460658987594));
#10586=DIRECTION('',(1.,0.,0.));
#10587=DIRECTION('center_axis',(0.,0.237005333459067,0.971508348863743));
#10588=DIRECTION('ref_axis',(0.,-0.971508348863743,0.237005333459067));
#10589=DIRECTION('',(0.,-0.971508348863743,0.237005333459067));
#10590=DIRECTION('',(0.,0.971508348863743,-0.237005333459067));
#10591=DIRECTION('',(1.,0.,0.));
#10592=DIRECTION('center_axis',(0.,0.228768026856,0.973480965344681));
#10593=DIRECTION('ref_axis',(0.,-0.973480965344681,0.228768026856));
#10594=DIRECTION('',(0.,-0.973480965344681,0.228768026856));
#10595=DIRECTION('',(0.,0.973480965344681,-0.228768026856));
#10596=DIRECTION('',(-1.,0.,0.));
#10597=DIRECTION('center_axis',(0.,0.,-1.));
#10598=DIRECTION('ref_axis',(0.,1.,0.));
#10599=DIRECTION('',(0.,1.,0.));
#10600=DIRECTION('',(1.,0.,0.));
#10601=DIRECTION('',(0.,-1.,0.));
#10602=DIRECTION('center_axis',(0.,-0.930916138481379,0.365232998392694));
#10603=DIRECTION('ref_axis',(0.,-0.365232998392694,-0.930916138481379));
#10604=DIRECTION('',(0.,-0.365232998392695,-0.930916138481379));
#10605=DIRECTION('',(1.,0.,0.));
#10606=DIRECTION('',(0.,0.365232998392695,0.930916138481379));
#10607=DIRECTION('center_axis',(0.,0.215285157106786,0.976551228113255));
#10608=DIRECTION('ref_axis',(0.,-0.976551228113255,0.215285157106786));
#10609=DIRECTION('',(0.,-0.976551228113255,0.215285157106786));
#10610=DIRECTION('',(0.,0.976551228113255,-0.215285157106786));
#10611=DIRECTION('center_axis',(0.,0.686758953165628,-0.726885231826078));
#10612=DIRECTION('ref_axis',(0.,0.726885231826078,0.686758953165628));
#10613=DIRECTION('',(0.,0.726885231826078,0.686758953165628));
#10614=DIRECTION('',(1.,0.,0.));
#10615=DIRECTION('',(0.,-0.726885231826078,-0.686758953165628));
#10616=DIRECTION('',(1.,0.,0.));
#10617=DIRECTION('center_axis',(0.,0.331137932096664,0.943582359906514));
#10618=DIRECTION('ref_axis',(0.,-0.943582359906514,0.331137932096663));
#10619=DIRECTION('',(0.,-0.943582359906514,0.331137932096663));
#10620=DIRECTION('',(0.,0.943582359906514,-0.331137932096663));
#10621=DIRECTION('',(1.,0.,0.));
#10622=DIRECTION('center_axis',(0.,0.320807033680389,0.947144575627813));
#10623=DIRECTION('ref_axis',(0.,-0.947144575627813,0.320807033680389));
#10624=DIRECTION('',(0.,-0.947144575627813,0.320807033680389));
#10625=DIRECTION('',(0.,0.947144575627813,-0.320807033680389));
#10626=DIRECTION('',(1.,0.,0.));
#10627=DIRECTION('center_axis',(0.,0.309127188956078,0.951020704847225));
#10628=DIRECTION('ref_axis',(0.,-0.951020704847225,0.309127188956078));
#10629=DIRECTION('',(0.,-0.951020704847225,0.309127188956078));
#10630=DIRECTION('',(0.,0.951020704847225,-0.309127188956078));
#10631=DIRECTION('',(1.,0.,0.));
#10632=DIRECTION('center_axis',(0.,0.293758173362203,0.95587977046431));
#10633=DIRECTION('ref_axis',(0.,-0.95587977046431,0.293758173362203));
#10634=DIRECTION('',(0.,-0.95587977046431,0.293758173362203));
#10635=DIRECTION('',(0.,0.95587977046431,-0.293758173362203));
#10636=DIRECTION('',(-1.,0.,0.));
#10637=DIRECTION('center_axis',(0.,0.,-1.));
#10638=DIRECTION('ref_axis',(0.,1.,0.));
#10639=DIRECTION('',(0.,1.,0.));
#10640=DIRECTION('',(1.,0.,0.));
#10641=DIRECTION('',(0.,-1.,0.));
#10642=DIRECTION('center_axis',(0.,-0.826301655548369,0.563227817173499));
#10643=DIRECTION('ref_axis',(0.,-0.563227817173499,-0.826301655548369));
#10644=DIRECTION('',(0.,-0.563227817173499,-0.826301655548369));
#10645=DIRECTION('',(1.,0.,0.));
#10646=DIRECTION('',(0.,0.563227817173499,0.826301655548369));
#10647=DIRECTION('center_axis',(0.,0.28415414437836,0.958778609603177));
#10648=DIRECTION('ref_axis',(0.,-0.958778609603177,0.28415414437836));
#10649=DIRECTION('',(0.,-0.958778609603177,0.28415414437836));
#10650=DIRECTION('',(0.,0.958778609603177,-0.28415414437836));
#10651=DIRECTION('center_axis',(0.,0.,-1.));
#10652=DIRECTION('ref_axis',(0.,1.,0.));
#10653=DIRECTION('',(0.,1.,0.));
#10654=DIRECTION('',(1.,0.,0.));
#10655=DIRECTION('',(0.,-1.,0.));
#10656=DIRECTION('',(1.,0.,0.));
#10657=DIRECTION('center_axis',(0.,0.441446332790508,0.897287654693751));
#10658=DIRECTION('ref_axis',(0.,-0.897287654693751,0.441446332790508));
#10659=DIRECTION('',(0.,-0.897287654693751,0.441446332790508));
#10660=DIRECTION('',(0.,0.897287654693751,-0.441446332790508));
#10661=DIRECTION('',(1.,0.,0.));
#10662=DIRECTION('center_axis',(0.,0.424790674352246,0.90529160107855));
#10663=DIRECTION('ref_axis',(0.,-0.90529160107855,0.424790674352246));
#10664=DIRECTION('',(0.,-0.90529160107855,0.424790674352246));
#10665=DIRECTION('',(0.,0.90529160107855,-0.424790674352246));
#10666=DIRECTION('',(-1.,0.,0.));
#10667=DIRECTION('center_axis',(0.,-0.585027786124875,0.811013248635205));
#10668=DIRECTION('ref_axis',(0.,-0.811013248635205,-0.585027786124875));
#10669=DIRECTION('',(0.,-0.811013248635205,-0.585027786124875));
#10670=DIRECTION('',(1.,0.,0.));
#10671=DIRECTION('',(0.,0.811013248635205,0.585027786124875));
#10672=DIRECTION('center_axis',(0.,0.409814921441035,0.912168696110691));
#10673=DIRECTION('ref_axis',(0.,-0.912168696110691,0.409814921441035));
#10674=DIRECTION('',(0.,-0.912168696110691,0.409814921441035));
#10675=DIRECTION('',(0.,0.912168696110691,-0.409814921441035));
#10676=DIRECTION('center_axis',(-1.,0.,0.));
#10677=DIRECTION('ref_axis',(0.,0.,1.));
#10678=DIRECTION('',(0.,0.190791693734172,0.981630546388022));
#10679=DIRECTION('',(0.,0.544373937592774,0.838842664669447));
#10680=DIRECTION('',(0.,0.766978756201997,0.641672492424943));
#10681=DIRECTION('',(0.,0.885483838727537,0.464670174803963));
#10682=DIRECTION('',(0.,0.982967672457606,0.183778548539476));
#10683=DIRECTION('',(0.,0.997597341612515,-0.069278741383217));
#10684=DIRECTION('',(0.,0.993947288195862,-0.109858036975416));
#10685=DIRECTION('',(0.,0.988730711132461,-0.149704979421183));
#10686=DIRECTION('',(0.,0.999795366316364,-0.0202293225869518));
#10687=DIRECTION('',(0.,0.976803965441026,0.214135501724228));
#10688=DIRECTION('',(0.,0.879958148627578,0.475051214779969));
#10689=DIRECTION('',(0.,0.667171024120627,0.744904574139422));
#10690=DIRECTION('',(0.,0.8375885960232,0.546301513645977));
#10691=DIRECTION('',(0.,0.942651269906031,0.333779243429765));
#10692=DIRECTION('',(0.,0.986026287350323,0.166589797569174));
#10693=DIRECTION('',(0.,0.999984335064513,-0.00559728734161038));
#10694=DIRECTION('',(0.,0.984137517066044,-0.177407292699826));
#10695=DIRECTION('',(0.,0.914630503276162,-0.404290789502797));
#10696=DIRECTION('',(0.,0.752597247346225,-0.658481118398154));
#10697=DIRECTION('',(0.,0.540581687958387,-0.841291530115489));
#10698=DIRECTION('',(0.,0.294818016019546,-0.955553419454035));
#10699=DIRECTION('',(0.,0.445033781960383,-0.895513781532165));
#10700=DIRECTION('',(0.,0.650890083816866,-0.7591719823524));
#10701=DIRECTION('',(0.,0.833859187106109,-0.551977224239134));
#10702=DIRECTION('',(0.,0.967513874140833,-0.25281792528418));
#10703=DIRECTION('',(0.,0.957621749413811,-0.288028792049739));
#10704=DIRECTION('',(0.,0.944799425071385,-0.327649273438507));
#10705=DIRECTION('',(0.,0.930330831017068,-0.366721344973389));
#10706=DIRECTION('',(0.,0.914253138022969,-0.405143430916945));
#10707=DIRECTION('',(0.,0.896593272755366,-0.442854946060019));
#10708=DIRECTION('',(0.,0.877375926176054,-0.47980358915572));
#10709=DIRECTION('',(0.,0.856637030792232,-0.515919564927972));
#10710=DIRECTION('',(0.,0.681665968623701,-0.731663520493069));
#10711=DIRECTION('',(0.,0.242214983038202,-0.970222604350055));
#10712=DIRECTION('',(0.,-0.20433184963242,-0.978901678017662));
#10713=DIRECTION('',(0.,-0.568036902496459,-0.823003084685731));
#10714=DIRECTION('',(0.,-0.8362280729589,-0.548381810416287));
#10715=DIRECTION('',(0.,-0.981373108419824,-0.192111483442329));
#10716=DIRECTION('',(0.,-1.,0.));
#10717=DIRECTION('',(0.,-0.991455019843988,0.130449007762259));
#10718=DIRECTION('',(0.,-0.915266556924236,0.402848767872081));
#10719=DIRECTION('',(0.,-0.744192290155561,0.667965444669873));
#10720=DIRECTION('',(0.,-0.4910060035632,0.871156188329564));
#10721=DIRECTION('',(0.,-0.195203033134163,0.980762854035175));
#10722=DIRECTION('',(0.,-8.3690659336999E-5,0.999999996497937));
#10723=DIRECTION('center_axis',(0.,-0.838842664669447,0.544373937592774));
#10724=DIRECTION('ref_axis',(0.,-0.544373937592774,-0.838842664669447));
#10725=DIRECTION('',(-1.,0.,0.));
#10726=DIRECTION('',(0.,-0.544373937592774,-0.838842664669447));
#10727=DIRECTION('',(1.,0.,0.));
#10728=DIRECTION('center_axis',(0.,-0.641672492424943,0.766978756201997));
#10729=DIRECTION('ref_axis',(0.,-0.766978756201997,-0.641672492424943));
#10730=DIRECTION('',(0.,-0.766978756201997,-0.641672492424943));
#10731=DIRECTION('',(1.,0.,0.));
#10732=DIRECTION('center_axis',(0.,-0.464670174803963,0.885483838727537));
#10733=DIRECTION('ref_axis',(0.,-0.885483838727537,-0.464670174803963));
#10734=DIRECTION('',(0.,-0.885483838727537,-0.464670174803963));
#10735=DIRECTION('',(1.,0.,0.));
#10736=DIRECTION('center_axis',(0.,-0.183778548539476,0.982967672457606));
#10737=DIRECTION('ref_axis',(0.,-0.982967672457606,-0.183778548539476));
#10738=DIRECTION('',(0.,-0.982967672457606,-0.183778548539476));
#10739=DIRECTION('',(1.,0.,0.));
#10740=DIRECTION('center_axis',(0.,0.069278741383217,0.997597341612515));
#10741=DIRECTION('ref_axis',(0.,-0.997597341612515,0.069278741383217));
#10742=DIRECTION('',(0.,-0.997597341612515,0.069278741383217));
#10743=DIRECTION('',(1.,0.,0.));
#10744=DIRECTION('center_axis',(0.,0.109858036975416,0.993947288195862));
#10745=DIRECTION('ref_axis',(0.,-0.993947288195862,0.109858036975416));
#10746=DIRECTION('',(0.,-0.993947288195862,0.109858036975416));
#10747=DIRECTION('',(1.,0.,0.));
#10748=DIRECTION('center_axis',(0.,0.149704979421183,0.988730711132462));
#10749=DIRECTION('ref_axis',(0.,-0.988730711132461,0.149704979421183));
#10750=DIRECTION('',(0.,-0.988730711132461,0.149704979421183));
#10751=DIRECTION('',(1.,0.,0.));
#10752=DIRECTION('center_axis',(0.,0.0202293225869518,0.999795366316364));
#10753=DIRECTION('ref_axis',(0.,-0.999795366316364,0.0202293225869518));
#10754=DIRECTION('',(0.,-0.999795366316364,0.0202293225869518));
#10755=DIRECTION('',(1.,0.,0.));
#10756=DIRECTION('center_axis',(0.,-0.214135501724228,0.976803965441026));
#10757=DIRECTION('ref_axis',(0.,-0.976803965441026,-0.214135501724228));
#10758=DIRECTION('',(0.,-0.976803965441026,-0.214135501724228));
#10759=DIRECTION('',(1.,0.,0.));
#10760=DIRECTION('center_axis',(0.,-0.475051214779969,0.879958148627578));
#10761=DIRECTION('ref_axis',(0.,-0.879958148627578,-0.475051214779969));
#10762=DIRECTION('',(0.,-0.879958148627578,-0.475051214779969));
#10763=DIRECTION('',(1.,0.,0.));
#10764=DIRECTION('center_axis',(0.,-0.744904574139422,0.667171024120627));
#10765=DIRECTION('ref_axis',(0.,-0.667171024120627,-0.744904574139422));
#10766=DIRECTION('',(0.,-0.667171024120627,-0.744904574139422));
#10767=DIRECTION('',(1.,0.,0.));
#10768=DIRECTION('center_axis',(0.,-0.546301513645977,0.8375885960232));
#10769=DIRECTION('ref_axis',(0.,-0.8375885960232,-0.546301513645977));
#10770=DIRECTION('',(0.,-0.8375885960232,-0.546301513645977));
#10771=DIRECTION('',(1.,0.,0.));
#10772=DIRECTION('center_axis',(0.,-0.333779243429765,0.942651269906032));
#10773=DIRECTION('ref_axis',(0.,-0.942651269906032,-0.333779243429765));
#10774=DIRECTION('',(0.,-0.942651269906031,-0.333779243429765));
#10775=DIRECTION('',(1.,0.,0.));
#10776=DIRECTION('center_axis',(0.,-0.166589797569174,0.986026287350323));
#10777=DIRECTION('ref_axis',(0.,-0.986026287350323,-0.166589797569174));
#10778=DIRECTION('',(0.,-0.986026287350323,-0.166589797569174));
#10779=DIRECTION('',(1.,0.,0.));
#10780=DIRECTION('center_axis',(0.,0.00559728734161038,0.999984335064513));
#10781=DIRECTION('ref_axis',(0.,-0.999984335064513,0.00559728734161038));
#10782=DIRECTION('',(0.,-0.999984335064513,0.00559728734161038));
#10783=DIRECTION('',(1.,0.,0.));
#10784=DIRECTION('center_axis',(0.,0.177407292699826,0.984137517066044));
#10785=DIRECTION('ref_axis',(0.,-0.984137517066044,0.177407292699826));
#10786=DIRECTION('',(0.,-0.984137517066044,0.177407292699826));
#10787=DIRECTION('',(1.,0.,0.));
#10788=DIRECTION('center_axis',(0.,0.404290789502797,0.914630503276162));
#10789=DIRECTION('ref_axis',(0.,-0.914630503276162,0.404290789502797));
#10790=DIRECTION('',(0.,-0.914630503276162,0.404290789502797));
#10791=DIRECTION('',(1.,0.,0.));
#10792=DIRECTION('center_axis',(0.,0.658481118398154,0.752597247346225));
#10793=DIRECTION('ref_axis',(0.,-0.752597247346225,0.658481118398154));
#10794=DIRECTION('',(0.,-0.752597247346225,0.658481118398154));
#10795=DIRECTION('',(1.,0.,0.));
#10796=DIRECTION('center_axis',(0.,0.841291530115489,0.540581687958387));
#10797=DIRECTION('ref_axis',(0.,-0.540581687958387,0.841291530115489));
#10798=DIRECTION('',(0.,-0.540581687958387,0.841291530115489));
#10799=DIRECTION('',(1.,0.,0.));
#10800=DIRECTION('center_axis',(0.,0.955553419454035,0.294818016019546));
#10801=DIRECTION('ref_axis',(0.,-0.294818016019546,0.955553419454035));
#10802=DIRECTION('',(0.,-0.294818016019546,0.955553419454035));
#10803=DIRECTION('',(1.,0.,0.));
#10804=DIRECTION('center_axis',(0.,0.895513781532165,0.445033781960383));
#10805=DIRECTION('ref_axis',(0.,-0.445033781960383,0.895513781532165));
#10806=DIRECTION('',(0.,-0.445033781960383,0.895513781532165));
#10807=DIRECTION('',(1.,0.,0.));
#10808=DIRECTION('center_axis',(0.,0.7591719823524,0.650890083816866));
#10809=DIRECTION('ref_axis',(0.,-0.650890083816866,0.7591719823524));
#10810=DIRECTION('',(0.,-0.650890083816866,0.7591719823524));
#10811=DIRECTION('',(1.,0.,0.));
#10812=DIRECTION('center_axis',(0.,0.551977224239134,0.833859187106109));
#10813=DIRECTION('ref_axis',(0.,-0.833859187106109,0.551977224239134));
#10814=DIRECTION('',(0.,-0.833859187106109,0.551977224239134));
#10815=DIRECTION('',(1.,0.,0.));
#10816=DIRECTION('center_axis',(0.,0.25281792528418,0.967513874140832));
#10817=DIRECTION('ref_axis',(0.,-0.967513874140833,0.25281792528418));
#10818=DIRECTION('',(0.,-0.967513874140833,0.25281792528418));
#10819=DIRECTION('',(1.,0.,0.));
#10820=DIRECTION('center_axis',(0.,0.288028792049739,0.957621749413811));
#10821=DIRECTION('ref_axis',(0.,-0.957621749413811,0.288028792049739));
#10822=DIRECTION('',(0.,-0.957621749413811,0.288028792049739));
#10823=DIRECTION('',(1.,0.,0.));
#10824=DIRECTION('center_axis',(0.,0.327649273438507,0.944799425071385));
#10825=DIRECTION('ref_axis',(0.,-0.944799425071385,0.327649273438507));
#10826=DIRECTION('',(0.,-0.944799425071385,0.327649273438507));
#10827=DIRECTION('',(1.,0.,0.));
#10828=DIRECTION('center_axis',(0.,0.366721344973389,0.930330831017068));
#10829=DIRECTION('ref_axis',(0.,-0.930330831017068,0.366721344973389));
#10830=DIRECTION('',(0.,-0.930330831017068,0.366721344973389));
#10831=DIRECTION('',(1.,0.,0.));
#10832=DIRECTION('center_axis',(0.,0.405143430916945,0.91425313802297));
#10833=DIRECTION('ref_axis',(0.,-0.914253138022969,0.405143430916945));
#10834=DIRECTION('',(0.,-0.914253138022969,0.405143430916945));
#10835=DIRECTION('',(1.,0.,0.));
#10836=DIRECTION('center_axis',(0.,0.442854946060019,0.896593272755366));
#10837=DIRECTION('ref_axis',(0.,-0.896593272755366,0.442854946060019));
#10838=DIRECTION('',(0.,-0.896593272755366,0.442854946060019));
#10839=DIRECTION('',(1.,0.,0.));
#10840=DIRECTION('center_axis',(0.,0.47980358915572,0.877375926176055));
#10841=DIRECTION('ref_axis',(0.,-0.877375926176054,0.47980358915572));
#10842=DIRECTION('',(0.,-0.877375926176054,0.47980358915572));
#10843=DIRECTION('',(1.,0.,0.));
#10844=DIRECTION('center_axis',(0.,0.515919564927972,0.856637030792232));
#10845=DIRECTION('ref_axis',(0.,-0.856637030792232,0.515919564927972));
#10846=DIRECTION('',(0.,-0.856637030792232,0.515919564927972));
#10847=DIRECTION('',(1.,0.,0.));
#10848=DIRECTION('center_axis',(0.,0.731663520493069,0.681665968623701));
#10849=DIRECTION('ref_axis',(0.,-0.681665968623701,0.731663520493069));
#10850=DIRECTION('',(0.,-0.681665968623701,0.731663520493069));
#10851=DIRECTION('',(1.,0.,0.));
#10852=DIRECTION('center_axis',(0.,0.970222604350055,0.242214983038202));
#10853=DIRECTION('ref_axis',(0.,-0.242214983038202,0.970222604350055));
#10854=DIRECTION('',(0.,-0.242214983038202,0.970222604350055));
#10855=DIRECTION('',(1.,0.,0.));
#10856=DIRECTION('center_axis',(0.,0.978901678017662,-0.20433184963242));
#10857=DIRECTION('ref_axis',(0.,0.20433184963242,0.978901678017662));
#10858=DIRECTION('',(0.,0.20433184963242,0.978901678017662));
#10859=DIRECTION('',(1.,0.,0.));
#10860=DIRECTION('center_axis',(0.,0.823003084685731,-0.568036902496459));
#10861=DIRECTION('ref_axis',(0.,0.568036902496459,0.823003084685731));
#10862=DIRECTION('',(0.,0.568036902496459,0.823003084685731));
#10863=DIRECTION('',(1.,0.,0.));
#10864=DIRECTION('center_axis',(0.,0.548381810416287,-0.8362280729589));
#10865=DIRECTION('ref_axis',(0.,0.8362280729589,0.548381810416287));
#10866=DIRECTION('',(0.,0.8362280729589,0.548381810416287));
#10867=DIRECTION('',(1.,0.,0.));
#10868=DIRECTION('center_axis',(0.,0.192111483442329,-0.981373108419824));
#10869=DIRECTION('ref_axis',(0.,0.981373108419824,0.192111483442329));
#10870=DIRECTION('',(0.,0.981373108419824,0.192111483442329));
#10871=DIRECTION('',(1.,0.,0.));
#10872=DIRECTION('center_axis',(0.,0.,-1.));
#10873=DIRECTION('ref_axis',(0.,1.,0.));
#10874=DIRECTION('',(0.,1.,0.));
#10875=DIRECTION('',(1.,0.,0.));
#10876=DIRECTION('center_axis',(0.,-0.130449007762259,-0.991455019843988));
#10877=DIRECTION('ref_axis',(0.,0.991455019843988,-0.130449007762259));
#10878=DIRECTION('',(0.,0.991455019843988,-0.130449007762259));
#10879=DIRECTION('',(1.,0.,0.));
#10880=DIRECTION('center_axis',(0.,-0.402848767872081,-0.915266556924237));
#10881=DIRECTION('ref_axis',(0.,0.915266556924236,-0.402848767872081));
#10882=DIRECTION('',(0.,0.915266556924236,-0.402848767872081));
#10883=DIRECTION('',(1.,0.,0.));
#10884=DIRECTION('center_axis',(0.,-0.667965444669873,-0.744192290155561));
#10885=DIRECTION('ref_axis',(0.,0.744192290155561,-0.667965444669873));
#10886=DIRECTION('',(0.,0.744192290155561,-0.667965444669873));
#10887=DIRECTION('',(1.,0.,0.));
#10888=DIRECTION('center_axis',(0.,-0.871156188329564,-0.4910060035632));
#10889=DIRECTION('ref_axis',(0.,0.4910060035632,-0.871156188329564));
#10890=DIRECTION('',(0.,0.4910060035632,-0.871156188329564));
#10891=DIRECTION('',(1.,0.,0.));
#10892=DIRECTION('center_axis',(0.,-0.980762854035175,-0.195203033134163));
#10893=DIRECTION('ref_axis',(0.,0.195203033134163,-0.980762854035176));
#10894=DIRECTION('',(0.,0.195203033134163,-0.980762854035175));
#10895=DIRECTION('',(1.,0.,0.));
#10896=DIRECTION('center_axis',(0.,-0.999999996497937,-8.3690659336999E-5));
#10897=DIRECTION('ref_axis',(0.,8.3690659336999E-5,-0.999999996497937));
#10898=DIRECTION('',(0.,8.3690659336999E-5,-0.999999996497937));
#10899=DIRECTION('',(1.,0.,0.));
#10900=DIRECTION('center_axis',(0.,-0.981630546388022,0.190791693734172));
#10901=DIRECTION('ref_axis',(0.,-0.190791693734172,-0.981630546388022));
#10902=DIRECTION('',(0.,-0.190791693734172,-0.981630546388022));
#10903=DIRECTION('center_axis',(1.,0.,0.));
#10904=DIRECTION('ref_axis',(0.,0.,-1.));
#10905=DIRECTION('',(0.,0.,1.));
#10906=DIRECTION('',(1.,0.,0.));
#10907=DIRECTION('',(-1.,0.,0.));
#10908=DIRECTION('',(0.,0.,1.));
#10909=DIRECTION('',(1.,0.,0.));
#10910=DIRECTION('',(0.,0.,-1.));
#10911=CARTESIAN_POINT('',(0.,0.,0.));
#10912=CARTESIAN_POINT('',(0.,0.,0.));
#10913=CARTESIAN_POINT('',(0.,0.,0.));
#10914=CARTESIAN_POINT('Origin',(15.9,13.721687836487,6.25));
#10915=CARTESIAN_POINT('',(15.9,13.721687836487,6.25));
#10916=CARTESIAN_POINT('',(15.9,14.4433756729741,5.));
#10917=CARTESIAN_POINT('',(15.9,13.9021097956088,5.9375));
#10918=CARTESIAN_POINT('',(14.4,13.721687836487,6.25));
#10919=CARTESIAN_POINT('',(15.9,13.721687836487,6.25));
#10920=CARTESIAN_POINT('',(14.4,14.4433756729741,5.));
#10921=CARTESIAN_POINT('',(14.4,14.4433756729741,5.));
#10922=CARTESIAN_POINT('',(15.9,14.4433756729741,5.));
#10923=CARTESIAN_POINT('Origin',(15.9,12.278312163513,6.25));
#10924=CARTESIAN_POINT('',(15.9,12.278312163513,6.25));
#10925=CARTESIAN_POINT('',(15.9,12.6391560817565,6.25));
#10926=CARTESIAN_POINT('',(14.4,12.278312163513,6.25));
#10927=CARTESIAN_POINT('',(15.9,12.278312163513,6.25));
#10928=CARTESIAN_POINT('',(14.4,13.721687836487,6.25));
#10929=CARTESIAN_POINT('Origin',(15.9,11.5566243270259,5.));
#10930=CARTESIAN_POINT('',(15.9,11.5566243270259,5.));
#10931=CARTESIAN_POINT('',(15.9,11.7370462861477,5.3125));
#10932=CARTESIAN_POINT('',(14.4,11.5566243270259,5.));
#10933=CARTESIAN_POINT('',(15.9,11.5566243270259,5.));
#10934=CARTESIAN_POINT('',(14.4,12.278312163513,6.25));
#10935=CARTESIAN_POINT('Origin',(15.9,12.278312163513,3.75));
#10936=CARTESIAN_POINT('',(15.9,12.278312163513,3.75));
#10937=CARTESIAN_POINT('',(15.9,12.0978902043912,4.0625));
#10938=CARTESIAN_POINT('',(14.4,12.278312163513,3.75));
#10939=CARTESIAN_POINT('',(15.9,12.278312163513,3.75));
#10940=CARTESIAN_POINT('',(14.4,11.5566243270259,5.));
#10941=CARTESIAN_POINT('Origin',(15.9,13.721687836487,3.75));
#10942=CARTESIAN_POINT('',(15.9,13.721687836487,3.75));
#10943=CARTESIAN_POINT('',(15.9,13.3608439182435,3.75));
#10944=CARTESIAN_POINT('',(14.4,13.721687836487,3.75));
#10945=CARTESIAN_POINT('',(15.9,13.721687836487,3.75));
#10946=CARTESIAN_POINT('',(14.4,12.278312163513,3.75));
#10947=CARTESIAN_POINT('Origin',(15.9,14.4433756729741,5.));
#10948=CARTESIAN_POINT('',(15.9,14.2629537138523,4.6875));
#10949=CARTESIAN_POINT('',(14.4,13.721687836487,3.75));
#10950=CARTESIAN_POINT('Origin',(14.4,13.,5.));
#10951=CARTESIAN_POINT('Origin',(12.9,13.,5.));
#10952=CARTESIAN_POINT('',(-17.1,13.,6.5));
#10953=CARTESIAN_POINT('Origin',(-17.1,13.,5.));
#10954=CARTESIAN_POINT('',(12.9,13.,6.5));
#10955=CARTESIAN_POINT('',(12.9,13.,6.5));
#10956=CARTESIAN_POINT('Origin',(12.9,13.,5.));
#10957=CARTESIAN_POINT('Origin',(-17.1,13.,5.));
#10958=CARTESIAN_POINT('Origin',(12.9,13.,5.));
#10959=CARTESIAN_POINT('',(15.9,13.,7.75));
#10960=CARTESIAN_POINT('Origin',(15.9,13.,5.));
#10961=CARTESIAN_POINT('',(12.9,13.,7.75));
#10962=CARTESIAN_POINT('',(12.9,13.,7.75));
#10963=CARTESIAN_POINT('Origin',(12.9,13.,5.));
#10964=CARTESIAN_POINT('Origin',(15.9,13.,5.));
#10965=CARTESIAN_POINT('Origin',(12.9,13.,5.));
#10966=CARTESIAN_POINT('Origin',(15.9,13.721687836487,20.75));
#10967=CARTESIAN_POINT('',(15.9,13.721687836487,20.75));
#10968=CARTESIAN_POINT('',(15.9,14.4433756729741,19.5));
#10969=CARTESIAN_POINT('',(15.9,13.9021097956088,20.4375));
#10970=CARTESIAN_POINT('',(14.4,13.721687836487,20.75));
#10971=CARTESIAN_POINT('',(15.9,13.721687836487,20.75));
#10972=CARTESIAN_POINT('',(14.4,14.4433756729741,19.5));
#10973=CARTESIAN_POINT('',(14.4,14.4433756729741,19.5));
#10974=CARTESIAN_POINT('',(15.9,14.4433756729741,19.5));
#10975=CARTESIAN_POINT('Origin',(15.9,12.278312163513,20.75));
#10976=CARTESIAN_POINT('',(15.9,12.278312163513,20.75));
#10977=CARTESIAN_POINT('',(15.9,12.6391560817565,20.75));
#10978=CARTESIAN_POINT('',(14.4,12.278312163513,20.75));
#10979=CARTESIAN_POINT('',(15.9,12.278312163513,20.75));
#10980=CARTESIAN_POINT('',(14.4,13.721687836487,20.75));
#10981=CARTESIAN_POINT('Origin',(15.9,11.5566243270259,19.5));
#10982=CARTESIAN_POINT('',(15.9,11.5566243270259,19.5));
#10983=CARTESIAN_POINT('',(15.9,11.7370462861477,19.8125));
#10984=CARTESIAN_POINT('',(14.4,11.5566243270259,19.5));
#10985=CARTESIAN_POINT('',(15.9,11.5566243270259,19.5));
#10986=CARTESIAN_POINT('',(14.4,12.278312163513,20.75));
#10987=CARTESIAN_POINT('Origin',(15.9,12.278312163513,18.25));
#10988=CARTESIAN_POINT('',(15.9,12.278312163513,18.25));
#10989=CARTESIAN_POINT('',(15.9,12.0978902043912,18.5625));
#10990=CARTESIAN_POINT('',(14.4,12.278312163513,18.25));
#10991=CARTESIAN_POINT('',(15.9,12.278312163513,18.25));
#10992=CARTESIAN_POINT('',(14.4,11.5566243270259,19.5));
#10993=CARTESIAN_POINT('Origin',(15.9,13.721687836487,18.25));
#10994=CARTESIAN_POINT('',(15.9,13.721687836487,18.25));
#10995=CARTESIAN_POINT('',(15.9,13.3608439182435,18.25));
#10996=CARTESIAN_POINT('',(14.4,13.721687836487,18.25));
#10997=CARTESIAN_POINT('',(15.9,13.721687836487,18.25));
#10998=CARTESIAN_POINT('',(14.4,12.278312163513,18.25));
#10999=CARTESIAN_POINT('Origin',(15.9,14.4433756729741,19.5));
#11000=CARTESIAN_POINT('',(15.9,14.2629537138523,19.1875));
#11001=CARTESIAN_POINT('',(14.4,13.721687836487,18.25));
#11002=CARTESIAN_POINT('Origin',(14.4,13.,19.5));
#11003=CARTESIAN_POINT('Origin',(12.9,13.,19.5));
#11004=CARTESIAN_POINT('',(-17.1,13.,21.));
#11005=CARTESIAN_POINT('Origin',(-17.1,13.,19.5));
#11006=CARTESIAN_POINT('',(12.9,13.,21.));
#11007=CARTESIAN_POINT('',(12.9,13.,21.));
#11008=CARTESIAN_POINT('Origin',(12.9,13.,19.5));
#11009=CARTESIAN_POINT('Origin',(-17.1,13.,19.5));
#11010=CARTESIAN_POINT('Origin',(12.9,13.,19.5));
#11011=CARTESIAN_POINT('',(15.9,13.,22.25));
#11012=CARTESIAN_POINT('Origin',(15.9,13.,19.5));
#11013=CARTESIAN_POINT('',(12.9,13.,22.25));
#11014=CARTESIAN_POINT('',(12.9,13.,22.25));
#11015=CARTESIAN_POINT('Origin',(12.9,13.,19.5));
#11016=CARTESIAN_POINT('Origin',(15.9,13.,19.5));
#11017=CARTESIAN_POINT('Origin',(12.9,13.,19.5));
#11018=CARTESIAN_POINT('Origin',(15.9,34.721687836487,20.75));
#11019=CARTESIAN_POINT('',(15.9,34.721687836487,20.75));
#11020=CARTESIAN_POINT('',(15.9,35.4433756729741,19.5));
#11021=CARTESIAN_POINT('',(15.9,34.9021097956088,20.4375));
#11022=CARTESIAN_POINT('',(14.4,34.721687836487,20.75));
#11023=CARTESIAN_POINT('',(15.9,34.721687836487,20.75));
#11024=CARTESIAN_POINT('',(14.4,35.4433756729741,19.5));
#11025=CARTESIAN_POINT('',(14.4,35.4433756729741,19.5));
#11026=CARTESIAN_POINT('',(15.9,35.4433756729741,19.5));
#11027=CARTESIAN_POINT('Origin',(15.9,33.278312163513,20.75));
#11028=CARTESIAN_POINT('',(15.9,33.278312163513,20.75));
#11029=CARTESIAN_POINT('',(15.9,33.6391560817565,20.75));
#11030=CARTESIAN_POINT('',(14.4,33.278312163513,20.75));
#11031=CARTESIAN_POINT('',(15.9,33.278312163513,20.75));
#11032=CARTESIAN_POINT('',(14.4,34.721687836487,20.75));
#11033=CARTESIAN_POINT('Origin',(15.9,32.5566243270259,19.5));
#11034=CARTESIAN_POINT('',(15.9,32.5566243270259,19.5));
#11035=CARTESIAN_POINT('',(15.9,32.7370462861477,19.8125));
#11036=CARTESIAN_POINT('',(14.4,32.5566243270259,19.5));
#11037=CARTESIAN_POINT('',(15.9,32.5566243270259,19.5));
#11038=CARTESIAN_POINT('',(14.4,33.278312163513,20.75));
#11039=CARTESIAN_POINT('Origin',(15.9,33.278312163513,18.25));
#11040=CARTESIAN_POINT('',(15.9,33.278312163513,18.25));
#11041=CARTESIAN_POINT('',(15.9,33.0978902043912,18.5625));
#11042=CARTESIAN_POINT('',(14.4,33.278312163513,18.25));
#11043=CARTESIAN_POINT('',(15.9,33.278312163513,18.25));
#11044=CARTESIAN_POINT('',(14.4,32.5566243270259,19.5));
#11045=CARTESIAN_POINT('Origin',(15.9,34.721687836487,18.25));
#11046=CARTESIAN_POINT('',(15.9,34.721687836487,18.25));
#11047=CARTESIAN_POINT('',(15.9,34.3608439182435,18.25));
#11048=CARTESIAN_POINT('',(14.4,34.721687836487,18.25));
#11049=CARTESIAN_POINT('',(15.9,34.721687836487,18.25));
#11050=CARTESIAN_POINT('',(14.4,33.278312163513,18.25));
#11051=CARTESIAN_POINT('Origin',(15.9,35.4433756729741,19.5));
#11052=CARTESIAN_POINT('',(15.9,35.2629537138523,19.1875));
#11053=CARTESIAN_POINT('',(14.4,34.721687836487,18.25));
#11054=CARTESIAN_POINT('Origin',(14.4,34.,19.5));
#11055=CARTESIAN_POINT('Origin',(12.9,34.,19.5));
#11056=CARTESIAN_POINT('',(-17.1,34.,21.));
#11057=CARTESIAN_POINT('Origin',(-17.1,34.,19.5));
#11058=CARTESIAN_POINT('',(12.9,34.,21.));
#11059=CARTESIAN_POINT('',(12.9,34.,21.));
#11060=CARTESIAN_POINT('Origin',(12.9,34.,19.5));
#11061=CARTESIAN_POINT('Origin',(-17.1,34.,19.5));
#11062=CARTESIAN_POINT('Origin',(12.9,34.,19.5));
#11063=CARTESIAN_POINT('',(15.9,34.,22.25));
#11064=CARTESIAN_POINT('Origin',(15.9,34.,19.5));
#11065=CARTESIAN_POINT('',(12.9,34.,22.25));
#11066=CARTESIAN_POINT('',(12.9,34.,22.25));
#11067=CARTESIAN_POINT('Origin',(12.9,34.,19.5));
#11068=CARTESIAN_POINT('Origin',(15.9,34.,19.5));
#11069=CARTESIAN_POINT('Origin',(12.9,34.,19.5));
#11070=CARTESIAN_POINT('Origin',(12.4,13.,5.));
#11071=CARTESIAN_POINT('',(12.9,13.,6.6));
#11072=CARTESIAN_POINT('Origin',(12.9,13.,5.));
#11073=CARTESIAN_POINT('',(12.4,13.,6.6));
#11074=CARTESIAN_POINT('',(12.4,13.,6.6));
#11075=CARTESIAN_POINT('Origin',(12.4,13.,5.));
#11076=CARTESIAN_POINT('Origin',(12.4,13.,5.));
#11077=CARTESIAN_POINT('',(12.9,13.,8.5));
#11078=CARTESIAN_POINT('Origin',(12.9,13.,5.));
#11079=CARTESIAN_POINT('',(12.4,13.,8.5));
#11080=CARTESIAN_POINT('',(12.4,13.,8.5));
#11081=CARTESIAN_POINT('Origin',(12.4,13.,5.));
#11082=CARTESIAN_POINT('Origin',(12.9,13.,5.));
#11083=CARTESIAN_POINT('Origin',(12.4,13.,5.));
#11084=CARTESIAN_POINT('Origin',(12.4,13.,19.5));
#11085=CARTESIAN_POINT('',(12.9,13.,21.1));
#11086=CARTESIAN_POINT('Origin',(12.9,13.,19.5));
#11087=CARTESIAN_POINT('',(12.4,13.,21.1));
#11088=CARTESIAN_POINT('',(12.4,13.,21.1));
#11089=CARTESIAN_POINT('Origin',(12.4,13.,19.5));
#11090=CARTESIAN_POINT('Origin',(12.4,13.,19.5));
#11091=CARTESIAN_POINT('',(12.9,13.,23.));
#11092=CARTESIAN_POINT('Origin',(12.9,13.,19.5));
#11093=CARTESIAN_POINT('',(12.4,13.,23.));
#11094=CARTESIAN_POINT('',(12.4,13.,23.));
#11095=CARTESIAN_POINT('Origin',(12.4,13.,19.5));
#11096=CARTESIAN_POINT('Origin',(12.9,13.,19.5));
#11097=CARTESIAN_POINT('Origin',(12.4,13.,19.5));
#11098=CARTESIAN_POINT('Origin',(12.4,34.,19.5));
#11099=CARTESIAN_POINT('',(12.9,34.,21.1));
#11100=CARTESIAN_POINT('Origin',(12.9,34.,19.5));
#11101=CARTESIAN_POINT('',(12.4,34.,21.1));
#11102=CARTESIAN_POINT('',(12.4,34.,21.1));
#11103=CARTESIAN_POINT('Origin',(12.4,34.,19.5));
#11104=CARTESIAN_POINT('Origin',(12.4,34.,19.5));
#11105=CARTESIAN_POINT('',(12.9,34.,23.));
#11106=CARTESIAN_POINT('Origin',(12.9,34.,19.5));
#11107=CARTESIAN_POINT('',(12.4,34.,23.));
#11108=CARTESIAN_POINT('',(12.4,34.,23.));
#11109=CARTESIAN_POINT('Origin',(12.4,34.,19.5));
#11110=CARTESIAN_POINT('Origin',(12.9,34.,19.5));
#11111=CARTESIAN_POINT('Origin',(12.4,34.,19.5));
#11112=CARTESIAN_POINT('Origin',(-10.5,13.,5.));
#11113=CARTESIAN_POINT('',(-12.9,13.,6.6));
#11114=CARTESIAN_POINT('Origin',(-12.9,13.,5.));
#11115=CARTESIAN_POINT('',(-10.5,13.,6.6));
#11116=CARTESIAN_POINT('',(-10.5,13.,6.6));
#11117=CARTESIAN_POINT('Origin',(-10.5,13.,5.));
#11118=CARTESIAN_POINT('Origin',(-10.5,14.5877132402715,7.75));
#11119=CARTESIAN_POINT('',(-10.5,16.1754264805429,5.));
#11120=CARTESIAN_POINT('',(-10.5,14.5877132402715,7.75));
#11121=CARTESIAN_POINT('',(-10.5,16.1754264805429,5.));
#11122=CARTESIAN_POINT('',(-12.9,16.1754264805429,5.));
#11123=CARTESIAN_POINT('',(-10.5,16.1754264805429,5.));
#11124=CARTESIAN_POINT('',(-12.9,14.5877132402715,7.75));
#11125=CARTESIAN_POINT('',(-12.9,16.1754264805429,5.));
#11126=CARTESIAN_POINT('',(-10.5,14.5877132402715,7.75));
#11127=CARTESIAN_POINT('Origin',(-10.5,11.4122867597285,7.75));
#11128=CARTESIAN_POINT('',(-10.5,11.4122867597285,7.75));
#11129=CARTESIAN_POINT('',(-10.5,14.5877132402715,7.75));
#11130=CARTESIAN_POINT('',(-12.9,11.4122867597285,7.75));
#11131=CARTESIAN_POINT('',(-12.9,14.5877132402715,7.75));
#11132=CARTESIAN_POINT('',(-10.5,11.4122867597285,7.75));
#11133=CARTESIAN_POINT('Origin',(-10.5,9.82457351945706,5.));
#11134=CARTESIAN_POINT('',(-10.5,9.82457351945706,5.));
#11135=CARTESIAN_POINT('',(-10.5,11.4122867597285,7.75));
#11136=CARTESIAN_POINT('',(-12.9,9.82457351945706,5.));
#11137=CARTESIAN_POINT('',(-12.9,11.4122867597285,7.75));
#11138=CARTESIAN_POINT('',(-10.5,9.82457351945706,5.));
#11139=CARTESIAN_POINT('Origin',(-10.5,11.4122867597285,2.25));
#11140=CARTESIAN_POINT('',(-10.5,11.4122867597285,2.25));
#11141=CARTESIAN_POINT('',(-10.5,9.82457351945706,5.));
#11142=CARTESIAN_POINT('',(-12.9,11.4122867597285,2.25));
#11143=CARTESIAN_POINT('',(-12.9,9.82457351945706,5.));
#11144=CARTESIAN_POINT('',(-10.5,11.4122867597285,2.25));
#11145=CARTESIAN_POINT('Origin',(-10.5,14.5877132402715,2.25));
#11146=CARTESIAN_POINT('',(-10.5,14.5877132402715,2.25));
#11147=CARTESIAN_POINT('',(-10.5,11.4122867597285,2.25));
#11148=CARTESIAN_POINT('',(-12.9,14.5877132402715,2.25));
#11149=CARTESIAN_POINT('',(-12.9,11.4122867597285,2.25));
#11150=CARTESIAN_POINT('',(-10.5,14.5877132402715,2.25));
#11151=CARTESIAN_POINT('Origin',(-10.5,16.1754264805429,5.));
#11152=CARTESIAN_POINT('',(-10.5,14.5877132402715,2.25));
#11153=CARTESIAN_POINT('',(-12.9,14.5877132402715,2.25));
#11154=CARTESIAN_POINT('Origin',(-10.5,13.,5.));
#11155=CARTESIAN_POINT('Origin',(-12.9,13.,5.));
#11156=CARTESIAN_POINT('Origin',(-10.5,13.,19.5));
#11157=CARTESIAN_POINT('',(-12.9,13.,21.1));
#11158=CARTESIAN_POINT('Origin',(-12.9,13.,19.5));
#11159=CARTESIAN_POINT('',(-10.5,13.,21.1));
#11160=CARTESIAN_POINT('',(-10.5,13.,21.1));
#11161=CARTESIAN_POINT('Origin',(-10.5,13.,19.5));
#11162=CARTESIAN_POINT('Origin',(-10.5,14.5877132402715,22.25));
#11163=CARTESIAN_POINT('',(-10.5,16.1754264805429,19.5));
#11164=CARTESIAN_POINT('',(-10.5,14.5877132402715,22.25));
#11165=CARTESIAN_POINT('',(-10.5,16.1754264805429,19.5));
#11166=CARTESIAN_POINT('',(-12.9,16.1754264805429,19.5));
#11167=CARTESIAN_POINT('',(-10.5,16.1754264805429,19.5));
#11168=CARTESIAN_POINT('',(-12.9,14.5877132402715,22.25));
#11169=CARTESIAN_POINT('',(-12.9,16.1754264805429,19.5));
#11170=CARTESIAN_POINT('',(-10.5,14.5877132402715,22.25));
#11171=CARTESIAN_POINT('Origin',(-10.5,11.4122867597285,22.25));
#11172=CARTESIAN_POINT('',(-10.5,11.4122867597285,22.25));
#11173=CARTESIAN_POINT('',(-10.5,14.5877132402715,22.25));
#11174=CARTESIAN_POINT('',(-12.9,11.4122867597285,22.25));
#11175=CARTESIAN_POINT('',(-12.9,14.5877132402715,22.25));
#11176=CARTESIAN_POINT('',(-10.5,11.4122867597285,22.25));
#11177=CARTESIAN_POINT('Origin',(-10.5,9.82457351945706,19.5));
#11178=CARTESIAN_POINT('',(-10.5,9.82457351945706,19.5));
#11179=CARTESIAN_POINT('',(-10.5,11.4122867597285,22.25));
#11180=CARTESIAN_POINT('',(-12.9,9.82457351945706,19.5));
#11181=CARTESIAN_POINT('',(-12.9,11.4122867597285,22.25));
#11182=CARTESIAN_POINT('',(-10.5,9.82457351945706,19.5));
#11183=CARTESIAN_POINT('Origin',(-10.5,11.4122867597285,16.75));
#11184=CARTESIAN_POINT('',(-10.5,11.4122867597285,16.75));
#11185=CARTESIAN_POINT('',(-10.5,9.82457351945706,19.5));
#11186=CARTESIAN_POINT('',(-12.9,11.4122867597285,16.75));
#11187=CARTESIAN_POINT('',(-12.9,9.82457351945706,19.5));
#11188=CARTESIAN_POINT('',(-10.5,11.4122867597285,16.75));
#11189=CARTESIAN_POINT('Origin',(-10.5,14.5877132402715,16.75));
#11190=CARTESIAN_POINT('',(-10.5,14.5877132402715,16.75));
#11191=CARTESIAN_POINT('',(-10.5,11.4122867597285,16.75));
#11192=CARTESIAN_POINT('',(-12.9,14.5877132402715,16.75));
#11193=CARTESIAN_POINT('',(-12.9,11.4122867597285,16.75));
#11194=CARTESIAN_POINT('',(-10.5,14.5877132402715,16.75));
#11195=CARTESIAN_POINT('Origin',(-10.5,16.1754264805429,19.5));
#11196=CARTESIAN_POINT('',(-10.5,14.5877132402715,16.75));
#11197=CARTESIAN_POINT('',(-12.9,14.5877132402715,16.75));
#11198=CARTESIAN_POINT('Origin',(-10.5,13.,19.5));
#11199=CARTESIAN_POINT('Origin',(-12.9,13.,19.5));
#11200=CARTESIAN_POINT('Origin',(-10.5,34.,19.5));
#11201=CARTESIAN_POINT('',(-12.9,34.,21.1));
#11202=CARTESIAN_POINT('Origin',(-12.9,34.,19.5));
#11203=CARTESIAN_POINT('',(-10.5,34.,21.1));
#11204=CARTESIAN_POINT('',(-10.5,34.,21.1));
#11205=CARTESIAN_POINT('Origin',(-10.5,34.,19.5));
#11206=CARTESIAN_POINT('Origin',(-10.5,35.5877132402715,22.25));
#11207=CARTESIAN_POINT('',(-10.5,37.1754264805429,19.5));
#11208=CARTESIAN_POINT('',(-10.5,35.5877132402715,22.25));
#11209=CARTESIAN_POINT('',(-10.5,37.1754264805429,19.5));
#11210=CARTESIAN_POINT('',(-12.9,37.1754264805429,19.5));
#11211=CARTESIAN_POINT('',(-10.5,37.1754264805429,19.5));
#11212=CARTESIAN_POINT('',(-12.9,35.5877132402715,22.25));
#11213=CARTESIAN_POINT('',(-12.9,37.1754264805429,19.5));
#11214=CARTESIAN_POINT('',(-10.5,35.5877132402715,22.25));
#11215=CARTESIAN_POINT('Origin',(-10.5,32.4122867597285,22.25));
#11216=CARTESIAN_POINT('',(-10.5,32.4122867597285,22.25));
#11217=CARTESIAN_POINT('',(-10.5,35.5877132402715,22.25));
#11218=CARTESIAN_POINT('',(-12.9,32.4122867597285,22.25));
#11219=CARTESIAN_POINT('',(-12.9,35.5877132402715,22.25));
#11220=CARTESIAN_POINT('',(-10.5,32.4122867597285,22.25));
#11221=CARTESIAN_POINT('Origin',(-10.5,30.8245735194571,19.5));
#11222=CARTESIAN_POINT('',(-10.5,30.8245735194571,19.5));
#11223=CARTESIAN_POINT('',(-10.5,32.4122867597285,22.25));
#11224=CARTESIAN_POINT('',(-12.9,30.8245735194571,19.5));
#11225=CARTESIAN_POINT('',(-12.9,32.4122867597285,22.25));
#11226=CARTESIAN_POINT('',(-10.5,30.8245735194571,19.5));
#11227=CARTESIAN_POINT('Origin',(-10.5,32.4122867597285,16.75));
#11228=CARTESIAN_POINT('',(-10.5,32.4122867597285,16.75));
#11229=CARTESIAN_POINT('',(-10.5,30.8245735194571,19.5));
#11230=CARTESIAN_POINT('',(-12.9,32.4122867597285,16.75));
#11231=CARTESIAN_POINT('',(-12.9,30.8245735194571,19.5));
#11232=CARTESIAN_POINT('',(-10.5,32.4122867597285,16.75));
#11233=CARTESIAN_POINT('Origin',(-10.5,35.5877132402715,16.75));
#11234=CARTESIAN_POINT('',(-10.5,35.5877132402715,16.75));
#11235=CARTESIAN_POINT('',(-10.5,32.4122867597285,16.75));
#11236=CARTESIAN_POINT('',(-12.9,35.5877132402715,16.75));
#11237=CARTESIAN_POINT('',(-12.9,32.4122867597285,16.75));
#11238=CARTESIAN_POINT('',(-10.5,35.5877132402715,16.75));
#11239=CARTESIAN_POINT('Origin',(-10.5,37.1754264805429,19.5));
#11240=CARTESIAN_POINT('',(-10.5,35.5877132402715,16.75));
#11241=CARTESIAN_POINT('',(-12.9,35.5877132402715,16.75));
#11242=CARTESIAN_POINT('Origin',(-10.5,34.,19.5));
#11243=CARTESIAN_POINT('Origin',(-12.9,34.,19.5));
#11244=CARTESIAN_POINT('Origin',(-13.,11.1813466520527,1.85));
#11245=CARTESIAN_POINT('',(-13.,11.1813466520527,1.85));
#11246=CARTESIAN_POINT('',(-13.,14.8186533479473,1.85));
#11247=CARTESIAN_POINT('',(-13.,15.7156733260263,1.85));
#11248=CARTESIAN_POINT('',(-10.5,11.1813466520527,1.85));
#11249=CARTESIAN_POINT('',(-13.,11.1813466520527,1.85));
#11250=CARTESIAN_POINT('',(-10.5,14.8186533479473,1.85));
#11251=CARTESIAN_POINT('',(-10.5,11.1813466520527,1.85));
#11252=CARTESIAN_POINT('',(-13.,14.8186533479473,1.85));
#11253=CARTESIAN_POINT('Origin',(-13.,9.36269330410536,5.));
#11254=CARTESIAN_POINT('',(-13.,9.36269330410536,5.));
#11255=CARTESIAN_POINT('',(-13.,9.13228496163828,5.39907895564071));
#11256=CARTESIAN_POINT('',(-10.5,9.36269330410536,5.));
#11257=CARTESIAN_POINT('',(-13.,9.36269330410536,5.));
#11258=CARTESIAN_POINT('',(-10.5,9.36269330410536,5.));
#11259=CARTESIAN_POINT('Origin',(-13.,11.1813466520527,8.15));
#11260=CARTESIAN_POINT('',(-13.,11.1813466520527,8.15));
#11261=CARTESIAN_POINT('',(-13.,13.2242549945198,11.6884210443593));
#11262=CARTESIAN_POINT('',(-10.5,11.1813466520527,8.15));
#11263=CARTESIAN_POINT('',(-13.,11.1813466520527,8.15));
#11264=CARTESIAN_POINT('',(-10.5,11.1813466520527,8.15));
#11265=CARTESIAN_POINT('Origin',(-13.,14.8186533479473,8.15));
#11266=CARTESIAN_POINT('',(-13.,14.8186533479473,8.15));
#11267=CARTESIAN_POINT('',(-13.,17.5343266739737,8.15));
#11268=CARTESIAN_POINT('',(-10.5,14.8186533479473,8.15));
#11269=CARTESIAN_POINT('',(-13.,14.8186533479473,8.15));
#11270=CARTESIAN_POINT('',(-10.5,14.8186533479473,8.15));
#11271=CARTESIAN_POINT('Origin',(-13.,16.6373066958946,5.));
#11272=CARTESIAN_POINT('',(-13.,16.6373066958946,5.));
#11273=CARTESIAN_POINT('',(-13.,15.4975716794539,6.9740789556407));
#11274=CARTESIAN_POINT('',(-10.5,16.6373066958946,5.));
#11275=CARTESIAN_POINT('',(-13.,16.6373066958946,5.));
#11276=CARTESIAN_POINT('',(-10.5,16.6373066958946,5.));
#11277=CARTESIAN_POINT('Origin',(-13.,14.8186533479473,1.85));
#11278=CARTESIAN_POINT('',(-13.,17.7708883643881,6.96342104435929));
#11279=CARTESIAN_POINT('',(-10.5,14.8186533479473,1.85));
#11280=CARTESIAN_POINT('Origin',(-10.5,13.,5.));
#11281=CARTESIAN_POINT('',(-10.5,13.,6.8));
#11282=CARTESIAN_POINT('Origin',(-10.5,13.,5.));
#11283=CARTESIAN_POINT('Origin',(-13.,11.1813466520527,16.35));
#11284=CARTESIAN_POINT('',(-13.,11.1813466520527,16.35));
#11285=CARTESIAN_POINT('',(-13.,14.8186533479473,16.35));
#11286=CARTESIAN_POINT('',(-13.,15.7156733260263,16.35));
#11287=CARTESIAN_POINT('',(-10.5,11.1813466520527,16.35));
#11288=CARTESIAN_POINT('',(-13.,11.1813466520527,16.35));
#11289=CARTESIAN_POINT('',(-10.5,14.8186533479473,16.35));
#11290=CARTESIAN_POINT('',(-10.5,11.1813466520527,16.35));
#11291=CARTESIAN_POINT('',(-13.,14.8186533479473,16.35));
#11292=CARTESIAN_POINT('Origin',(-13.,9.36269330410536,19.5));
#11293=CARTESIAN_POINT('',(-13.,9.36269330410536,19.5));
#11294=CARTESIAN_POINT('',(-13.,12.2716270503569,14.4615789556407));
#11295=CARTESIAN_POINT('',(-10.5,9.36269330410536,19.5));
#11296=CARTESIAN_POINT('',(-13.,9.36269330410536,19.5));
#11297=CARTESIAN_POINT('',(-10.5,9.36269330410536,19.5));
#11298=CARTESIAN_POINT('Origin',(-13.,11.1813466520527,22.65));
#11299=CARTESIAN_POINT('',(-13.,11.1813466520527,22.65));
#11300=CARTESIAN_POINT('',(-13.,10.0849129058012,20.7509210443593));
#11301=CARTESIAN_POINT('',(-10.5,11.1813466520527,22.65));
#11302=CARTESIAN_POINT('',(-13.,11.1813466520527,22.65));
#11303=CARTESIAN_POINT('',(-10.5,11.1813466520527,22.65));
#11304=CARTESIAN_POINT('Origin',(-13.,14.8186533479473,22.65));
#11305=CARTESIAN_POINT('',(-13.,14.8186533479473,22.65));
#11306=CARTESIAN_POINT('',(-13.,17.5343266739737,22.65));
#11307=CARTESIAN_POINT('',(-10.5,14.8186533479473,22.65));
#11308=CARTESIAN_POINT('',(-13.,14.8186533479473,22.65));
#11309=CARTESIAN_POINT('',(-10.5,14.8186533479473,22.65));
#11310=CARTESIAN_POINT('Origin',(-13.,16.6373066958946,19.5));
#11311=CARTESIAN_POINT('',(-13.,16.6373066958946,19.5));
#11312=CARTESIAN_POINT('',(-13.,18.6369137681725,16.0365789556407));
#11313=CARTESIAN_POINT('',(-10.5,16.6373066958946,19.5));
#11314=CARTESIAN_POINT('',(-13.,16.6373066958946,19.5));
#11315=CARTESIAN_POINT('',(-10.5,16.6373066958946,19.5));
#11316=CARTESIAN_POINT('Origin',(-13.,14.8186533479473,16.35));
#11317=CARTESIAN_POINT('',(-13.,14.6315462756695,16.0259210443593));
#11318=CARTESIAN_POINT('',(-10.5,14.8186533479473,16.35));
#11319=CARTESIAN_POINT('Origin',(-10.5,13.,19.5));
#11320=CARTESIAN_POINT('',(-10.5,13.,21.3));
#11321=CARTESIAN_POINT('Origin',(-10.5,13.,19.5));
#11322=CARTESIAN_POINT('Origin',(-13.,32.1813466520527,16.35));
#11323=CARTESIAN_POINT('',(-13.,32.1813466520527,16.35));
#11324=CARTESIAN_POINT('',(-13.,35.8186533479473,16.35));
#11325=CARTESIAN_POINT('',(-13.,26.2156733260263,16.35));
#11326=CARTESIAN_POINT('',(-10.5,32.1813466520527,16.35));
#11327=CARTESIAN_POINT('',(-13.,32.1813466520527,16.35));
#11328=CARTESIAN_POINT('',(-10.5,35.8186533479473,16.35));
#11329=CARTESIAN_POINT('',(-10.5,32.1813466520527,16.35));
#11330=CARTESIAN_POINT('',(-13.,35.8186533479473,16.35));
#11331=CARTESIAN_POINT('Origin',(-13.,30.3626933041054,19.5));
#11332=CARTESIAN_POINT('',(-13.,30.3626933041054,19.5));
#11333=CARTESIAN_POINT('',(-13.,30.6466270503569,19.008212325509));
#11334=CARTESIAN_POINT('',(-10.5,30.3626933041054,19.5));
#11335=CARTESIAN_POINT('',(-13.,30.3626933041054,19.5));
#11336=CARTESIAN_POINT('',(-10.5,30.3626933041054,19.5));
#11337=CARTESIAN_POINT('Origin',(-13.,32.1813466520527,22.65));
#11338=CARTESIAN_POINT('',(-13.,32.1813466520527,22.65));
#11339=CARTESIAN_POINT('',(-13.,28.4599129058012,16.204287674491));
#11340=CARTESIAN_POINT('',(-10.5,32.1813466520527,22.65));
#11341=CARTESIAN_POINT('',(-13.,32.1813466520527,22.65));
#11342=CARTESIAN_POINT('',(-10.5,32.1813466520527,22.65));
#11343=CARTESIAN_POINT('Origin',(-13.,35.8186533479473,22.65));
#11344=CARTESIAN_POINT('',(-13.,35.8186533479473,22.65));
#11345=CARTESIAN_POINT('',(-13.,28.0343266739737,22.65));
#11346=CARTESIAN_POINT('',(-10.5,35.8186533479473,22.65));
#11347=CARTESIAN_POINT('',(-13.,35.8186533479473,22.65));
#11348=CARTESIAN_POINT('',(-10.5,35.8186533479473,22.65));
#11349=CARTESIAN_POINT('Origin',(-13.,37.6373066958946,19.5));
#11350=CARTESIAN_POINT('',(-13.,37.6373066958946,19.5));
#11351=CARTESIAN_POINT('',(-13.,37.0119137681725,20.583212325509));
#11352=CARTESIAN_POINT('',(-10.5,37.6373066958946,19.5));
#11353=CARTESIAN_POINT('',(-13.,37.6373066958946,19.5));
#11354=CARTESIAN_POINT('',(-10.5,37.6373066958946,19.5));
#11355=CARTESIAN_POINT('Origin',(-13.,35.8186533479473,16.35));
#11356=CARTESIAN_POINT('',(-13.,33.0065462756695,11.479287674491));
#11357=CARTESIAN_POINT('',(-10.5,35.8186533479473,16.35));
#11358=CARTESIAN_POINT('Origin',(-10.5,34.,19.5));
#11359=CARTESIAN_POINT('',(-10.5,34.,21.3));
#11360=CARTESIAN_POINT('Origin',(-10.5,34.,19.5));
#11361=CARTESIAN_POINT('Origin',(13.,13.,5.));
#11362=CARTESIAN_POINT('',(13.,13.,8.75));
#11363=CARTESIAN_POINT('Origin',(13.,13.,5.));
#11364=CARTESIAN_POINT('',(12.4,13.,8.75));
#11365=CARTESIAN_POINT('',(13.,13.,8.75));
#11366=CARTESIAN_POINT('Origin',(12.4,13.,5.));
#11367=CARTESIAN_POINT('Origin',(12.4,13.,5.));
#11368=CARTESIAN_POINT('',(12.4,13.,6.8));
#11369=CARTESIAN_POINT('Origin',(12.4,13.,5.));
#11370=CARTESIAN_POINT('Origin',(13.,13.,19.5));
#11371=CARTESIAN_POINT('',(13.,13.,23.25));
#11372=CARTESIAN_POINT('Origin',(13.,13.,19.5));
#11373=CARTESIAN_POINT('',(12.4,13.,23.25));
#11374=CARTESIAN_POINT('',(13.,13.,23.25));
#11375=CARTESIAN_POINT('Origin',(12.4,13.,19.5));
#11376=CARTESIAN_POINT('Origin',(12.4,13.,19.5));
#11377=CARTESIAN_POINT('',(12.4,13.,21.3));
#11378=CARTESIAN_POINT('Origin',(12.4,13.,19.5));
#11379=CARTESIAN_POINT('Origin',(13.,34.,19.5));
#11380=CARTESIAN_POINT('',(13.,34.,23.25));
#11381=CARTESIAN_POINT('Origin',(13.,34.,19.5));
#11382=CARTESIAN_POINT('',(12.4,34.,23.25));
#11383=CARTESIAN_POINT('',(13.,34.,23.25));
#11384=CARTESIAN_POINT('Origin',(12.4,34.,19.5));
#11385=CARTESIAN_POINT('Origin',(12.4,34.,19.5));
#11386=CARTESIAN_POINT('',(12.4,34.,21.3));
#11387=CARTESIAN_POINT('Origin',(12.4,34.,19.5));
#11388=CARTESIAN_POINT('Origin',(0.,13.,5.));
#11389=CARTESIAN_POINT('',(-7.94,13.,6.8));
#11390=CARTESIAN_POINT('',(0.,13.,6.8));
#11391=CARTESIAN_POINT('Origin',(-7.94,13.,5.));
#11392=CARTESIAN_POINT('Origin',(0.,13.,5.));
#11393=CARTESIAN_POINT('',(7.94,13.,6.8));
#11394=CARTESIAN_POINT('Origin',(7.94,13.,5.));
#11395=CARTESIAN_POINT('',(0.,13.,6.8));
#11396=CARTESIAN_POINT('Origin',(0.,13.,19.5));
#11397=CARTESIAN_POINT('',(-7.94,13.,21.3));
#11398=CARTESIAN_POINT('',(0.,13.,21.3));
#11399=CARTESIAN_POINT('Origin',(-7.94,13.,19.5));
#11400=CARTESIAN_POINT('Origin',(0.,13.,19.5));
#11401=CARTESIAN_POINT('',(7.94,13.,21.3));
#11402=CARTESIAN_POINT('Origin',(7.94,13.,19.5));
#11403=CARTESIAN_POINT('',(0.,13.,21.3));
#11404=CARTESIAN_POINT('Origin',(0.,34.,19.5));
#11405=CARTESIAN_POINT('',(-7.94,34.,21.3));
#11406=CARTESIAN_POINT('',(0.,34.,21.3));
#11407=CARTESIAN_POINT('Origin',(-7.94,34.,19.5));
#11408=CARTESIAN_POINT('Origin',(0.,34.,19.5));
#11409=CARTESIAN_POINT('',(7.94,34.,21.3));
#11410=CARTESIAN_POINT('Origin',(7.94,34.,19.5));
#11411=CARTESIAN_POINT('',(0.,34.,21.3));
#11412=CARTESIAN_POINT('Origin',(0.,4.,12.36));
#11413=CARTESIAN_POINT('',(-4.6,4.,12.36));
#11414=CARTESIAN_POINT('Origin',(0.,4.,12.36));
#11415=CARTESIAN_POINT('',(-4.6,10.,12.36));
#11416=CARTESIAN_POINT('',(-4.6,4.,12.36));
#11417=CARTESIAN_POINT('Origin',(0.,10.,12.36));
#11418=CARTESIAN_POINT('Origin',(0.,4.,12.36));
#11419=CARTESIAN_POINT('',(-2.65,4.,12.36));
#11420=CARTESIAN_POINT('Origin',(0.,4.,12.36));
#11421=CARTESIAN_POINT('Origin',(-4.5,0.,12.36));
#11422=CARTESIAN_POINT('',(-5.5,0.,12.36));
#11423=CARTESIAN_POINT('Origin',(-4.5,0.,12.36));
#11424=CARTESIAN_POINT('',(-5.5,2.5,12.36));
#11425=CARTESIAN_POINT('',(-5.5,0.,12.36));
#11426=CARTESIAN_POINT('Origin',(-4.5,2.5,12.36));
#11427=CARTESIAN_POINT('Origin',(-4.5,2.5,12.36));
#11428=CARTESIAN_POINT('Origin',(4.5,0.,12.36));
#11429=CARTESIAN_POINT('',(3.5,0.,12.36));
#11430=CARTESIAN_POINT('Origin',(4.5,0.,12.36));
#11431=CARTESIAN_POINT('',(3.5,2.5,12.36));
#11432=CARTESIAN_POINT('',(3.5,0.,12.36));
#11433=CARTESIAN_POINT('Origin',(4.5,2.5,12.36));
#11434=CARTESIAN_POINT('Origin',(4.5,2.5,12.36));
#11435=CARTESIAN_POINT('Origin',(0.,0.,12.36));
#11436=CARTESIAN_POINT('',(-2.65,0.,12.36));
#11437=CARTESIAN_POINT('Origin',(0.,0.,12.36));
#11438=CARTESIAN_POINT('',(-2.65,0.,12.36));
#11439=CARTESIAN_POINT('Origin',(7.94,10.,0.));
#11440=CARTESIAN_POINT('',(7.94,10.,-1.));
#11441=CARTESIAN_POINT('',(7.94,17.,-1.));
#11442=CARTESIAN_POINT('',(7.94,5.,-1.));
#11443=CARTESIAN_POINT('',(7.94,10.,25.7));
#11444=CARTESIAN_POINT('',(7.94,10.,0.));
#11445=CARTESIAN_POINT('',(7.94,40.5,25.7));
#11446=CARTESIAN_POINT('',(7.94,25.25,25.7));
#11447=CARTESIAN_POINT('',(7.94,40.5,17.));
#11448=CARTESIAN_POINT('',(7.94,40.5,8.5));
#11449=CARTESIAN_POINT('',(7.94,15.0355206847361,-2.50470756062768));
#11450=CARTESIAN_POINT('Origin',(-7.94,10.,0.));
#11451=CARTESIAN_POINT('',(-7.94,10.,-1.));
#11452=CARTESIAN_POINT('',(-3.97,10.,-1.));
#11453=CARTESIAN_POINT('',(-7.94,10.,25.7));
#11454=CARTESIAN_POINT('',(-7.94,10.,0.));
#11455=CARTESIAN_POINT('',(-3.97,10.,25.7));
#11456=CARTESIAN_POINT('Origin',(-7.94,100.,0.));
#11457=CARTESIAN_POINT('',(-7.94,17.,-1.));
#11458=CARTESIAN_POINT('',(-7.94,50.,-1.));
#11459=CARTESIAN_POINT('',(-7.94,40.5,17.));
#11460=CARTESIAN_POINT('',(-7.94,43.3964336661911,19.218544935806));
#11461=CARTESIAN_POINT('',(-7.94,40.5,25.7));
#11462=CARTESIAN_POINT('',(-7.94,40.5,8.5));
#11463=CARTESIAN_POINT('',(-7.94,70.25,25.7));
#11464=CARTESIAN_POINT('Origin',(0.,0.,-1.));
#11465=CARTESIAN_POINT('',(13.,17.,-1.));
#11466=CARTESIAN_POINT('',(0.,17.,-1.));
#11467=CARTESIAN_POINT('',(13.,0.,-1.));
#11468=CARTESIAN_POINT('',(13.,17.,-1.));
#11469=CARTESIAN_POINT('',(-13.,0.,-1.));
#11470=CARTESIAN_POINT('',(0.,0.,-1.));
#11471=CARTESIAN_POINT('',(-13.,17.,-1.));
#11472=CARTESIAN_POINT('',(-13.,17.,-1.));
#11473=CARTESIAN_POINT('',(0.,17.,-1.));
#11474=CARTESIAN_POINT('Origin',(0.,17.,-1.));
#11475=CARTESIAN_POINT('',(13.,40.5,17.));
#11476=CARTESIAN_POINT('',(0.,40.5,17.));
#11477=CARTESIAN_POINT('',(13.,40.5,17.));
#11478=CARTESIAN_POINT('Origin',(0.,40.5,17.));
#11479=CARTESIAN_POINT('',(13.,40.5,25.7));
#11480=CARTESIAN_POINT('',(0.,40.5,25.7));
#11481=CARTESIAN_POINT('',(13.,40.5,25.7));
#11482=CARTESIAN_POINT('Origin',(-13.,20.25,12.35));
#11483=CARTESIAN_POINT('',(-13.,40.5,17.));
#11484=CARTESIAN_POINT('',(-13.,40.5,17.));
#11485=CARTESIAN_POINT('',(-13.,0.,25.7));
#11486=CARTESIAN_POINT('',(-13.,0.,-1.));
#11487=CARTESIAN_POINT('',(-13.,40.5,25.7));
#11488=CARTESIAN_POINT('',(-13.,0.,25.7));
#11489=CARTESIAN_POINT('',(-13.,40.5,25.7));
#11490=CARTESIAN_POINT('Origin',(0.,0.,25.7));
#11491=CARTESIAN_POINT('',(13.,0.,25.7));
#11492=CARTESIAN_POINT('',(13.,0.,-1.));
#11493=CARTESIAN_POINT('',(0.,0.,25.7));
#11494=CARTESIAN_POINT('Origin',(0.,40.5,25.7));
#11495=CARTESIAN_POINT('',(0.,40.5,25.7));
#11496=CARTESIAN_POINT('',(13.,0.,25.7));
#11497=CARTESIAN_POINT('Origin',(0.,40.5,17.));
#11498=CARTESIAN_POINT('',(0.,40.5,17.));
#11499=CARTESIAN_POINT('Origin',(0.,17.,-1.));
#11500=CARTESIAN_POINT('Origin',(13.,20.25,12.35));
#11501=CARTESIAN_POINT('Origin',(0.,13.,5.));
#11502=CARTESIAN_POINT('',(-7.74,13.,7.));
#11503=CARTESIAN_POINT('Origin',(-7.74,13.,5.));
#11504=CARTESIAN_POINT('',(7.74,13.,7.));
#11505=CARTESIAN_POINT('',(0.,13.,7.));
#11506=CARTESIAN_POINT('Origin',(7.74,13.,5.));
#11507=CARTESIAN_POINT('Origin',(0.,13.,19.5));
#11508=CARTESIAN_POINT('',(-7.74,13.,21.5));
#11509=CARTESIAN_POINT('Origin',(-7.74,13.,19.5));
#11510=CARTESIAN_POINT('',(7.74,13.,21.5));
#11511=CARTESIAN_POINT('',(0.,13.,21.5));
#11512=CARTESIAN_POINT('Origin',(7.74,13.,19.5));
#11513=CARTESIAN_POINT('Origin',(0.,34.,19.5));
#11514=CARTESIAN_POINT('',(-7.74,34.,21.5));
#11515=CARTESIAN_POINT('Origin',(-7.74,34.,19.5));
#11516=CARTESIAN_POINT('',(7.74,34.,21.5));
#11517=CARTESIAN_POINT('',(0.,34.,21.5));
#11518=CARTESIAN_POINT('Origin',(7.74,34.,19.5));
#11519=CARTESIAN_POINT('Origin',(0.,52.678,-0.42));
#11520=CARTESIAN_POINT('',(-7.74,52.678,-0.42));
#11521=CARTESIAN_POINT('',(-7.74,62.842,-0.42));
#11522=CARTESIAN_POINT('',(-7.74,49.843675,-0.42));
#11523=CARTESIAN_POINT('',(7.74,52.678,-0.42));
#11524=CARTESIAN_POINT('',(0.,52.678,-0.42));
#11525=CARTESIAN_POINT('',(7.74,62.842,-0.42));
#11526=CARTESIAN_POINT('',(7.74,49.843675,-0.42));
#11527=CARTESIAN_POINT('',(0.,62.842,-0.42));
#11528=CARTESIAN_POINT('Origin',(0.,62.842,-0.42));
#11529=CARTESIAN_POINT('',(-7.74,70.222,4.896));
#11530=CARTESIAN_POINT('',(-7.74,60.2182610433631,-2.30994529721972));
#11531=CARTESIAN_POINT('',(7.74,70.222,4.896));
#11532=CARTESIAN_POINT('',(7.74,60.2182610433631,-2.30994529721972));
#11533=CARTESIAN_POINT('',(0.,70.222,4.896));
#11534=CARTESIAN_POINT('Origin',(0.,70.222,4.896));
#11535=CARTESIAN_POINT('',(-7.74,66.31,6.516));
#11536=CARTESIAN_POINT('',(-7.74,59.3250434197316,9.40854336912957));
#11537=CARTESIAN_POINT('',(7.74,66.31,6.516));
#11538=CARTESIAN_POINT('',(7.74,59.3250434197316,9.40854336912957));
#11539=CARTESIAN_POINT('',(0.,66.31,6.516));
#11540=CARTESIAN_POINT('Origin',(0.,66.31,6.516));
#11541=CARTESIAN_POINT('',(-7.74,65.548,6.822));
#11542=CARTESIAN_POINT('',(-7.74,57.3117935250934,10.1294529938601));
#11543=CARTESIAN_POINT('',(7.74,65.548,6.822));
#11544=CARTESIAN_POINT('',(7.74,57.3117935250934,10.1294529938601));
#11545=CARTESIAN_POINT('',(0.,65.548,6.822));
#11546=CARTESIAN_POINT('Origin',(0.,61.84,8.232));
#11547=CARTESIAN_POINT('',(-7.74,61.84,8.232));
#11548=CARTESIAN_POINT('',(-7.74,58.4850650826847,5.06381653518754));
#11549=CARTESIAN_POINT('',(7.74,61.84,8.232));
#11550=CARTESIAN_POINT('',(0.,61.84,8.232));
#11551=CARTESIAN_POINT('',(7.74,58.4850650826847,5.06381653518754));
#11552=CARTESIAN_POINT('Origin',(0.,65.548,6.822));
#11553=CARTESIAN_POINT('',(-7.74,56.8395279737572,10.1334739905616));
#11554=CARTESIAN_POINT('',(7.74,56.8395279737572,10.1334739905616));
#11555=CARTESIAN_POINT('Origin',(0.,25.258,17.43));
#11556=CARTESIAN_POINT('',(-7.74,25.258,17.43));
#11557=CARTESIAN_POINT('',(-7.74,22.738,17.766));
#11558=CARTESIAN_POINT('',(-7.74,36.3979579694323,15.9446722707424));
#11559=CARTESIAN_POINT('',(7.74,25.258,17.43));
#11560=CARTESIAN_POINT('',(0.,25.258,17.43));
#11561=CARTESIAN_POINT('',(7.74,22.738,17.766));
#11562=CARTESIAN_POINT('',(7.74,36.3979579694323,15.9446722707424));
#11563=CARTESIAN_POINT('',(0.,22.738,17.766));
#11564=CARTESIAN_POINT('Origin',(0.,22.738,17.766));
#11565=CARTESIAN_POINT('',(-7.74,21.544,17.91));
#11566=CARTESIAN_POINT('',(-7.74,35.1318515786395,16.2712641312193));
#11567=CARTESIAN_POINT('',(7.74,21.544,17.91));
#11568=CARTESIAN_POINT('',(7.74,35.1318515786395,16.2712641312193));
#11569=CARTESIAN_POINT('',(0.,21.544,17.91));
#11570=CARTESIAN_POINT('Origin',(0.,21.544,17.91));
#11571=CARTESIAN_POINT('',(-7.74,19.,18.192));
#11572=CARTESIAN_POINT('',(-7.74,34.5281000324203,16.4707247605572));
#11573=CARTESIAN_POINT('',(7.74,19.,18.192));
#11574=CARTESIAN_POINT('',(7.74,34.5281000324203,16.4707247605572));
#11575=CARTESIAN_POINT('',(0.,19.,18.192));
#11576=CARTESIAN_POINT('Origin',(0.,19.,18.192));
#11577=CARTESIAN_POINT('',(-7.74,17.8,18.312));
#11578=CARTESIAN_POINT('',(-7.74,33.2470495049505,16.7672950495049));
#11579=CARTESIAN_POINT('',(7.74,17.8,18.312));
#11580=CARTESIAN_POINT('',(7.74,33.2470495049505,16.7672950495049));
#11581=CARTESIAN_POINT('',(0.,17.8,18.312));
#11582=CARTESIAN_POINT('Origin',(0.,17.8,18.312));
#11583=CARTESIAN_POINT('',(-7.74,16.,18.48));
#11584=CARTESIAN_POINT('',(-7.74,32.6401891302432,16.9269156811773));
#11585=CARTESIAN_POINT('',(7.74,16.,18.48));
#11586=CARTESIAN_POINT('',(7.74,32.6401891302432,16.9269156811773));
#11587=CARTESIAN_POINT('',(0.,16.,18.48));
#11588=CARTESIAN_POINT('Origin',(0.,22.564,-0.42));
#11589=CARTESIAN_POINT('',(-7.74,22.564,-0.42));
#11590=CARTESIAN_POINT('',(-7.74,23.6415429550616,6.71962202963945));
#11591=CARTESIAN_POINT('',(7.74,22.564,-0.42));
#11592=CARTESIAN_POINT('',(0.,22.564,-0.42));
#11593=CARTESIAN_POINT('',(7.74,23.6415429550616,6.71962202963945));
#11594=CARTESIAN_POINT('Origin',(0.,16.,-0.42));
#11595=CARTESIAN_POINT('',(-7.74,16.,-0.42));
#11596=CARTESIAN_POINT('',(-7.74,31.504675,-0.42));
#11597=CARTESIAN_POINT('',(7.74,16.,-0.42));
#11598=CARTESIAN_POINT('',(0.,16.,-0.42));
#11599=CARTESIAN_POINT('',(7.74,31.504675,-0.42));
#11600=CARTESIAN_POINT('Origin',(0.,16.,18.48));
#11601=CARTESIAN_POINT('',(-7.74,16.,14.48755));
#11602=CARTESIAN_POINT('',(7.74,16.,14.48755));
#11603=CARTESIAN_POINT('Origin',(0.,30.214,-0.42));
#11604=CARTESIAN_POINT('',(-7.74,30.214,-0.42));
#11605=CARTESIAN_POINT('',(-7.74,36.46,15.492));
#11606=CARTESIAN_POINT('',(-7.74,33.1914391915364,7.16517649947608));
#11607=CARTESIAN_POINT('',(7.74,30.214,-0.42));
#11608=CARTESIAN_POINT('',(0.,30.214,-0.42));
#11609=CARTESIAN_POINT('',(7.74,36.46,15.492));
#11610=CARTESIAN_POINT('',(7.74,33.1914391915364,7.16517649947608));
#11611=CARTESIAN_POINT('',(0.,36.46,15.492));
#11612=CARTESIAN_POINT('Origin',(0.,36.46,15.492));
#11613=CARTESIAN_POINT('',(-7.74,33.88,16.008));
#11614=CARTESIAN_POINT('',(-7.74,42.0122740384615,14.3815451923077));
#11615=CARTESIAN_POINT('',(7.74,33.88,16.008));
#11616=CARTESIAN_POINT('',(7.74,42.0122740384615,14.3815451923077));
#11617=CARTESIAN_POINT('',(0.,33.88,16.008));
#11618=CARTESIAN_POINT('Origin',(0.,33.88,16.008));
#11619=CARTESIAN_POINT('',(-7.74,32.692,16.23));
#11620=CARTESIAN_POINT('',(-7.74,40.7208860917359,14.7296525990191));
#11621=CARTESIAN_POINT('',(7.74,32.692,16.23));
#11622=CARTESIAN_POINT('',(7.74,40.7208860917359,14.7296525990191));
#11623=CARTESIAN_POINT('',(0.,32.692,16.23));
#11624=CARTESIAN_POINT('Origin',(0.,32.692,16.23));
#11625=CARTESIAN_POINT('',(-7.74,30.154,16.674));
#11626=CARTESIAN_POINT('',(-7.74,40.1248325098289,14.9296936034815));
#11627=CARTESIAN_POINT('',(7.74,30.154,16.674));
#11628=CARTESIAN_POINT('',(7.74,40.1248325098289,14.9296936034815));
#11629=CARTESIAN_POINT('',(0.,30.154,16.674));
#11630=CARTESIAN_POINT('Origin',(0.,30.154,16.674));
#11631=CARTESIAN_POINT('',(-7.74,28.966,16.872));
#11632=CARTESIAN_POINT('',(-7.74,38.8548918918919,15.2238513513514));
#11633=CARTESIAN_POINT('',(7.74,28.966,16.872));
#11634=CARTESIAN_POINT('',(7.74,38.8548918918919,15.2238513513514));
#11635=CARTESIAN_POINT('',(0.,28.966,16.872));
#11636=CARTESIAN_POINT('Origin',(0.,23.782,-0.42));
#11637=CARTESIAN_POINT('',(-7.74,23.782,-0.42));
#11638=CARTESIAN_POINT('',(-7.74,35.395675,-0.42));
#11639=CARTESIAN_POINT('',(7.74,23.782,-0.42));
#11640=CARTESIAN_POINT('',(0.,23.782,-0.42));
#11641=CARTESIAN_POINT('',(7.74,35.395675,-0.42));
#11642=CARTESIAN_POINT('Origin',(0.,26.446,17.262));
#11643=CARTESIAN_POINT('',(-7.74,26.446,17.262));
#11644=CARTESIAN_POINT('',(-7.74,26.175761018358,15.4683191916692));
#11645=CARTESIAN_POINT('',(7.74,26.446,17.262));
#11646=CARTESIAN_POINT('',(0.,26.446,17.262));
#11647=CARTESIAN_POINT('',(7.74,26.175761018358,15.4683191916692));
#11648=CARTESIAN_POINT('Origin',(0.,28.966,16.872));
#11649=CARTESIAN_POINT('',(-7.74,38.2585572595156,15.4338661384083));
#11650=CARTESIAN_POINT('',(7.74,38.2585572595156,15.4338661384083));
#11651=CARTESIAN_POINT('Origin',(0.,39.364,-0.42));
#11652=CARTESIAN_POINT('',(-7.74,39.364,-0.42));
#11653=CARTESIAN_POINT('',(-7.74,48.256,12.63));
#11654=CARTESIAN_POINT('',(-7.74,43.1156411105669,5.08595102259306));
#11655=CARTESIAN_POINT('',(7.74,39.364,-0.42));
#11656=CARTESIAN_POINT('',(0.,39.364,-0.42));
#11657=CARTESIAN_POINT('',(7.74,48.256,12.63));
#11658=CARTESIAN_POINT('',(7.74,43.1156411105669,5.08595102259306));
#11659=CARTESIAN_POINT('',(0.,48.256,12.63));
#11660=CARTESIAN_POINT('Origin',(0.,48.256,12.63));
#11661=CARTESIAN_POINT('',(-7.74,45.424,13.398));
#11662=CARTESIAN_POINT('',(-7.74,47.9450228726251,12.7143327803051));
#11663=CARTESIAN_POINT('',(7.74,45.424,13.398));
#11664=CARTESIAN_POINT('',(7.74,47.9450228726251,12.7143327803051));
#11665=CARTESIAN_POINT('',(0.,45.424,13.398));
#11666=CARTESIAN_POINT('Origin',(0.,45.424,13.398));
#11667=CARTESIAN_POINT('',(-7.74,44.218,13.71));
#11668=CARTESIAN_POINT('',(-7.74,46.5188942831458,13.1147437675444));
#11669=CARTESIAN_POINT('',(7.74,44.218,13.71));
#11670=CARTESIAN_POINT('',(7.74,46.5188942831458,13.1147437675444));
#11671=CARTESIAN_POINT('',(0.,44.218,13.71));
#11672=CARTESIAN_POINT('Origin',(0.,44.218,13.71));
#11673=CARTESIAN_POINT('',(-7.74,41.488,14.376));
#11674=CARTESIAN_POINT('',(-7.74,45.9053974411432,13.2983491956772));
#11675=CARTESIAN_POINT('',(7.74,41.488,14.376));
#11676=CARTESIAN_POINT('',(7.74,45.9053974411432,13.2983491956772));
#11677=CARTESIAN_POINT('',(0.,41.488,14.376));
#11678=CARTESIAN_POINT('Origin',(0.,41.488,14.376));
#11679=CARTESIAN_POINT('',(-7.74,40.288,14.658));
#11680=CARTESIAN_POINT('',(-7.74,44.5363363737591,13.6596409521666));
#11681=CARTESIAN_POINT('',(7.74,40.288,14.658));
#11682=CARTESIAN_POINT('',(7.74,44.5363363737591,13.6596409521666));
#11683=CARTESIAN_POINT('',(0.,40.288,14.658));
#11684=CARTESIAN_POINT('Origin',(0.,31.504,-0.42));
#11685=CARTESIAN_POINT('',(-7.74,31.504,-0.42));
#11686=CARTESIAN_POINT('',(-7.74,39.256675,-0.42));
#11687=CARTESIAN_POINT('',(7.74,31.504,-0.42));
#11688=CARTESIAN_POINT('',(0.,31.504,-0.42));
#11689=CARTESIAN_POINT('',(7.74,39.256675,-0.42));
#11690=CARTESIAN_POINT('Origin',(0.,37.648,15.24));
#11691=CARTESIAN_POINT('',(-7.74,37.648,15.24));
#11692=CARTESIAN_POINT('',(-7.74,37.4657432450848,14.7754588571008));
#11693=CARTESIAN_POINT('',(7.74,37.648,15.24));
#11694=CARTESIAN_POINT('',(0.,37.648,15.24));
#11695=CARTESIAN_POINT('',(7.74,37.4657432450848,14.7754588571008));
#11696=CARTESIAN_POINT('Origin',(0.,40.288,14.658));
#11697=CARTESIAN_POINT('',(-7.74,43.9305132186258,13.8549914040757));
#11698=CARTESIAN_POINT('',(7.74,43.9305132186258,13.8549914040757));
#11699=CARTESIAN_POINT('Origin',(0.,51.628,-0.42));
#11700=CARTESIAN_POINT('',(-7.74,51.628,-0.42));
#11701=CARTESIAN_POINT('',(-7.74,61.084,8.514));
#11702=CARTESIAN_POINT('',(-7.74,53.1322214500764,1.00118384464709));
#11703=CARTESIAN_POINT('',(7.74,51.628,-0.42));
#11704=CARTESIAN_POINT('',(0.,51.628,-0.42));
#11705=CARTESIAN_POINT('',(7.74,61.084,8.514));
#11706=CARTESIAN_POINT('',(7.74,53.1322214500764,1.00118384464709));
#11707=CARTESIAN_POINT('',(0.,61.084,8.514));
#11708=CARTESIAN_POINT('Origin',(0.,61.084,8.514));
#11709=CARTESIAN_POINT('',(-7.74,57.562,9.75));
#11710=CARTESIAN_POINT('',(-7.74,54.5088308806734,10.8214699124042));
#11711=CARTESIAN_POINT('',(7.74,57.562,9.75));
#11712=CARTESIAN_POINT('',(7.74,54.5088308806734,10.8214699124042));
#11713=CARTESIAN_POINT('',(0.,57.562,9.75));
#11714=CARTESIAN_POINT('Origin',(0.,57.562,9.75));
#11715=CARTESIAN_POINT('',(-7.74,56.818,10.002));
#11716=CARTESIAN_POINT('',(-7.74,52.715499789965,11.3915565227538));
#11717=CARTESIAN_POINT('',(7.74,56.818,10.002));
#11718=CARTESIAN_POINT('',(7.74,52.715499789965,11.3915565227538));
#11719=CARTESIAN_POINT('',(0.,56.818,10.002));
#11720=CARTESIAN_POINT('Origin',(0.,56.818,10.002));
#11721=CARTESIAN_POINT('',(-7.74,53.68,11.022));
#11722=CARTESIAN_POINT('',(-7.74,52.3098480918662,11.4673648649766));
#11723=CARTESIAN_POINT('',(7.74,53.68,11.022));
#11724=CARTESIAN_POINT('',(7.74,52.3098480918662,11.4673648649766));
#11725=CARTESIAN_POINT('',(0.,53.68,11.022));
#11726=CARTESIAN_POINT('Origin',(0.,53.68,11.022));
#11727=CARTESIAN_POINT('',(-7.74,52.45,11.4));
#11728=CARTESIAN_POINT('',(-7.74,50.7064691834805,11.9358167875158));
#11729=CARTESIAN_POINT('',(7.74,52.45,11.4));
#11730=CARTESIAN_POINT('',(7.74,50.7064691834805,11.9358167875158));
#11731=CARTESIAN_POINT('',(0.,52.45,11.4));
#11732=CARTESIAN_POINT('Origin',(0.,40.816,-0.42));
#11733=CARTESIAN_POINT('',(-7.74,40.816,-0.42));
#11734=CARTESIAN_POINT('',(-7.74,43.912675,-0.42));
#11735=CARTESIAN_POINT('',(7.74,40.816,-0.42));
#11736=CARTESIAN_POINT('',(0.,40.816,-0.42));
#11737=CARTESIAN_POINT('',(7.74,43.912675,-0.42));
#11738=CARTESIAN_POINT('Origin',(0.,49.474,12.282));
#11739=CARTESIAN_POINT('',(-7.74,49.474,12.282));
#11740=CARTESIAN_POINT('',(-7.74,48.6672668687798,11.0984559675724));
#11741=CARTESIAN_POINT('',(7.74,49.474,12.282));
#11742=CARTESIAN_POINT('',(0.,49.474,12.282));
#11743=CARTESIAN_POINT('',(7.74,48.6672668687798,11.0984559675724));
#11744=CARTESIAN_POINT('Origin',(0.,52.45,11.4));
#11745=CARTESIAN_POINT('',(-7.74,50.07258966539,12.104595401588));
#11746=CARTESIAN_POINT('',(7.74,50.07258966539,12.104595401588));
#11747=CARTESIAN_POINT('Origin',(0.,64.078,-0.42));
#11748=CARTESIAN_POINT('',(-7.74,64.078,-0.42));
#11749=CARTESIAN_POINT('',(-7.74,81.52,-0.42));
#11750=CARTESIAN_POINT('',(-7.74,55.543675,-0.42));
#11751=CARTESIAN_POINT('',(7.74,64.078,-0.42));
#11752=CARTESIAN_POINT('',(0.,64.078,-0.42));
#11753=CARTESIAN_POINT('',(7.74,81.52,-0.42));
#11754=CARTESIAN_POINT('',(7.74,55.543675,-0.42));
#11755=CARTESIAN_POINT('',(0.,81.52,-0.42));
#11756=CARTESIAN_POINT('Origin',(0.,81.52,-0.42));
#11757=CARTESIAN_POINT('',(-7.74,75.91,2.34));
#11758=CARTESIAN_POINT('',(-7.74,65.4655448593236,7.47844851840766));
#11759=CARTESIAN_POINT('',(7.74,75.91,2.34));
#11760=CARTESIAN_POINT('',(7.74,65.4655448593236,7.47844851840766));
#11761=CARTESIAN_POINT('',(0.,75.91,2.34));
#11762=CARTESIAN_POINT('Origin',(0.,75.91,2.34));
#11763=CARTESIAN_POINT('',(-7.74,75.13,2.706));
#11764=CARTESIAN_POINT('',(-7.74,62.4991341835993,8.63279088308039));
#11765=CARTESIAN_POINT('',(7.74,75.13,2.706));
#11766=CARTESIAN_POINT('',(7.74,62.4991341835993,8.63279088308039));
#11767=CARTESIAN_POINT('',(0.,75.13,2.706));
#11768=CARTESIAN_POINT('Origin',(0.,70.99,4.566));
#11769=CARTESIAN_POINT('',(-7.74,70.99,4.566));
#11770=CARTESIAN_POINT('',(-7.74,64.5100298467783,-0.10835346990209));
#11771=CARTESIAN_POINT('',(7.74,70.99,4.566));
#11772=CARTESIAN_POINT('',(0.,70.99,4.566));
#11773=CARTESIAN_POINT('',(7.74,64.5100298467783,-0.10835346990209));
#11774=CARTESIAN_POINT('Origin',(0.,75.13,2.706));
#11775=CARTESIAN_POINT('',(-7.74,61.9752202420482,8.61611844197832));
#11776=CARTESIAN_POINT('',(7.74,61.9752202420482,8.61611844197832));
#11777=CARTESIAN_POINT('Origin',(-7.74,47.00935,10.4951));
#11778=CARTESIAN_POINT('',(-7.74,10.,20.5344));
#11779=CARTESIAN_POINT('',(-7.74,10.131,21.2084));
#11780=CARTESIAN_POINT('',(-7.74,10.131,21.2084));
#11781=CARTESIAN_POINT('',(-7.74,10.5048,21.7844));
#11782=CARTESIAN_POINT('',(-7.74,10.5048,21.7844));
#11783=CARTESIAN_POINT('',(-7.74,10.7986,22.0302));
#11784=CARTESIAN_POINT('',(-7.74,10.7986,22.0302));
#11785=CARTESIAN_POINT('',(-7.74,11.1378,22.2082));
#11786=CARTESIAN_POINT('',(-7.74,11.1378,22.2082));
#11787=CARTESIAN_POINT('',(-7.74,11.8128,22.3344));
#11788=CARTESIAN_POINT('',(-7.74,11.8128,22.3344));
#11789=CARTESIAN_POINT('',(-7.74,17.8463,21.9154));
#11790=CARTESIAN_POINT('',(-7.74,17.8463,21.9154));
#11791=CARTESIAN_POINT('',(-7.74,23.7815,21.2594));
#11792=CARTESIAN_POINT('',(-7.74,23.7815,21.2594));
#11793=CARTESIAN_POINT('',(-7.74,29.7619,20.3539));
#11794=CARTESIAN_POINT('',(-7.74,29.7619,20.3539));
#11795=CARTESIAN_POINT('',(-7.74,30.1474,20.3461));
#11796=CARTESIAN_POINT('',(-7.74,30.1474,20.3461));
#11797=CARTESIAN_POINT('',(-7.74,30.599,20.4451));
#11798=CARTESIAN_POINT('',(-7.74,30.599,20.4451));
#11799=CARTESIAN_POINT('',(-7.74,31.0732,20.7011));
#11800=CARTESIAN_POINT('',(-7.74,31.0732,20.7011));
#11801=CARTESIAN_POINT('',(-7.74,32.001,21.737));
#11802=CARTESIAN_POINT('',(-7.74,32.001,21.737));
#11803=CARTESIAN_POINT('',(-7.74,32.7584,22.231));
#11804=CARTESIAN_POINT('',(-7.74,32.7584,22.231));
#11805=CARTESIAN_POINT('',(-7.74,33.2467,22.4039));
#11806=CARTESIAN_POINT('',(-7.74,33.2467,22.4039));
#11807=CARTESIAN_POINT('',(-7.74,33.7575,22.4902));
#11808=CARTESIAN_POINT('',(-7.74,33.7575,22.4902));
#11809=CARTESIAN_POINT('',(-7.74,34.2756,22.4873));
#11810=CARTESIAN_POINT('',(-7.74,34.2756,22.4873));
#11811=CARTESIAN_POINT('',(-7.74,34.7854,22.3954));
#11812=CARTESIAN_POINT('',(-7.74,34.7854,22.3954));
#11813=CARTESIAN_POINT('',(-7.74,35.6125,22.0298));
#11814=CARTESIAN_POINT('',(-7.74,35.6125,22.0298));
#11815=CARTESIAN_POINT('',(-7.74,36.293,21.4344));
#11816=CARTESIAN_POINT('',(-7.74,36.293,21.4344));
#11817=CARTESIAN_POINT('',(-7.74,36.7124,20.7817));
#11818=CARTESIAN_POINT('',(-7.74,36.7124,20.7817));
#11819=CARTESIAN_POINT('',(-7.74,37.0321,19.7455));
#11820=CARTESIAN_POINT('',(-7.74,37.0321,19.7455));
#11821=CARTESIAN_POINT('',(-7.74,37.2037,19.4002));
#11822=CARTESIAN_POINT('',(-7.74,37.2037,19.4002));
#11823=CARTESIAN_POINT('',(-7.74,37.5295,19.0202));
#11824=CARTESIAN_POINT('',(-7.74,37.5295,19.0202));
#11825=CARTESIAN_POINT('',(-7.74,37.9469,18.7439));
#11826=CARTESIAN_POINT('',(-7.74,37.9469,18.7439));
#11827=CARTESIAN_POINT('',(-7.74,44.3015,17.0834));
#11828=CARTESIAN_POINT('',(-7.74,44.3015,17.0834));
#11829=CARTESIAN_POINT('',(-7.74,50.2232,15.3023));
#11830=CARTESIAN_POINT('',(-7.74,50.2232,15.3023));
#11831=CARTESIAN_POINT('',(-7.74,56.0656,13.2762));
#11832=CARTESIAN_POINT('',(-7.74,56.0656,13.2762));
#11833=CARTESIAN_POINT('',(-7.74,61.8185,11.0085));
#11834=CARTESIAN_POINT('',(-7.74,61.8185,11.0085));
#11835=CARTESIAN_POINT('',(-7.74,67.472,8.5032));
#11836=CARTESIAN_POINT('',(-7.74,67.472,8.5032));
#11837=CARTESIAN_POINT('',(-7.74,73.0163,5.7647));
#11838=CARTESIAN_POINT('',(-7.74,73.0163,5.7647));
#11839=CARTESIAN_POINT('',(-7.74,78.4418,2.7977));
#11840=CARTESIAN_POINT('',(-7.74,78.4418,2.7977));
#11841=CARTESIAN_POINT('',(-7.74,83.739,-0.392600000000001));
#11842=CARTESIAN_POINT('',(-7.74,83.739,-0.3926));
#11843=CARTESIAN_POINT('',(-7.74,83.9476,-0.616500000000002));
#11844=CARTESIAN_POINT('',(-7.74,83.9476,-0.6165));
#11845=CARTESIAN_POINT('',(-7.74,84.0187,-0.901299999999998));
#11846=CARTESIAN_POINT('',(-7.74,84.0187,-0.9013));
#11847=CARTESIAN_POINT('',(-7.74,83.969,-1.1394));
#11848=CARTESIAN_POINT('',(-7.74,83.969,-1.1394));
#11849=CARTESIAN_POINT('',(-7.74,83.838,-1.3292));
#11850=CARTESIAN_POINT('',(-7.74,83.838,-1.3292));
#11851=CARTESIAN_POINT('',(-7.74,83.6451,-1.4557));
#11852=CARTESIAN_POINT('',(-7.74,83.6451,-1.4557));
#11853=CARTESIAN_POINT('',(-7.74,83.4188,-1.5));
#11854=CARTESIAN_POINT('',(-7.74,83.4188,-1.5));
#11855=CARTESIAN_POINT('',(-7.74,11.8,-1.5));
#11856=CARTESIAN_POINT('',(-7.74,11.8,-1.5));
#11857=CARTESIAN_POINT('',(-7.74,11.3341,-1.4387));
#11858=CARTESIAN_POINT('',(-7.74,11.3341,-1.4387));
#11859=CARTESIAN_POINT('',(-7.74,10.8329,-1.2181));
#11860=CARTESIAN_POINT('',(-7.74,10.8329,-1.2181));
#11861=CARTESIAN_POINT('',(-7.74,10.3965,-0.8264));
#11862=CARTESIAN_POINT('',(-7.74,10.3965,-0.8264));
#11863=CARTESIAN_POINT('',(-7.74,10.1086,-0.315599999999998));
#11864=CARTESIAN_POINT('',(-7.74,10.1086,-0.3156));
#11865=CARTESIAN_POINT('',(-7.74,10.0017,0.221499999999999));
#11866=CARTESIAN_POINT('',(-7.74,10.0017,0.2215));
#11867=CARTESIAN_POINT('',(-7.74,10.,20.5344));
#11868=CARTESIAN_POINT('Origin',(0.,10.5048,21.7844));
#11869=CARTESIAN_POINT('',(7.74,10.131,21.2084));
#11870=CARTESIAN_POINT('',(0.,10.131,21.2084));
#11871=CARTESIAN_POINT('',(7.74,10.5048,21.7844));
#11872=CARTESIAN_POINT('',(7.74,10.5048,21.7844));
#11873=CARTESIAN_POINT('',(0.,10.5048,21.7844));
#11874=CARTESIAN_POINT('Origin',(0.,10.7986,22.0302));
#11875=CARTESIAN_POINT('',(7.74,10.7986,22.0302));
#11876=CARTESIAN_POINT('',(7.74,10.7986,22.0302));
#11877=CARTESIAN_POINT('',(0.,10.7986,22.0302));
#11878=CARTESIAN_POINT('Origin',(0.,11.1378,22.2082));
#11879=CARTESIAN_POINT('',(7.74,11.1378,22.2082));
#11880=CARTESIAN_POINT('',(7.74,11.1378,22.2082));
#11881=CARTESIAN_POINT('',(0.,11.1378,22.2082));
#11882=CARTESIAN_POINT('Origin',(0.,11.8128,22.3344));
#11883=CARTESIAN_POINT('',(7.74,11.8128,22.3344));
#11884=CARTESIAN_POINT('',(7.74,11.8128,22.3344));
#11885=CARTESIAN_POINT('',(0.,11.8128,22.3344));
#11886=CARTESIAN_POINT('Origin',(0.,17.8463,21.9154));
#11887=CARTESIAN_POINT('',(7.74,17.8463,21.9154));
#11888=CARTESIAN_POINT('',(7.74,17.8463,21.9154));
#11889=CARTESIAN_POINT('',(0.,17.8463,21.9154));
#11890=CARTESIAN_POINT('Origin',(0.,23.7815,21.2594));
#11891=CARTESIAN_POINT('',(7.74,23.7815,21.2594));
#11892=CARTESIAN_POINT('',(7.74,23.7815,21.2594));
#11893=CARTESIAN_POINT('',(0.,23.7815,21.2594));
#11894=CARTESIAN_POINT('Origin',(0.,29.7619,20.3539));
#11895=CARTESIAN_POINT('',(7.74,29.7619,20.3539));
#11896=CARTESIAN_POINT('',(7.74,29.7619,20.3539));
#11897=CARTESIAN_POINT('',(0.,29.7619,20.3539));
#11898=CARTESIAN_POINT('Origin',(0.,30.1474,20.3461));
#11899=CARTESIAN_POINT('',(7.74,30.1474,20.3461));
#11900=CARTESIAN_POINT('',(7.74,30.1474,20.3461));
#11901=CARTESIAN_POINT('',(0.,30.1474,20.3461));
#11902=CARTESIAN_POINT('Origin',(0.,30.599,20.4451));
#11903=CARTESIAN_POINT('',(7.74,30.599,20.4451));
#11904=CARTESIAN_POINT('',(7.74,30.599,20.4451));
#11905=CARTESIAN_POINT('',(0.,30.599,20.4451));
#11906=CARTESIAN_POINT('Origin',(0.,31.0732,20.7011));
#11907=CARTESIAN_POINT('',(7.74,31.0732,20.7011));
#11908=CARTESIAN_POINT('',(7.74,31.0732,20.7011));
#11909=CARTESIAN_POINT('',(0.,31.0732,20.7011));
#11910=CARTESIAN_POINT('Origin',(0.,32.001,21.737));
#11911=CARTESIAN_POINT('',(7.74,32.001,21.737));
#11912=CARTESIAN_POINT('',(7.74,32.001,21.737));
#11913=CARTESIAN_POINT('',(0.,32.001,21.737));
#11914=CARTESIAN_POINT('Origin',(0.,32.7584,22.231));
#11915=CARTESIAN_POINT('',(7.74,32.7584,22.231));
#11916=CARTESIAN_POINT('',(7.74,32.7584,22.231));
#11917=CARTESIAN_POINT('',(0.,32.7584,22.231));
#11918=CARTESIAN_POINT('Origin',(0.,33.2467,22.4039));
#11919=CARTESIAN_POINT('',(7.74,33.2467,22.4039));
#11920=CARTESIAN_POINT('',(7.74,33.2467,22.4039));
#11921=CARTESIAN_POINT('',(0.,33.2467,22.4039));
#11922=CARTESIAN_POINT('Origin',(0.,33.7575,22.4902));
#11923=CARTESIAN_POINT('',(7.74,33.7575,22.4902));
#11924=CARTESIAN_POINT('',(7.74,33.7575,22.4902));
#11925=CARTESIAN_POINT('',(0.,33.7575,22.4902));
#11926=CARTESIAN_POINT('Origin',(0.,34.2756,22.4873));
#11927=CARTESIAN_POINT('',(7.74,34.2756,22.4873));
#11928=CARTESIAN_POINT('',(7.74,34.2756,22.4873));
#11929=CARTESIAN_POINT('',(0.,34.2756,22.4873));
#11930=CARTESIAN_POINT('Origin',(0.,34.7854,22.3954));
#11931=CARTESIAN_POINT('',(7.74,34.7854,22.3954));
#11932=CARTESIAN_POINT('',(7.74,34.7854,22.3954));
#11933=CARTESIAN_POINT('',(0.,34.7854,22.3954));
#11934=CARTESIAN_POINT('Origin',(0.,35.6125,22.0298));
#11935=CARTESIAN_POINT('',(7.74,35.6125,22.0298));
#11936=CARTESIAN_POINT('',(7.74,35.6125,22.0298));
#11937=CARTESIAN_POINT('',(0.,35.6125,22.0298));
#11938=CARTESIAN_POINT('Origin',(0.,36.293,21.4344));
#11939=CARTESIAN_POINT('',(7.74,36.293,21.4344));
#11940=CARTESIAN_POINT('',(7.74,36.293,21.4344));
#11941=CARTESIAN_POINT('',(0.,36.293,21.4344));
#11942=CARTESIAN_POINT('Origin',(0.,36.7124,20.7817));
#11943=CARTESIAN_POINT('',(7.74,36.7124,20.7817));
#11944=CARTESIAN_POINT('',(7.74,36.7124,20.7817));
#11945=CARTESIAN_POINT('',(0.,36.7124,20.7817));
#11946=CARTESIAN_POINT('Origin',(0.,37.0321,19.7455));
#11947=CARTESIAN_POINT('',(7.74,37.0321,19.7455));
#11948=CARTESIAN_POINT('',(7.74,37.0321,19.7455));
#11949=CARTESIAN_POINT('',(0.,37.0321,19.7455));
#11950=CARTESIAN_POINT('Origin',(0.,37.2037,19.4002));
#11951=CARTESIAN_POINT('',(7.74,37.2037,19.4002));
#11952=CARTESIAN_POINT('',(7.74,37.2037,19.4002));
#11953=CARTESIAN_POINT('',(0.,37.2037,19.4002));
#11954=CARTESIAN_POINT('Origin',(0.,37.5295,19.0202));
#11955=CARTESIAN_POINT('',(7.74,37.5295,19.0202));
#11956=CARTESIAN_POINT('',(7.74,37.5295,19.0202));
#11957=CARTESIAN_POINT('',(0.,37.5295,19.0202));
#11958=CARTESIAN_POINT('Origin',(0.,37.9469,18.7439));
#11959=CARTESIAN_POINT('',(7.74,37.9469,18.7439));
#11960=CARTESIAN_POINT('',(7.74,37.9469,18.7439));
#11961=CARTESIAN_POINT('',(0.,37.9469,18.7439));
#11962=CARTESIAN_POINT('Origin',(0.,44.3015,17.0834));
#11963=CARTESIAN_POINT('',(7.74,44.3015,17.0834));
#11964=CARTESIAN_POINT('',(7.74,44.3015,17.0834));
#11965=CARTESIAN_POINT('',(0.,44.3015,17.0834));
#11966=CARTESIAN_POINT('Origin',(0.,50.2232,15.3023));
#11967=CARTESIAN_POINT('',(7.74,50.2232,15.3023));
#11968=CARTESIAN_POINT('',(7.74,50.2232,15.3023));
#11969=CARTESIAN_POINT('',(0.,50.2232,15.3023));
#11970=CARTESIAN_POINT('Origin',(0.,56.0656,13.2762));
#11971=CARTESIAN_POINT('',(7.74,56.0656,13.2762));
#11972=CARTESIAN_POINT('',(7.74,56.0656,13.2762));
#11973=CARTESIAN_POINT('',(0.,56.0656,13.2762));
#11974=CARTESIAN_POINT('Origin',(0.,61.8185,11.0085));
#11975=CARTESIAN_POINT('',(7.74,61.8185,11.0085));
#11976=CARTESIAN_POINT('',(7.74,61.8185,11.0085));
#11977=CARTESIAN_POINT('',(0.,61.8185,11.0085));
#11978=CARTESIAN_POINT('Origin',(0.,67.472,8.5032));
#11979=CARTESIAN_POINT('',(7.74,67.472,8.5032));
#11980=CARTESIAN_POINT('',(7.74,67.472,8.5032));
#11981=CARTESIAN_POINT('',(0.,67.472,8.5032));
#11982=CARTESIAN_POINT('Origin',(0.,73.0163,5.7647));
#11983=CARTESIAN_POINT('',(7.74,73.0163,5.7647));
#11984=CARTESIAN_POINT('',(7.74,73.0163,5.7647));
#11985=CARTESIAN_POINT('',(0.,73.0163,5.7647));
#11986=CARTESIAN_POINT('Origin',(0.,78.4418,2.7977));
#11987=CARTESIAN_POINT('',(7.74,78.4418,2.7977));
#11988=CARTESIAN_POINT('',(7.74,78.4418,2.7977));
#11989=CARTESIAN_POINT('',(0.,78.4418,2.7977));
#11990=CARTESIAN_POINT('Origin',(0.,83.739,-0.3926));
#11991=CARTESIAN_POINT('',(7.74,83.739,-0.392600000000001));
#11992=CARTESIAN_POINT('',(7.74,83.739,-0.3926));
#11993=CARTESIAN_POINT('',(0.,83.739,-0.3926));
#11994=CARTESIAN_POINT('Origin',(0.,83.9476,-0.6165));
#11995=CARTESIAN_POINT('',(7.74,83.9476,-0.616500000000002));
#11996=CARTESIAN_POINT('',(7.74,83.9476,-0.6165));
#11997=CARTESIAN_POINT('',(0.,83.9476,-0.6165));
#11998=CARTESIAN_POINT('Origin',(0.,84.0187,-0.9013));
#11999=CARTESIAN_POINT('',(7.74,84.0187,-0.901299999999998));
#12000=CARTESIAN_POINT('',(7.74,84.0187,-0.9013));
#12001=CARTESIAN_POINT('',(0.,84.0187,-0.9013));
#12002=CARTESIAN_POINT('Origin',(0.,83.969,-1.1394));
#12003=CARTESIAN_POINT('',(7.74,83.969,-1.1394));
#12004=CARTESIAN_POINT('',(7.74,83.969,-1.1394));
#12005=CARTESIAN_POINT('',(0.,83.969,-1.1394));
#12006=CARTESIAN_POINT('Origin',(0.,83.838,-1.3292));
#12007=CARTESIAN_POINT('',(7.74,83.838,-1.3292));
#12008=CARTESIAN_POINT('',(7.74,83.838,-1.3292));
#12009=CARTESIAN_POINT('',(0.,83.838,-1.3292));
#12010=CARTESIAN_POINT('Origin',(0.,83.6451,-1.4557));
#12011=CARTESIAN_POINT('',(7.74,83.6451,-1.4557));
#12012=CARTESIAN_POINT('',(7.74,83.6451,-1.4557));
#12013=CARTESIAN_POINT('',(0.,83.6451,-1.4557));
#12014=CARTESIAN_POINT('Origin',(0.,83.4188,-1.5));
#12015=CARTESIAN_POINT('',(7.74,83.4188,-1.5));
#12016=CARTESIAN_POINT('',(7.74,83.4188,-1.5));
#12017=CARTESIAN_POINT('',(0.,83.4188,-1.5));
#12018=CARTESIAN_POINT('Origin',(0.,11.8,-1.5));
#12019=CARTESIAN_POINT('',(7.74,11.8,-1.5));
#12020=CARTESIAN_POINT('',(7.74,11.8,-1.5));
#12021=CARTESIAN_POINT('',(0.,11.8,-1.5));
#12022=CARTESIAN_POINT('Origin',(0.,11.3341,-1.4387));
#12023=CARTESIAN_POINT('',(7.74,11.3341,-1.4387));
#12024=CARTESIAN_POINT('',(7.74,11.3341,-1.4387));
#12025=CARTESIAN_POINT('',(0.,11.3341,-1.4387));
#12026=CARTESIAN_POINT('Origin',(0.,10.8329,-1.2181));
#12027=CARTESIAN_POINT('',(7.74,10.8329,-1.2181));
#12028=CARTESIAN_POINT('',(7.74,10.8329,-1.2181));
#12029=CARTESIAN_POINT('',(0.,10.8329,-1.2181));
#12030=CARTESIAN_POINT('Origin',(0.,10.3965,-0.8264));
#12031=CARTESIAN_POINT('',(7.74,10.3965,-0.8264));
#12032=CARTESIAN_POINT('',(7.74,10.3965,-0.8264));
#12033=CARTESIAN_POINT('',(0.,10.3965,-0.8264));
#12034=CARTESIAN_POINT('Origin',(0.,10.1086,-0.3156));
#12035=CARTESIAN_POINT('',(7.74,10.1086,-0.315599999999998));
#12036=CARTESIAN_POINT('',(7.74,10.1086,-0.3156));
#12037=CARTESIAN_POINT('',(0.,10.1086,-0.3156));
#12038=CARTESIAN_POINT('Origin',(0.,10.0017,0.2215));
#12039=CARTESIAN_POINT('',(7.74,10.0017,0.221499999999999));
#12040=CARTESIAN_POINT('',(7.74,10.0017,0.2215));
#12041=CARTESIAN_POINT('',(0.,10.0017,0.2215));
#12042=CARTESIAN_POINT('Origin',(0.,10.,20.5344));
#12043=CARTESIAN_POINT('',(7.74,10.,20.5344));
#12044=CARTESIAN_POINT('',(7.74,10.,20.5344));
#12045=CARTESIAN_POINT('',(0.,10.,20.5344));
#12046=CARTESIAN_POINT('Origin',(0.,10.131,21.2084));
#12047=CARTESIAN_POINT('',(7.74,10.131,21.2084));
#12048=CARTESIAN_POINT('Origin',(7.74,47.00935,10.4951));
#12049=CARTESIAN_POINT('',(0.,0.,0.));
#12050=CARTESIAN_POINT('',(0.,0.,0.));
#12051=CARTESIAN_POINT('',(0.,0.,0.));
#12052=CARTESIAN_POINT('Origin',(-15.9,12.278312163513,3.75));
#12053=CARTESIAN_POINT('',(-15.9,12.278312163513,3.75));
#12054=CARTESIAN_POINT('',(-15.9,13.721687836487,3.75));
#12055=CARTESIAN_POINT('',(-15.9,12.6391560817565,3.75));
#12056=CARTESIAN_POINT('',(-14.4,12.278312163513,3.75));
#12057=CARTESIAN_POINT('',(-15.9,12.278312163513,3.75));
#12058=CARTESIAN_POINT('',(-14.4,13.721687836487,3.75));
#12059=CARTESIAN_POINT('',(-14.4,12.278312163513,3.75));
#12060=CARTESIAN_POINT('',(-15.9,13.721687836487,3.75));
#12061=CARTESIAN_POINT('Origin',(-15.9,11.5566243270259,5.));
#12062=CARTESIAN_POINT('',(-15.9,11.5566243270259,5.));
#12063=CARTESIAN_POINT('',(-15.9,11.7370462861477,4.6875));
#12064=CARTESIAN_POINT('',(-14.4,11.5566243270259,5.));
#12065=CARTESIAN_POINT('',(-15.9,11.5566243270259,5.));
#12066=CARTESIAN_POINT('',(-14.4,11.5566243270259,5.));
#12067=CARTESIAN_POINT('Origin',(-15.9,12.278312163513,6.25));
#12068=CARTESIAN_POINT('',(-15.9,12.278312163513,6.25));
#12069=CARTESIAN_POINT('',(-15.9,12.0978902043912,5.9375));
#12070=CARTESIAN_POINT('',(-14.4,12.278312163513,6.25));
#12071=CARTESIAN_POINT('',(-15.9,12.278312163513,6.25));
#12072=CARTESIAN_POINT('',(-14.4,12.278312163513,6.25));
#12073=CARTESIAN_POINT('Origin',(-15.9,13.721687836487,6.25));
#12074=CARTESIAN_POINT('',(-15.9,13.721687836487,6.25));
#12075=CARTESIAN_POINT('',(-15.9,13.3608439182435,6.25));
#12076=CARTESIAN_POINT('',(-14.4,13.721687836487,6.25));
#12077=CARTESIAN_POINT('',(-15.9,13.721687836487,6.25));
#12078=CARTESIAN_POINT('',(-14.4,13.721687836487,6.25));
#12079=CARTESIAN_POINT('Origin',(-15.9,14.4433756729741,5.));
#12080=CARTESIAN_POINT('',(-15.9,14.4433756729741,5.));
#12081=CARTESIAN_POINT('',(-15.9,14.2629537138523,5.3125));
#12082=CARTESIAN_POINT('',(-14.4,14.4433756729741,5.));
#12083=CARTESIAN_POINT('',(-15.9,14.4433756729741,5.));
#12084=CARTESIAN_POINT('',(-14.4,14.4433756729741,5.));
#12085=CARTESIAN_POINT('Origin',(-15.9,13.721687836487,3.75));
#12086=CARTESIAN_POINT('',(-15.9,13.9021097956088,4.0625));
#12087=CARTESIAN_POINT('',(-14.4,13.721687836487,3.75));
#12088=CARTESIAN_POINT('Origin',(-14.4,13.,5.));
#12089=CARTESIAN_POINT('Origin',(-12.9,13.,5.));
#12090=CARTESIAN_POINT('',(17.1,13.,6.5));
#12091=CARTESIAN_POINT('Origin',(17.1,13.,5.));
#12092=CARTESIAN_POINT('',(-12.9,13.,6.5));
#12093=CARTESIAN_POINT('',(-12.9,13.,6.5));
#12094=CARTESIAN_POINT('Origin',(-12.9,13.,5.));
#12095=CARTESIAN_POINT('Origin',(17.1,13.,5.));
#12096=CARTESIAN_POINT('Origin',(-12.9,13.,5.));
#12097=CARTESIAN_POINT('',(-15.9,13.,7.75));
#12098=CARTESIAN_POINT('Origin',(-15.9,13.,5.));
#12099=CARTESIAN_POINT('',(-12.9,13.,7.75));
#12100=CARTESIAN_POINT('',(-12.9,13.,7.75));
#12101=CARTESIAN_POINT('Origin',(-12.9,13.,5.));
#12102=CARTESIAN_POINT('Origin',(-12.9,13.,5.));
#12103=CARTESIAN_POINT('Origin',(-15.9,13.,5.));
#12104=CARTESIAN_POINT('Origin',(-15.9,12.278312163513,18.25));
#12105=CARTESIAN_POINT('',(-15.9,12.278312163513,18.25));
#12106=CARTESIAN_POINT('',(-15.9,13.721687836487,18.25));
#12107=CARTESIAN_POINT('',(-15.9,12.6391560817565,18.25));
#12108=CARTESIAN_POINT('',(-14.4,12.278312163513,18.25));
#12109=CARTESIAN_POINT('',(-15.9,12.278312163513,18.25));
#12110=CARTESIAN_POINT('',(-14.4,13.721687836487,18.25));
#12111=CARTESIAN_POINT('',(-14.4,12.278312163513,18.25));
#12112=CARTESIAN_POINT('',(-15.9,13.721687836487,18.25));
#12113=CARTESIAN_POINT('Origin',(-15.9,11.5566243270259,19.5));
#12114=CARTESIAN_POINT('',(-15.9,11.5566243270259,19.5));
#12115=CARTESIAN_POINT('',(-15.9,11.7370462861477,19.1875));
#12116=CARTESIAN_POINT('',(-14.4,11.5566243270259,19.5));
#12117=CARTESIAN_POINT('',(-15.9,11.5566243270259,19.5));
#12118=CARTESIAN_POINT('',(-14.4,11.5566243270259,19.5));
#12119=CARTESIAN_POINT('Origin',(-15.9,12.278312163513,20.75));
#12120=CARTESIAN_POINT('',(-15.9,12.278312163513,20.75));
#12121=CARTESIAN_POINT('',(-15.9,12.0978902043912,20.4375));
#12122=CARTESIAN_POINT('',(-14.4,12.278312163513,20.75));
#12123=CARTESIAN_POINT('',(-15.9,12.278312163513,20.75));
#12124=CARTESIAN_POINT('',(-14.4,12.278312163513,20.75));
#12125=CARTESIAN_POINT('Origin',(-15.9,13.721687836487,20.75));
#12126=CARTESIAN_POINT('',(-15.9,13.721687836487,20.75));
#12127=CARTESIAN_POINT('',(-15.9,13.3608439182435,20.75));
#12128=CARTESIAN_POINT('',(-14.4,13.721687836487,20.75));
#12129=CARTESIAN_POINT('',(-15.9,13.721687836487,20.75));
#12130=CARTESIAN_POINT('',(-14.4,13.721687836487,20.75));
#12131=CARTESIAN_POINT('Origin',(-15.9,14.4433756729741,19.5));
#12132=CARTESIAN_POINT('',(-15.9,14.4433756729741,19.5));
#12133=CARTESIAN_POINT('',(-15.9,14.2629537138523,19.8125));
#12134=CARTESIAN_POINT('',(-14.4,14.4433756729741,19.5));
#12135=CARTESIAN_POINT('',(-15.9,14.4433756729741,19.5));
#12136=CARTESIAN_POINT('',(-14.4,14.4433756729741,19.5));
#12137=CARTESIAN_POINT('Origin',(-15.9,13.721687836487,18.25));
#12138=CARTESIAN_POINT('',(-15.9,13.9021097956088,18.5625));
#12139=CARTESIAN_POINT('',(-14.4,13.721687836487,18.25));
#12140=CARTESIAN_POINT('Origin',(-14.4,13.,19.5));
#12141=CARTESIAN_POINT('Origin',(-12.9,13.,19.5));
#12142=CARTESIAN_POINT('',(17.1,13.,21.));
#12143=CARTESIAN_POINT('Origin',(17.1,13.,19.5));
#12144=CARTESIAN_POINT('',(-12.9,13.,21.));
#12145=CARTESIAN_POINT('',(-12.9,13.,21.));
#12146=CARTESIAN_POINT('Origin',(-12.9,13.,19.5));
#12147=CARTESIAN_POINT('Origin',(17.1,13.,19.5));
#12148=CARTESIAN_POINT('Origin',(-12.9,13.,19.5));
#12149=CARTESIAN_POINT('',(-15.9,13.,22.25));
#12150=CARTESIAN_POINT('Origin',(-15.9,13.,19.5));
#12151=CARTESIAN_POINT('',(-12.9,13.,22.25));
#12152=CARTESIAN_POINT('',(-12.9,13.,22.25));
#12153=CARTESIAN_POINT('Origin',(-12.9,13.,19.5));
#12154=CARTESIAN_POINT('Origin',(-12.9,13.,19.5));
#12155=CARTESIAN_POINT('Origin',(-15.9,13.,19.5));
#12156=CARTESIAN_POINT('Origin',(-15.9,33.278312163513,18.25));
#12157=CARTESIAN_POINT('',(-15.9,33.278312163513,18.25));
#12158=CARTESIAN_POINT('',(-15.9,34.721687836487,18.25));
#12159=CARTESIAN_POINT('',(-15.9,33.6391560817565,18.25));
#12160=CARTESIAN_POINT('',(-14.4,33.278312163513,18.25));
#12161=CARTESIAN_POINT('',(-15.9,33.278312163513,18.25));
#12162=CARTESIAN_POINT('',(-14.4,34.721687836487,18.25));
#12163=CARTESIAN_POINT('',(-14.4,33.278312163513,18.25));
#12164=CARTESIAN_POINT('',(-15.9,34.721687836487,18.25));
#12165=CARTESIAN_POINT('Origin',(-15.9,32.5566243270259,19.5));
#12166=CARTESIAN_POINT('',(-15.9,32.5566243270259,19.5));
#12167=CARTESIAN_POINT('',(-15.9,32.7370462861477,19.1875));
#12168=CARTESIAN_POINT('',(-14.4,32.5566243270259,19.5));
#12169=CARTESIAN_POINT('',(-15.9,32.5566243270259,19.5));
#12170=CARTESIAN_POINT('',(-14.4,32.5566243270259,19.5));
#12171=CARTESIAN_POINT('Origin',(-15.9,33.278312163513,20.75));
#12172=CARTESIAN_POINT('',(-15.9,33.278312163513,20.75));
#12173=CARTESIAN_POINT('',(-15.9,33.0978902043912,20.4375));
#12174=CARTESIAN_POINT('',(-14.4,33.278312163513,20.75));
#12175=CARTESIAN_POINT('',(-15.9,33.278312163513,20.75));
#12176=CARTESIAN_POINT('',(-14.4,33.278312163513,20.75));
#12177=CARTESIAN_POINT('Origin',(-15.9,34.721687836487,20.75));
#12178=CARTESIAN_POINT('',(-15.9,34.721687836487,20.75));
#12179=CARTESIAN_POINT('',(-15.9,34.3608439182435,20.75));
#12180=CARTESIAN_POINT('',(-14.4,34.721687836487,20.75));
#12181=CARTESIAN_POINT('',(-15.9,34.721687836487,20.75));
#12182=CARTESIAN_POINT('',(-14.4,34.721687836487,20.75));
#12183=CARTESIAN_POINT('Origin',(-15.9,35.4433756729741,19.5));
#12184=CARTESIAN_POINT('',(-15.9,35.4433756729741,19.5));
#12185=CARTESIAN_POINT('',(-15.9,35.2629537138523,19.8125));
#12186=CARTESIAN_POINT('',(-14.4,35.4433756729741,19.5));
#12187=CARTESIAN_POINT('',(-15.9,35.4433756729741,19.5));
#12188=CARTESIAN_POINT('',(-14.4,35.4433756729741,19.5));
#12189=CARTESIAN_POINT('Origin',(-15.9,34.721687836487,18.25));
#12190=CARTESIAN_POINT('',(-15.9,34.9021097956088,18.5625));
#12191=CARTESIAN_POINT('',(-14.4,34.721687836487,18.25));
#12192=CARTESIAN_POINT('Origin',(-14.4,34.,19.5));
#12193=CARTESIAN_POINT('Origin',(-12.9,34.,19.5));
#12194=CARTESIAN_POINT('',(17.1,34.,21.));
#12195=CARTESIAN_POINT('Origin',(17.1,34.,19.5));
#12196=CARTESIAN_POINT('',(-12.9,34.,21.));
#12197=CARTESIAN_POINT('',(-12.9,34.,21.));
#12198=CARTESIAN_POINT('Origin',(-12.9,34.,19.5));
#12199=CARTESIAN_POINT('Origin',(17.1,34.,19.5));
#12200=CARTESIAN_POINT('Origin',(-12.9,34.,19.5));
#12201=CARTESIAN_POINT('',(-15.9,34.,22.25));
#12202=CARTESIAN_POINT('Origin',(-15.9,34.,19.5));
#12203=CARTESIAN_POINT('',(-12.9,34.,22.25));
#12204=CARTESIAN_POINT('',(-12.9,34.,22.25));
#12205=CARTESIAN_POINT('Origin',(-12.9,34.,19.5));
#12206=CARTESIAN_POINT('Origin',(-12.9,34.,19.5));
#12207=CARTESIAN_POINT('Origin',(-15.9,34.,19.5));
#12208=CARTESIAN_POINT('Origin',(-12.4,13.,5.));
#12209=CARTESIAN_POINT('',(-12.9,13.,6.6));
#12210=CARTESIAN_POINT('Origin',(-12.9,13.,5.));
#12211=CARTESIAN_POINT('',(-12.4,13.,6.6));
#12212=CARTESIAN_POINT('',(-12.4,13.,6.6));
#12213=CARTESIAN_POINT('Origin',(-12.4,13.,5.));
#12214=CARTESIAN_POINT('Origin',(-12.4,13.,5.));
#12215=CARTESIAN_POINT('',(-12.9,13.,8.5));
#12216=CARTESIAN_POINT('Origin',(-12.9,13.,5.));
#12217=CARTESIAN_POINT('',(-12.4,13.,8.5));
#12218=CARTESIAN_POINT('',(-12.4,13.,8.5));
#12219=CARTESIAN_POINT('Origin',(-12.4,13.,5.));
#12220=CARTESIAN_POINT('Origin',(-12.4,13.,5.));
#12221=CARTESIAN_POINT('Origin',(-12.9,13.,5.));
#12222=CARTESIAN_POINT('Origin',(-12.4,13.,19.5));
#12223=CARTESIAN_POINT('',(-12.9,13.,21.1));
#12224=CARTESIAN_POINT('Origin',(-12.9,13.,19.5));
#12225=CARTESIAN_POINT('',(-12.4,13.,21.1));
#12226=CARTESIAN_POINT('',(-12.4,13.,21.1));
#12227=CARTESIAN_POINT('Origin',(-12.4,13.,19.5));
#12228=CARTESIAN_POINT('Origin',(-12.4,13.,19.5));
#12229=CARTESIAN_POINT('',(-12.9,13.,23.));
#12230=CARTESIAN_POINT('Origin',(-12.9,13.,19.5));
#12231=CARTESIAN_POINT('',(-12.4,13.,23.));
#12232=CARTESIAN_POINT('',(-12.4,13.,23.));
#12233=CARTESIAN_POINT('Origin',(-12.4,13.,19.5));
#12234=CARTESIAN_POINT('Origin',(-12.4,13.,19.5));
#12235=CARTESIAN_POINT('Origin',(-12.9,13.,19.5));
#12236=CARTESIAN_POINT('Origin',(-12.4,34.,19.5));
#12237=CARTESIAN_POINT('',(-12.9,34.,21.1));
#12238=CARTESIAN_POINT('Origin',(-12.9,34.,19.5));
#12239=CARTESIAN_POINT('',(-12.4,34.,21.1));
#12240=CARTESIAN_POINT('',(-12.4,34.,21.1));
#12241=CARTESIAN_POINT('Origin',(-12.4,34.,19.5));
#12242=CARTESIAN_POINT('Origin',(-12.4,34.,19.5));
#12243=CARTESIAN_POINT('',(-12.9,34.,23.));
#12244=CARTESIAN_POINT('Origin',(-12.9,34.,19.5));
#12245=CARTESIAN_POINT('',(-12.4,34.,23.));
#12246=CARTESIAN_POINT('',(-12.4,34.,23.));
#12247=CARTESIAN_POINT('Origin',(-12.4,34.,19.5));
#12248=CARTESIAN_POINT('Origin',(-12.4,34.,19.5));
#12249=CARTESIAN_POINT('Origin',(-12.9,34.,19.5));
#12250=CARTESIAN_POINT('Origin',(10.5,13.,5.));
#12251=CARTESIAN_POINT('',(12.9,13.,6.6));
#12252=CARTESIAN_POINT('Origin',(12.9,13.,5.));
#12253=CARTESIAN_POINT('',(10.5,13.,6.6));
#12254=CARTESIAN_POINT('',(10.5,13.,6.6));
#12255=CARTESIAN_POINT('Origin',(10.5,13.,5.));
#12256=CARTESIAN_POINT('Origin',(10.5,11.4122867597285,2.25));
#12257=CARTESIAN_POINT('',(10.5,11.4122867597285,2.25));
#12258=CARTESIAN_POINT('',(10.5,14.5877132402715,2.25));
#12259=CARTESIAN_POINT('',(10.5,11.4122867597285,2.25));
#12260=CARTESIAN_POINT('',(12.9,14.5877132402715,2.25));
#12261=CARTESIAN_POINT('',(10.5,14.5877132402715,2.25));
#12262=CARTESIAN_POINT('',(12.9,11.4122867597285,2.25));
#12263=CARTESIAN_POINT('',(12.9,11.4122867597285,2.25));
#12264=CARTESIAN_POINT('',(10.5,11.4122867597285,2.25));
#12265=CARTESIAN_POINT('Origin',(10.5,9.82457351945706,5.));
#12266=CARTESIAN_POINT('',(10.5,9.82457351945706,5.));
#12267=CARTESIAN_POINT('',(10.5,9.82457351945706,5.));
#12268=CARTESIAN_POINT('',(12.9,9.82457351945706,5.));
#12269=CARTESIAN_POINT('',(12.9,9.82457351945706,5.));
#12270=CARTESIAN_POINT('',(10.5,9.82457351945706,5.));
#12271=CARTESIAN_POINT('Origin',(10.5,11.4122867597285,7.75));
#12272=CARTESIAN_POINT('',(10.5,11.4122867597285,7.75));
#12273=CARTESIAN_POINT('',(10.5,11.4122867597285,7.75));
#12274=CARTESIAN_POINT('',(12.9,11.4122867597285,7.75));
#12275=CARTESIAN_POINT('',(12.9,11.4122867597285,7.75));
#12276=CARTESIAN_POINT('',(10.5,11.4122867597285,7.75));
#12277=CARTESIAN_POINT('Origin',(10.5,14.5877132402715,7.75));
#12278=CARTESIAN_POINT('',(10.5,14.5877132402715,7.75));
#12279=CARTESIAN_POINT('',(10.5,14.5877132402715,7.75));
#12280=CARTESIAN_POINT('',(12.9,14.5877132402715,7.75));
#12281=CARTESIAN_POINT('',(12.9,14.5877132402715,7.75));
#12282=CARTESIAN_POINT('',(10.5,14.5877132402715,7.75));
#12283=CARTESIAN_POINT('Origin',(10.5,16.1754264805429,5.));
#12284=CARTESIAN_POINT('',(10.5,16.1754264805429,5.));
#12285=CARTESIAN_POINT('',(10.5,16.1754264805429,5.));
#12286=CARTESIAN_POINT('',(12.9,16.1754264805429,5.));
#12287=CARTESIAN_POINT('',(12.9,16.1754264805429,5.));
#12288=CARTESIAN_POINT('',(10.5,16.1754264805429,5.));
#12289=CARTESIAN_POINT('Origin',(10.5,14.5877132402715,2.25));
#12290=CARTESIAN_POINT('',(10.5,14.5877132402715,2.25));
#12291=CARTESIAN_POINT('',(12.9,14.5877132402715,2.25));
#12292=CARTESIAN_POINT('Origin',(12.9,13.,5.));
#12293=CARTESIAN_POINT('Origin',(10.5,13.,5.));
#12294=CARTESIAN_POINT('Origin',(10.5,13.,19.5));
#12295=CARTESIAN_POINT('',(12.9,13.,21.1));
#12296=CARTESIAN_POINT('Origin',(12.9,13.,19.5));
#12297=CARTESIAN_POINT('',(10.5,13.,21.1));
#12298=CARTESIAN_POINT('',(10.5,13.,21.1));
#12299=CARTESIAN_POINT('Origin',(10.5,13.,19.5));
#12300=CARTESIAN_POINT('Origin',(10.5,11.4122867597285,16.75));
#12301=CARTESIAN_POINT('',(10.5,11.4122867597285,16.75));
#12302=CARTESIAN_POINT('',(10.5,14.5877132402715,16.75));
#12303=CARTESIAN_POINT('',(10.5,11.4122867597285,16.75));
#12304=CARTESIAN_POINT('',(12.9,14.5877132402715,16.75));
#12305=CARTESIAN_POINT('',(10.5,14.5877132402715,16.75));
#12306=CARTESIAN_POINT('',(12.9,11.4122867597285,16.75));
#12307=CARTESIAN_POINT('',(12.9,11.4122867597285,16.75));
#12308=CARTESIAN_POINT('',(10.5,11.4122867597285,16.75));
#12309=CARTESIAN_POINT('Origin',(10.5,9.82457351945706,19.5));
#12310=CARTESIAN_POINT('',(10.5,9.82457351945706,19.5));
#12311=CARTESIAN_POINT('',(10.5,9.82457351945706,19.5));
#12312=CARTESIAN_POINT('',(12.9,9.82457351945706,19.5));
#12313=CARTESIAN_POINT('',(12.9,9.82457351945706,19.5));
#12314=CARTESIAN_POINT('',(10.5,9.82457351945706,19.5));
#12315=CARTESIAN_POINT('Origin',(10.5,11.4122867597285,22.25));
#12316=CARTESIAN_POINT('',(10.5,11.4122867597285,22.25));
#12317=CARTESIAN_POINT('',(10.5,11.4122867597285,22.25));
#12318=CARTESIAN_POINT('',(12.9,11.4122867597285,22.25));
#12319=CARTESIAN_POINT('',(12.9,11.4122867597285,22.25));
#12320=CARTESIAN_POINT('',(10.5,11.4122867597285,22.25));
#12321=CARTESIAN_POINT('Origin',(10.5,14.5877132402715,22.25));
#12322=CARTESIAN_POINT('',(10.5,14.5877132402715,22.25));
#12323=CARTESIAN_POINT('',(10.5,14.5877132402715,22.25));
#12324=CARTESIAN_POINT('',(12.9,14.5877132402715,22.25));
#12325=CARTESIAN_POINT('',(12.9,14.5877132402715,22.25));
#12326=CARTESIAN_POINT('',(10.5,14.5877132402715,22.25));
#12327=CARTESIAN_POINT('Origin',(10.5,16.1754264805429,19.5));
#12328=CARTESIAN_POINT('',(10.5,16.1754264805429,19.5));
#12329=CARTESIAN_POINT('',(10.5,16.1754264805429,19.5));
#12330=CARTESIAN_POINT('',(12.9,16.1754264805429,19.5));
#12331=CARTESIAN_POINT('',(12.9,16.1754264805429,19.5));
#12332=CARTESIAN_POINT('',(10.5,16.1754264805429,19.5));
#12333=CARTESIAN_POINT('Origin',(10.5,14.5877132402715,16.75));
#12334=CARTESIAN_POINT('',(10.5,14.5877132402715,16.75));
#12335=CARTESIAN_POINT('',(12.9,14.5877132402715,16.75));
#12336=CARTESIAN_POINT('Origin',(12.9,13.,19.5));
#12337=CARTESIAN_POINT('Origin',(10.5,13.,19.5));
#12338=CARTESIAN_POINT('Origin',(10.5,34.,19.5));
#12339=CARTESIAN_POINT('',(12.9,34.,21.1));
#12340=CARTESIAN_POINT('Origin',(12.9,34.,19.5));
#12341=CARTESIAN_POINT('',(10.5,34.,21.1));
#12342=CARTESIAN_POINT('',(10.5,34.,21.1));
#12343=CARTESIAN_POINT('Origin',(10.5,34.,19.5));
#12344=CARTESIAN_POINT('Origin',(10.5,32.4122867597285,16.75));
#12345=CARTESIAN_POINT('',(10.5,32.4122867597285,16.75));
#12346=CARTESIAN_POINT('',(10.5,35.5877132402715,16.75));
#12347=CARTESIAN_POINT('',(10.5,32.4122867597285,16.75));
#12348=CARTESIAN_POINT('',(12.9,35.5877132402715,16.75));
#12349=CARTESIAN_POINT('',(10.5,35.5877132402715,16.75));
#12350=CARTESIAN_POINT('',(12.9,32.4122867597285,16.75));
#12351=CARTESIAN_POINT('',(12.9,32.4122867597285,16.75));
#12352=CARTESIAN_POINT('',(10.5,32.4122867597285,16.75));
#12353=CARTESIAN_POINT('Origin',(10.5,30.8245735194571,19.5));
#12354=CARTESIAN_POINT('',(10.5,30.8245735194571,19.5));
#12355=CARTESIAN_POINT('',(10.5,30.8245735194571,19.5));
#12356=CARTESIAN_POINT('',(12.9,30.8245735194571,19.5));
#12357=CARTESIAN_POINT('',(12.9,30.8245735194571,19.5));
#12358=CARTESIAN_POINT('',(10.5,30.8245735194571,19.5));
#12359=CARTESIAN_POINT('Origin',(10.5,32.4122867597285,22.25));
#12360=CARTESIAN_POINT('',(10.5,32.4122867597285,22.25));
#12361=CARTESIAN_POINT('',(10.5,32.4122867597285,22.25));
#12362=CARTESIAN_POINT('',(12.9,32.4122867597285,22.25));
#12363=CARTESIAN_POINT('',(12.9,32.4122867597285,22.25));
#12364=CARTESIAN_POINT('',(10.5,32.4122867597285,22.25));
#12365=CARTESIAN_POINT('Origin',(10.5,35.5877132402715,22.25));
#12366=CARTESIAN_POINT('',(10.5,35.5877132402715,22.25));
#12367=CARTESIAN_POINT('',(10.5,35.5877132402715,22.25));
#12368=CARTESIAN_POINT('',(12.9,35.5877132402715,22.25));
#12369=CARTESIAN_POINT('',(12.9,35.5877132402715,22.25));
#12370=CARTESIAN_POINT('',(10.5,35.5877132402715,22.25));
#12371=CARTESIAN_POINT('Origin',(10.5,37.1754264805429,19.5));
#12372=CARTESIAN_POINT('',(10.5,37.1754264805429,19.5));
#12373=CARTESIAN_POINT('',(10.5,37.1754264805429,19.5));
#12374=CARTESIAN_POINT('',(12.9,37.1754264805429,19.5));
#12375=CARTESIAN_POINT('',(12.9,37.1754264805429,19.5));
#12376=CARTESIAN_POINT('',(10.5,37.1754264805429,19.5));
#12377=CARTESIAN_POINT('Origin',(10.5,35.5877132402715,16.75));
#12378=CARTESIAN_POINT('',(10.5,35.5877132402715,16.75));
#12379=CARTESIAN_POINT('',(12.9,35.5877132402715,16.75));
#12380=CARTESIAN_POINT('Origin',(12.9,34.,19.5));
#12381=CARTESIAN_POINT('Origin',(10.5,34.,19.5));
#12382=CARTESIAN_POINT('Origin',(13.,14.8186533479473,8.15));
#12383=CARTESIAN_POINT('',(13.,14.8186533479473,8.15));
#12384=CARTESIAN_POINT('',(13.,16.6373066958946,5.));
#12385=CARTESIAN_POINT('',(13.,14.5882450054802,8.5490789556407));
#12386=CARTESIAN_POINT('',(10.5,14.8186533479473,8.15));
#12387=CARTESIAN_POINT('',(13.,14.8186533479473,8.15));
#12388=CARTESIAN_POINT('',(10.5,16.6373066958946,5.));
#12389=CARTESIAN_POINT('',(10.5,16.6373066958946,5.));
#12390=CARTESIAN_POINT('',(13.,16.6373066958946,5.));
#12391=CARTESIAN_POINT('Origin',(13.,11.1813466520527,8.15));
#12392=CARTESIAN_POINT('',(13.,11.1813466520527,8.15));
#12393=CARTESIAN_POINT('',(13.,15.7156733260263,8.15));
#12394=CARTESIAN_POINT('',(10.5,11.1813466520527,8.15));
#12395=CARTESIAN_POINT('',(13.,11.1813466520527,8.15));
#12396=CARTESIAN_POINT('',(10.5,14.8186533479473,8.15));
#12397=CARTESIAN_POINT('Origin',(13.,9.36269330410536,5.));
#12398=CARTESIAN_POINT('',(13.,9.36269330410536,5.));
#12399=CARTESIAN_POINT('',(13.,12.3149283205461,10.1134210443593));
#12400=CARTESIAN_POINT('',(10.5,9.36269330410536,5.));
#12401=CARTESIAN_POINT('',(13.,9.36269330410536,5.));
#12402=CARTESIAN_POINT('',(10.5,11.1813466520527,8.15));
#12403=CARTESIAN_POINT('Origin',(13.,11.1813466520527,1.85));
#12404=CARTESIAN_POINT('',(13.,11.1813466520527,1.85));
#12405=CARTESIAN_POINT('',(13.,10.0416116356119,3.82407895564071));
#12406=CARTESIAN_POINT('',(10.5,11.1813466520527,1.85));
#12407=CARTESIAN_POINT('',(13.,11.1813466520527,1.85));
#12408=CARTESIAN_POINT('',(10.5,9.36269330410536,5.));
#12409=CARTESIAN_POINT('Origin',(13.,14.8186533479473,1.85));
#12410=CARTESIAN_POINT('',(13.,14.8186533479473,1.85));
#12411=CARTESIAN_POINT('',(13.,17.5343266739737,1.85));
#12412=CARTESIAN_POINT('',(10.5,14.8186533479473,1.85));
#12413=CARTESIAN_POINT('',(13.,14.8186533479473,1.85));
#12414=CARTESIAN_POINT('',(10.5,11.1813466520527,1.85));
#12415=CARTESIAN_POINT('Origin',(13.,16.6373066958946,5.));
#12416=CARTESIAN_POINT('',(13.,18.6802150383617,8.53842104435929));
#12417=CARTESIAN_POINT('',(10.5,14.8186533479473,1.85));
#12418=CARTESIAN_POINT('Origin',(10.5,13.,5.));
#12419=CARTESIAN_POINT('',(10.5,13.,6.8));
#12420=CARTESIAN_POINT('Origin',(10.5,13.,5.));
#12421=CARTESIAN_POINT('Origin',(13.,14.8186533479473,22.65));
#12422=CARTESIAN_POINT('',(13.,14.8186533479473,22.65));
#12423=CARTESIAN_POINT('',(13.,16.6373066958946,19.5));
#12424=CARTESIAN_POINT('',(13.,17.7275870941988,17.6115789556407));
#12425=CARTESIAN_POINT('',(10.5,14.8186533479473,22.65));
#12426=CARTESIAN_POINT('',(13.,14.8186533479473,22.65));
#12427=CARTESIAN_POINT('',(10.5,16.6373066958946,19.5));
#12428=CARTESIAN_POINT('',(10.5,16.6373066958946,19.5));
#12429=CARTESIAN_POINT('',(13.,16.6373066958946,19.5));
#12430=CARTESIAN_POINT('Origin',(13.,11.1813466520527,22.65));
#12431=CARTESIAN_POINT('',(13.,11.1813466520527,22.65));
#12432=CARTESIAN_POINT('',(13.,15.7156733260263,22.65));
#12433=CARTESIAN_POINT('',(10.5,11.1813466520527,22.65));
#12434=CARTESIAN_POINT('',(13.,11.1813466520527,22.65));
#12435=CARTESIAN_POINT('',(10.5,14.8186533479473,22.65));
#12436=CARTESIAN_POINT('Origin',(13.,9.36269330410536,19.5));
#12437=CARTESIAN_POINT('',(13.,9.36269330410536,19.5));
#12438=CARTESIAN_POINT('',(13.,9.17558623182751,19.1759210443593));
#12439=CARTESIAN_POINT('',(10.5,9.36269330410536,19.5));
#12440=CARTESIAN_POINT('',(13.,9.36269330410536,19.5));
#12441=CARTESIAN_POINT('',(10.5,11.1813466520527,22.65));
#12442=CARTESIAN_POINT('Origin',(13.,11.1813466520527,16.35));
#12443=CARTESIAN_POINT('',(13.,11.1813466520527,16.35));
#12444=CARTESIAN_POINT('',(13.,13.1809537243305,12.8865789556407));
#12445=CARTESIAN_POINT('',(10.5,11.1813466520527,16.35));
#12446=CARTESIAN_POINT('',(13.,11.1813466520527,16.35));
#12447=CARTESIAN_POINT('',(10.5,9.36269330410536,19.5));
#12448=CARTESIAN_POINT('Origin',(13.,14.8186533479473,16.35));
#12449=CARTESIAN_POINT('',(13.,14.8186533479473,16.35));
#12450=CARTESIAN_POINT('',(13.,17.5343266739737,16.35));
#12451=CARTESIAN_POINT('',(10.5,14.8186533479473,16.35));
#12452=CARTESIAN_POINT('',(13.,14.8186533479473,16.35));
#12453=CARTESIAN_POINT('',(10.5,11.1813466520527,16.35));
#12454=CARTESIAN_POINT('Origin',(13.,16.6373066958946,19.5));
#12455=CARTESIAN_POINT('',(13.,15.5408729496431,17.6009210443593));
#12456=CARTESIAN_POINT('',(10.5,14.8186533479473,16.35));
#12457=CARTESIAN_POINT('Origin',(10.5,13.,19.5));
#12458=CARTESIAN_POINT('',(10.5,13.,21.3));
#12459=CARTESIAN_POINT('Origin',(10.5,13.,19.5));
#12460=CARTESIAN_POINT('Origin',(13.,35.8186533479473,22.65));
#12461=CARTESIAN_POINT('',(13.,35.8186533479473,22.65));
#12462=CARTESIAN_POINT('',(13.,37.6373066958946,19.5));
#12463=CARTESIAN_POINT('',(13.,36.1025870941988,22.158212325509));
#12464=CARTESIAN_POINT('',(10.5,35.8186533479473,22.65));
#12465=CARTESIAN_POINT('',(13.,35.8186533479473,22.65));
#12466=CARTESIAN_POINT('',(10.5,37.6373066958946,19.5));
#12467=CARTESIAN_POINT('',(10.5,37.6373066958946,19.5));
#12468=CARTESIAN_POINT('',(13.,37.6373066958946,19.5));
#12469=CARTESIAN_POINT('Origin',(13.,32.1813466520527,22.65));
#12470=CARTESIAN_POINT('',(13.,32.1813466520527,22.65));
#12471=CARTESIAN_POINT('',(13.,26.2156733260263,22.65));
#12472=CARTESIAN_POINT('',(10.5,32.1813466520527,22.65));
#12473=CARTESIAN_POINT('',(13.,32.1813466520527,22.65));
#12474=CARTESIAN_POINT('',(10.5,35.8186533479473,22.65));
#12475=CARTESIAN_POINT('Origin',(13.,30.3626933041054,19.5));
#12476=CARTESIAN_POINT('',(13.,30.3626933041054,19.5));
#12477=CARTESIAN_POINT('',(13.,27.5505862318275,14.629287674491));
#12478=CARTESIAN_POINT('',(10.5,30.3626933041054,19.5));
#12479=CARTESIAN_POINT('',(13.,30.3626933041054,19.5));
#12480=CARTESIAN_POINT('',(10.5,32.1813466520527,22.65));
#12481=CARTESIAN_POINT('Origin',(13.,32.1813466520527,16.35));
#12482=CARTESIAN_POINT('',(13.,32.1813466520527,16.35));
#12483=CARTESIAN_POINT('',(13.,31.5559537243305,17.433212325509));
#12484=CARTESIAN_POINT('',(10.5,32.1813466520527,16.35));
#12485=CARTESIAN_POINT('',(13.,32.1813466520527,16.35));
#12486=CARTESIAN_POINT('',(10.5,30.3626933041054,19.5));
#12487=CARTESIAN_POINT('Origin',(13.,35.8186533479473,16.35));
#12488=CARTESIAN_POINT('',(13.,35.8186533479473,16.35));
#12489=CARTESIAN_POINT('',(13.,28.0343266739737,16.35));
#12490=CARTESIAN_POINT('',(10.5,35.8186533479473,16.35));
#12491=CARTESIAN_POINT('',(13.,35.8186533479473,16.35));
#12492=CARTESIAN_POINT('',(10.5,32.1813466520527,16.35));
#12493=CARTESIAN_POINT('Origin',(13.,37.6373066958946,19.5));
#12494=CARTESIAN_POINT('',(13.,33.9158729496431,13.054287674491));
#12495=CARTESIAN_POINT('',(10.5,35.8186533479473,16.35));
#12496=CARTESIAN_POINT('Origin',(10.5,34.,19.5));
#12497=CARTESIAN_POINT('',(10.5,34.,21.3));
#12498=CARTESIAN_POINT('Origin',(10.5,34.,19.5));
#12499=CARTESIAN_POINT('Origin',(-13.,13.,5.));
#12500=CARTESIAN_POINT('',(-13.,13.,8.75));
#12501=CARTESIAN_POINT('Origin',(-13.,13.,5.));
#12502=CARTESIAN_POINT('',(-12.4,13.,8.75));
#12503=CARTESIAN_POINT('',(-13.,13.,8.75));
#12504=CARTESIAN_POINT('Origin',(-12.4,13.,5.));
#12505=CARTESIAN_POINT('Origin',(-12.4,13.,5.));
#12506=CARTESIAN_POINT('',(-12.4,13.,6.8));
#12507=CARTESIAN_POINT('Origin',(-12.4,13.,5.));
#12508=CARTESIAN_POINT('Origin',(-13.,13.,19.5));
#12509=CARTESIAN_POINT('',(-13.,13.,23.25));
#12510=CARTESIAN_POINT('Origin',(-13.,13.,19.5));
#12511=CARTESIAN_POINT('',(-12.4,13.,23.25));
#12512=CARTESIAN_POINT('',(-13.,13.,23.25));
#12513=CARTESIAN_POINT('Origin',(-12.4,13.,19.5));
#12514=CARTESIAN_POINT('Origin',(-12.4,13.,19.5));
#12515=CARTESIAN_POINT('',(-12.4,13.,21.3));
#12516=CARTESIAN_POINT('Origin',(-12.4,13.,19.5));
#12517=CARTESIAN_POINT('Origin',(-13.,34.,19.5));
#12518=CARTESIAN_POINT('',(-13.,34.,23.25));
#12519=CARTESIAN_POINT('Origin',(-13.,34.,19.5));
#12520=CARTESIAN_POINT('',(-12.4,34.,23.25));
#12521=CARTESIAN_POINT('',(-13.,34.,23.25));
#12522=CARTESIAN_POINT('Origin',(-12.4,34.,19.5));
#12523=CARTESIAN_POINT('Origin',(-12.4,34.,19.5));
#12524=CARTESIAN_POINT('',(-12.4,34.,21.3));
#12525=CARTESIAN_POINT('Origin',(-12.4,34.,19.5));
#12526=CARTESIAN_POINT('Origin',(0.,13.,5.));
#12527=CARTESIAN_POINT('',(-7.94,13.,6.8));
#12528=CARTESIAN_POINT('',(0.,13.,6.8));
#12529=CARTESIAN_POINT('Origin',(-7.94,13.,5.));
#12530=CARTESIAN_POINT('Origin',(0.,13.,5.));
#12531=CARTESIAN_POINT('',(7.94,13.,6.8));
#12532=CARTESIAN_POINT('Origin',(7.94,13.,5.));
#12533=CARTESIAN_POINT('',(0.,13.,6.8));
#12534=CARTESIAN_POINT('Origin',(0.,13.,19.5));
#12535=CARTESIAN_POINT('',(-7.94,13.,21.3));
#12536=CARTESIAN_POINT('',(0.,13.,21.3));
#12537=CARTESIAN_POINT('Origin',(-7.94,13.,19.5));
#12538=CARTESIAN_POINT('Origin',(0.,13.,19.5));
#12539=CARTESIAN_POINT('',(7.94,13.,21.3));
#12540=CARTESIAN_POINT('Origin',(7.94,13.,19.5));
#12541=CARTESIAN_POINT('',(0.,13.,21.3));
#12542=CARTESIAN_POINT('Origin',(0.,34.,19.5));
#12543=CARTESIAN_POINT('',(-7.94,34.,21.3));
#12544=CARTESIAN_POINT('',(0.,34.,21.3));
#12545=CARTESIAN_POINT('Origin',(-7.94,34.,19.5));
#12546=CARTESIAN_POINT('Origin',(0.,34.,19.5));
#12547=CARTESIAN_POINT('',(7.94,34.,21.3));
#12548=CARTESIAN_POINT('Origin',(7.94,34.,19.5));
#12549=CARTESIAN_POINT('',(0.,34.,21.3));
#12550=CARTESIAN_POINT('Origin',(0.,4.,12.36));
#12551=CARTESIAN_POINT('',(-4.6,4.,12.36));
#12552=CARTESIAN_POINT('Origin',(0.,4.,12.36));
#12553=CARTESIAN_POINT('',(-4.6,10.,12.36));
#12554=CARTESIAN_POINT('',(-4.6,4.,12.36));
#12555=CARTESIAN_POINT('Origin',(0.,10.,12.36));
#12556=CARTESIAN_POINT('Origin',(0.,4.,12.36));
#12557=CARTESIAN_POINT('',(-2.65,4.,12.36));
#12558=CARTESIAN_POINT('Origin',(0.,4.,12.36));
#12559=CARTESIAN_POINT('Origin',(-4.5,0.,12.36));
#12560=CARTESIAN_POINT('',(-5.5,0.,12.36));
#12561=CARTESIAN_POINT('Origin',(-4.5,0.,12.36));
#12562=CARTESIAN_POINT('',(-5.5,2.5,12.36));
#12563=CARTESIAN_POINT('',(-5.5,0.,12.36));
#12564=CARTESIAN_POINT('Origin',(-4.5,2.5,12.36));
#12565=CARTESIAN_POINT('Origin',(-4.5,2.5,12.36));
#12566=CARTESIAN_POINT('Origin',(4.5,0.,12.36));
#12567=CARTESIAN_POINT('',(3.5,0.,12.36));
#12568=CARTESIAN_POINT('Origin',(4.5,0.,12.36));
#12569=CARTESIAN_POINT('',(3.5,2.5,12.36));
#12570=CARTESIAN_POINT('',(3.5,0.,12.36));
#12571=CARTESIAN_POINT('Origin',(4.5,2.5,12.36));
#12572=CARTESIAN_POINT('Origin',(4.5,2.5,12.36));
#12573=CARTESIAN_POINT('Origin',(0.,0.,12.36));
#12574=CARTESIAN_POINT('',(-2.65,0.,12.36));
#12575=CARTESIAN_POINT('Origin',(0.,0.,12.36));
#12576=CARTESIAN_POINT('',(-2.65,0.,12.36));
#12577=CARTESIAN_POINT('Origin',(7.94,10.,0.));
#12578=CARTESIAN_POINT('',(7.94,10.,-1.));
#12579=CARTESIAN_POINT('',(7.94,17.,-1.));
#12580=CARTESIAN_POINT('',(7.94,5.,-1.));
#12581=CARTESIAN_POINT('',(7.94,10.,25.7));
#12582=CARTESIAN_POINT('',(7.94,10.,0.));
#12583=CARTESIAN_POINT('',(7.94,40.5,25.7));
#12584=CARTESIAN_POINT('',(7.94,25.25,25.7));
#12585=CARTESIAN_POINT('',(7.94,40.5,17.));
#12586=CARTESIAN_POINT('',(7.94,40.5,8.5));
#12587=CARTESIAN_POINT('',(7.94,15.0355206847361,-2.50470756062768));
#12588=CARTESIAN_POINT('Origin',(-7.94,10.,0.));
#12589=CARTESIAN_POINT('',(-7.94,10.,-1.));
#12590=CARTESIAN_POINT('',(-3.97,10.,-1.));
#12591=CARTESIAN_POINT('',(-7.94,10.,25.7));
#12592=CARTESIAN_POINT('',(-7.94,10.,0.));
#12593=CARTESIAN_POINT('',(-3.97,10.,25.7));
#12594=CARTESIAN_POINT('Origin',(-7.94,100.,0.));
#12595=CARTESIAN_POINT('',(-7.94,17.,-1.));
#12596=CARTESIAN_POINT('',(-7.94,50.,-1.));
#12597=CARTESIAN_POINT('',(-7.94,40.5,17.));
#12598=CARTESIAN_POINT('',(-7.94,43.3964336661911,19.218544935806));
#12599=CARTESIAN_POINT('',(-7.94,40.5,25.7));
#12600=CARTESIAN_POINT('',(-7.94,40.5,8.5));
#12601=CARTESIAN_POINT('',(-7.94,70.25,25.7));
#12602=CARTESIAN_POINT('Origin',(0.,0.,-1.));
#12603=CARTESIAN_POINT('',(13.,17.,-1.));
#12604=CARTESIAN_POINT('',(0.,17.,-1.));
#12605=CARTESIAN_POINT('',(13.,0.,-1.));
#12606=CARTESIAN_POINT('',(13.,17.,-1.));
#12607=CARTESIAN_POINT('',(-13.,0.,-1.));
#12608=CARTESIAN_POINT('',(0.,0.,-1.));
#12609=CARTESIAN_POINT('',(-13.,17.,-1.));
#12610=CARTESIAN_POINT('',(-13.,17.,-1.));
#12611=CARTESIAN_POINT('',(0.,17.,-1.));
#12612=CARTESIAN_POINT('Origin',(0.,17.,-1.));
#12613=CARTESIAN_POINT('',(13.,40.5,17.));
#12614=CARTESIAN_POINT('',(0.,40.5,17.));
#12615=CARTESIAN_POINT('',(13.,40.5,17.));
#12616=CARTESIAN_POINT('Origin',(0.,40.5,17.));
#12617=CARTESIAN_POINT('',(13.,40.5,25.7));
#12618=CARTESIAN_POINT('',(0.,40.5,25.7));
#12619=CARTESIAN_POINT('',(13.,40.5,25.7));
#12620=CARTESIAN_POINT('Origin',(-13.,20.25,12.35));
#12621=CARTESIAN_POINT('',(-13.,40.5,17.));
#12622=CARTESIAN_POINT('',(-13.,40.5,17.));
#12623=CARTESIAN_POINT('',(-13.,0.,25.7));
#12624=CARTESIAN_POINT('',(-13.,0.,-1.));
#12625=CARTESIAN_POINT('',(-13.,40.5,25.7));
#12626=CARTESIAN_POINT('',(-13.,0.,25.7));
#12627=CARTESIAN_POINT('',(-13.,40.5,25.7));
#12628=CARTESIAN_POINT('Origin',(0.,0.,25.7));
#12629=CARTESIAN_POINT('',(13.,0.,25.7));
#12630=CARTESIAN_POINT('',(13.,0.,-1.));
#12631=CARTESIAN_POINT('',(0.,0.,25.7));
#12632=CARTESIAN_POINT('Origin',(0.,40.5,25.7));
#12633=CARTESIAN_POINT('',(0.,40.5,25.7));
#12634=CARTESIAN_POINT('',(13.,0.,25.7));
#12635=CARTESIAN_POINT('Origin',(0.,40.5,17.));
#12636=CARTESIAN_POINT('',(0.,40.5,17.));
#12637=CARTESIAN_POINT('Origin',(0.,17.,-1.));
#12638=CARTESIAN_POINT('Origin',(13.,20.25,12.35));
#12639=CARTESIAN_POINT('Origin',(0.,13.,5.));
#12640=CARTESIAN_POINT('',(-7.74,13.,7.));
#12641=CARTESIAN_POINT('Origin',(-7.74,13.,5.));
#12642=CARTESIAN_POINT('',(7.74,13.,7.));
#12643=CARTESIAN_POINT('',(0.,13.,7.));
#12644=CARTESIAN_POINT('Origin',(7.74,13.,5.));
#12645=CARTESIAN_POINT('Origin',(0.,13.,19.5));
#12646=CARTESIAN_POINT('',(-7.74,13.,21.5));
#12647=CARTESIAN_POINT('Origin',(-7.74,13.,19.5));
#12648=CARTESIAN_POINT('',(7.74,13.,21.5));
#12649=CARTESIAN_POINT('',(0.,13.,21.5));
#12650=CARTESIAN_POINT('Origin',(7.74,13.,19.5));
#12651=CARTESIAN_POINT('Origin',(0.,34.,19.5));
#12652=CARTESIAN_POINT('',(-7.74,34.,21.5));
#12653=CARTESIAN_POINT('Origin',(-7.74,34.,19.5));
#12654=CARTESIAN_POINT('',(7.74,34.,21.5));
#12655=CARTESIAN_POINT('',(0.,34.,21.5));
#12656=CARTESIAN_POINT('Origin',(7.74,34.,19.5));
#12657=CARTESIAN_POINT('Origin',(0.,52.678,-0.42));
#12658=CARTESIAN_POINT('',(-7.74,52.678,-0.42));
#12659=CARTESIAN_POINT('',(-7.74,62.842,-0.42));
#12660=CARTESIAN_POINT('',(-7.74,49.843675,-0.42));
#12661=CARTESIAN_POINT('',(7.74,52.678,-0.42));
#12662=CARTESIAN_POINT('',(0.,52.678,-0.42));
#12663=CARTESIAN_POINT('',(7.74,62.842,-0.42));
#12664=CARTESIAN_POINT('',(7.74,49.843675,-0.42));
#12665=CARTESIAN_POINT('',(0.,62.842,-0.42));
#12666=CARTESIAN_POINT('Origin',(0.,62.842,-0.42));
#12667=CARTESIAN_POINT('',(-7.74,70.222,4.896));
#12668=CARTESIAN_POINT('',(-7.74,60.2182610433631,-2.30994529721972));
#12669=CARTESIAN_POINT('',(7.74,70.222,4.896));
#12670=CARTESIAN_POINT('',(7.74,60.2182610433631,-2.30994529721972));
#12671=CARTESIAN_POINT('',(0.,70.222,4.896));
#12672=CARTESIAN_POINT('Origin',(0.,70.222,4.896));
#12673=CARTESIAN_POINT('',(-7.74,66.31,6.516));
#12674=CARTESIAN_POINT('',(-7.74,59.3250434197316,9.40854336912957));
#12675=CARTESIAN_POINT('',(7.74,66.31,6.516));
#12676=CARTESIAN_POINT('',(7.74,59.3250434197316,9.40854336912957));
#12677=CARTESIAN_POINT('',(0.,66.31,6.516));
#12678=CARTESIAN_POINT('Origin',(0.,66.31,6.516));
#12679=CARTESIAN_POINT('',(-7.74,65.548,6.822));
#12680=CARTESIAN_POINT('',(-7.74,57.3117935250934,10.1294529938601));
#12681=CARTESIAN_POINT('',(7.74,65.548,6.822));
#12682=CARTESIAN_POINT('',(7.74,57.3117935250934,10.1294529938601));
#12683=CARTESIAN_POINT('',(0.,65.548,6.822));
#12684=CARTESIAN_POINT('Origin',(0.,61.84,8.232));
#12685=CARTESIAN_POINT('',(-7.74,61.84,8.232));
#12686=CARTESIAN_POINT('',(-7.74,58.4850650826847,5.06381653518754));
#12687=CARTESIAN_POINT('',(7.74,61.84,8.232));
#12688=CARTESIAN_POINT('',(0.,61.84,8.232));
#12689=CARTESIAN_POINT('',(7.74,58.4850650826847,5.06381653518754));
#12690=CARTESIAN_POINT('Origin',(0.,65.548,6.822));
#12691=CARTESIAN_POINT('',(-7.74,56.8395279737572,10.1334739905616));
#12692=CARTESIAN_POINT('',(7.74,56.8395279737572,10.1334739905616));
#12693=CARTESIAN_POINT('Origin',(0.,25.258,17.43));
#12694=CARTESIAN_POINT('',(-7.74,25.258,17.43));
#12695=CARTESIAN_POINT('',(-7.74,22.738,17.766));
#12696=CARTESIAN_POINT('',(-7.74,36.3979579694323,15.9446722707424));
#12697=CARTESIAN_POINT('',(7.74,25.258,17.43));
#12698=CARTESIAN_POINT('',(0.,25.258,17.43));
#12699=CARTESIAN_POINT('',(7.74,22.738,17.766));
#12700=CARTESIAN_POINT('',(7.74,36.3979579694323,15.9446722707424));
#12701=CARTESIAN_POINT('',(0.,22.738,17.766));
#12702=CARTESIAN_POINT('Origin',(0.,22.738,17.766));
#12703=CARTESIAN_POINT('',(-7.74,21.544,17.91));
#12704=CARTESIAN_POINT('',(-7.74,35.1318515786395,16.2712641312193));
#12705=CARTESIAN_POINT('',(7.74,21.544,17.91));
#12706=CARTESIAN_POINT('',(7.74,35.1318515786395,16.2712641312193));
#12707=CARTESIAN_POINT('',(0.,21.544,17.91));
#12708=CARTESIAN_POINT('Origin',(0.,21.544,17.91));
#12709=CARTESIAN_POINT('',(-7.74,19.,18.192));
#12710=CARTESIAN_POINT('',(-7.74,34.5281000324203,16.4707247605572));
#12711=CARTESIAN_POINT('',(7.74,19.,18.192));
#12712=CARTESIAN_POINT('',(7.74,34.5281000324203,16.4707247605572));
#12713=CARTESIAN_POINT('',(0.,19.,18.192));
#12714=CARTESIAN_POINT('Origin',(0.,19.,18.192));
#12715=CARTESIAN_POINT('',(-7.74,17.8,18.312));
#12716=CARTESIAN_POINT('',(-7.74,33.2470495049505,16.7672950495049));
#12717=CARTESIAN_POINT('',(7.74,17.8,18.312));
#12718=CARTESIAN_POINT('',(7.74,33.2470495049505,16.7672950495049));
#12719=CARTESIAN_POINT('',(0.,17.8,18.312));
#12720=CARTESIAN_POINT('Origin',(0.,17.8,18.312));
#12721=CARTESIAN_POINT('',(-7.74,16.,18.48));
#12722=CARTESIAN_POINT('',(-7.74,32.6401891302432,16.9269156811773));
#12723=CARTESIAN_POINT('',(7.74,16.,18.48));
#12724=CARTESIAN_POINT('',(7.74,32.6401891302432,16.9269156811773));
#12725=CARTESIAN_POINT('',(0.,16.,18.48));
#12726=CARTESIAN_POINT('Origin',(0.,22.564,-0.42));
#12727=CARTESIAN_POINT('',(-7.74,22.564,-0.42));
#12728=CARTESIAN_POINT('',(-7.74,23.6415429550616,6.71962202963945));
#12729=CARTESIAN_POINT('',(7.74,22.564,-0.42));
#12730=CARTESIAN_POINT('',(0.,22.564,-0.42));
#12731=CARTESIAN_POINT('',(7.74,23.6415429550616,6.71962202963945));
#12732=CARTESIAN_POINT('Origin',(0.,16.,-0.42));
#12733=CARTESIAN_POINT('',(-7.74,16.,-0.42));
#12734=CARTESIAN_POINT('',(-7.74,31.504675,-0.42));
#12735=CARTESIAN_POINT('',(7.74,16.,-0.42));
#12736=CARTESIAN_POINT('',(0.,16.,-0.42));
#12737=CARTESIAN_POINT('',(7.74,31.504675,-0.42));
#12738=CARTESIAN_POINT('Origin',(0.,16.,18.48));
#12739=CARTESIAN_POINT('',(-7.74,16.,14.48755));
#12740=CARTESIAN_POINT('',(7.74,16.,14.48755));
#12741=CARTESIAN_POINT('Origin',(0.,30.214,-0.42));
#12742=CARTESIAN_POINT('',(-7.74,30.214,-0.42));
#12743=CARTESIAN_POINT('',(-7.74,36.46,15.492));
#12744=CARTESIAN_POINT('',(-7.74,33.1914391915364,7.16517649947608));
#12745=CARTESIAN_POINT('',(7.74,30.214,-0.42));
#12746=CARTESIAN_POINT('',(0.,30.214,-0.42));
#12747=CARTESIAN_POINT('',(7.74,36.46,15.492));
#12748=CARTESIAN_POINT('',(7.74,33.1914391915364,7.16517649947608));
#12749=CARTESIAN_POINT('',(0.,36.46,15.492));
#12750=CARTESIAN_POINT('Origin',(0.,36.46,15.492));
#12751=CARTESIAN_POINT('',(-7.74,33.88,16.008));
#12752=CARTESIAN_POINT('',(-7.74,42.0122740384615,14.3815451923077));
#12753=CARTESIAN_POINT('',(7.74,33.88,16.008));
#12754=CARTESIAN_POINT('',(7.74,42.0122740384615,14.3815451923077));
#12755=CARTESIAN_POINT('',(0.,33.88,16.008));
#12756=CARTESIAN_POINT('Origin',(0.,33.88,16.008));
#12757=CARTESIAN_POINT('',(-7.74,32.692,16.23));
#12758=CARTESIAN_POINT('',(-7.74,40.7208860917359,14.7296525990191));
#12759=CARTESIAN_POINT('',(7.74,32.692,16.23));
#12760=CARTESIAN_POINT('',(7.74,40.7208860917359,14.7296525990191));
#12761=CARTESIAN_POINT('',(0.,32.692,16.23));
#12762=CARTESIAN_POINT('Origin',(0.,32.692,16.23));
#12763=CARTESIAN_POINT('',(-7.74,30.154,16.674));
#12764=CARTESIAN_POINT('',(-7.74,40.1248325098289,14.9296936034815));
#12765=CARTESIAN_POINT('',(7.74,30.154,16.674));
#12766=CARTESIAN_POINT('',(7.74,40.1248325098289,14.9296936034815));
#12767=CARTESIAN_POINT('',(0.,30.154,16.674));
#12768=CARTESIAN_POINT('Origin',(0.,30.154,16.674));
#12769=CARTESIAN_POINT('',(-7.74,28.966,16.872));
#12770=CARTESIAN_POINT('',(-7.74,38.8548918918919,15.2238513513514));
#12771=CARTESIAN_POINT('',(7.74,28.966,16.872));
#12772=CARTESIAN_POINT('',(7.74,38.8548918918919,15.2238513513514));
#12773=CARTESIAN_POINT('',(0.,28.966,16.872));
#12774=CARTESIAN_POINT('Origin',(0.,23.782,-0.42));
#12775=CARTESIAN_POINT('',(-7.74,23.782,-0.42));
#12776=CARTESIAN_POINT('',(-7.74,35.395675,-0.42));
#12777=CARTESIAN_POINT('',(7.74,23.782,-0.42));
#12778=CARTESIAN_POINT('',(0.,23.782,-0.42));
#12779=CARTESIAN_POINT('',(7.74,35.395675,-0.42));
#12780=CARTESIAN_POINT('Origin',(0.,26.446,17.262));
#12781=CARTESIAN_POINT('',(-7.74,26.446,17.262));
#12782=CARTESIAN_POINT('',(-7.74,26.175761018358,15.4683191916692));
#12783=CARTESIAN_POINT('',(7.74,26.446,17.262));
#12784=CARTESIAN_POINT('',(0.,26.446,17.262));
#12785=CARTESIAN_POINT('',(7.74,26.175761018358,15.4683191916692));
#12786=CARTESIAN_POINT('Origin',(0.,28.966,16.872));
#12787=CARTESIAN_POINT('',(-7.74,38.2585572595156,15.4338661384083));
#12788=CARTESIAN_POINT('',(7.74,38.2585572595156,15.4338661384083));
#12789=CARTESIAN_POINT('Origin',(0.,39.364,-0.42));
#12790=CARTESIAN_POINT('',(-7.74,39.364,-0.42));
#12791=CARTESIAN_POINT('',(-7.74,48.256,12.63));
#12792=CARTESIAN_POINT('',(-7.74,43.1156411105669,5.08595102259306));
#12793=CARTESIAN_POINT('',(7.74,39.364,-0.42));
#12794=CARTESIAN_POINT('',(0.,39.364,-0.42));
#12795=CARTESIAN_POINT('',(7.74,48.256,12.63));
#12796=CARTESIAN_POINT('',(7.74,43.1156411105669,5.08595102259306));
#12797=CARTESIAN_POINT('',(0.,48.256,12.63));
#12798=CARTESIAN_POINT('Origin',(0.,48.256,12.63));
#12799=CARTESIAN_POINT('',(-7.74,45.424,13.398));
#12800=CARTESIAN_POINT('',(-7.74,47.9450228726251,12.7143327803051));
#12801=CARTESIAN_POINT('',(7.74,45.424,13.398));
#12802=CARTESIAN_POINT('',(7.74,47.9450228726251,12.7143327803051));
#12803=CARTESIAN_POINT('',(0.,45.424,13.398));
#12804=CARTESIAN_POINT('Origin',(0.,45.424,13.398));
#12805=CARTESIAN_POINT('',(-7.74,44.218,13.71));
#12806=CARTESIAN_POINT('',(-7.74,46.5188942831458,13.1147437675444));
#12807=CARTESIAN_POINT('',(7.74,44.218,13.71));
#12808=CARTESIAN_POINT('',(7.74,46.5188942831458,13.1147437675444));
#12809=CARTESIAN_POINT('',(0.,44.218,13.71));
#12810=CARTESIAN_POINT('Origin',(0.,44.218,13.71));
#12811=CARTESIAN_POINT('',(-7.74,41.488,14.376));
#12812=CARTESIAN_POINT('',(-7.74,45.9053974411432,13.2983491956772));
#12813=CARTESIAN_POINT('',(7.74,41.488,14.376));
#12814=CARTESIAN_POINT('',(7.74,45.9053974411432,13.2983491956772));
#12815=CARTESIAN_POINT('',(0.,41.488,14.376));
#12816=CARTESIAN_POINT('Origin',(0.,41.488,14.376));
#12817=CARTESIAN_POINT('',(-7.74,40.288,14.658));
#12818=CARTESIAN_POINT('',(-7.74,44.5363363737591,13.6596409521666));
#12819=CARTESIAN_POINT('',(7.74,40.288,14.658));
#12820=CARTESIAN_POINT('',(7.74,44.5363363737591,13.6596409521666));
#12821=CARTESIAN_POINT('',(0.,40.288,14.658));
#12822=CARTESIAN_POINT('Origin',(0.,31.504,-0.42));
#12823=CARTESIAN_POINT('',(-7.74,31.504,-0.42));
#12824=CARTESIAN_POINT('',(-7.74,39.256675,-0.42));
#12825=CARTESIAN_POINT('',(7.74,31.504,-0.42));
#12826=CARTESIAN_POINT('',(0.,31.504,-0.42));
#12827=CARTESIAN_POINT('',(7.74,39.256675,-0.42));
#12828=CARTESIAN_POINT('Origin',(0.,37.648,15.24));
#12829=CARTESIAN_POINT('',(-7.74,37.648,15.24));
#12830=CARTESIAN_POINT('',(-7.74,37.4657432450848,14.7754588571008));
#12831=CARTESIAN_POINT('',(7.74,37.648,15.24));
#12832=CARTESIAN_POINT('',(0.,37.648,15.24));
#12833=CARTESIAN_POINT('',(7.74,37.4657432450848,14.7754588571008));
#12834=CARTESIAN_POINT('Origin',(0.,40.288,14.658));
#12835=CARTESIAN_POINT('',(-7.74,43.9305132186258,13.8549914040757));
#12836=CARTESIAN_POINT('',(7.74,43.9305132186258,13.8549914040757));
#12837=CARTESIAN_POINT('Origin',(0.,51.628,-0.42));
#12838=CARTESIAN_POINT('',(-7.74,51.628,-0.42));
#12839=CARTESIAN_POINT('',(-7.74,61.084,8.514));
#12840=CARTESIAN_POINT('',(-7.74,53.1322214500764,1.00118384464709));
#12841=CARTESIAN_POINT('',(7.74,51.628,-0.42));
#12842=CARTESIAN_POINT('',(0.,51.628,-0.42));
#12843=CARTESIAN_POINT('',(7.74,61.084,8.514));
#12844=CARTESIAN_POINT('',(7.74,53.1322214500764,1.00118384464709));
#12845=CARTESIAN_POINT('',(0.,61.084,8.514));
#12846=CARTESIAN_POINT('Origin',(0.,61.084,8.514));
#12847=CARTESIAN_POINT('',(-7.74,57.562,9.75));
#12848=CARTESIAN_POINT('',(-7.74,54.5088308806734,10.8214699124042));
#12849=CARTESIAN_POINT('',(7.74,57.562,9.75));
#12850=CARTESIAN_POINT('',(7.74,54.5088308806734,10.8214699124042));
#12851=CARTESIAN_POINT('',(0.,57.562,9.75));
#12852=CARTESIAN_POINT('Origin',(0.,57.562,9.75));
#12853=CARTESIAN_POINT('',(-7.74,56.818,10.002));
#12854=CARTESIAN_POINT('',(-7.74,52.715499789965,11.3915565227538));
#12855=CARTESIAN_POINT('',(7.74,56.818,10.002));
#12856=CARTESIAN_POINT('',(7.74,52.715499789965,11.3915565227538));
#12857=CARTESIAN_POINT('',(0.,56.818,10.002));
#12858=CARTESIAN_POINT('Origin',(0.,56.818,10.002));
#12859=CARTESIAN_POINT('',(-7.74,53.68,11.022));
#12860=CARTESIAN_POINT('',(-7.74,52.3098480918662,11.4673648649766));
#12861=CARTESIAN_POINT('',(7.74,53.68,11.022));
#12862=CARTESIAN_POINT('',(7.74,52.3098480918662,11.4673648649766));
#12863=CARTESIAN_POINT('',(0.,53.68,11.022));
#12864=CARTESIAN_POINT('Origin',(0.,53.68,11.022));
#12865=CARTESIAN_POINT('',(-7.74,52.45,11.4));
#12866=CARTESIAN_POINT('',(-7.74,50.7064691834805,11.9358167875158));
#12867=CARTESIAN_POINT('',(7.74,52.45,11.4));
#12868=CARTESIAN_POINT('',(7.74,50.7064691834805,11.9358167875158));
#12869=CARTESIAN_POINT('',(0.,52.45,11.4));
#12870=CARTESIAN_POINT('Origin',(0.,40.816,-0.42));
#12871=CARTESIAN_POINT('',(-7.74,40.816,-0.42));
#12872=CARTESIAN_POINT('',(-7.74,43.912675,-0.42));
#12873=CARTESIAN_POINT('',(7.74,40.816,-0.42));
#12874=CARTESIAN_POINT('',(0.,40.816,-0.42));
#12875=CARTESIAN_POINT('',(7.74,43.912675,-0.42));
#12876=CARTESIAN_POINT('Origin',(0.,49.474,12.282));
#12877=CARTESIAN_POINT('',(-7.74,49.474,12.282));
#12878=CARTESIAN_POINT('',(-7.74,48.6672668687798,11.0984559675724));
#12879=CARTESIAN_POINT('',(7.74,49.474,12.282));
#12880=CARTESIAN_POINT('',(0.,49.474,12.282));
#12881=CARTESIAN_POINT('',(7.74,48.6672668687798,11.0984559675724));
#12882=CARTESIAN_POINT('Origin',(0.,52.45,11.4));
#12883=CARTESIAN_POINT('',(-7.74,50.07258966539,12.104595401588));
#12884=CARTESIAN_POINT('',(7.74,50.07258966539,12.104595401588));
#12885=CARTESIAN_POINT('Origin',(0.,64.078,-0.42));
#12886=CARTESIAN_POINT('',(-7.74,64.078,-0.42));
#12887=CARTESIAN_POINT('',(-7.74,81.52,-0.42));
#12888=CARTESIAN_POINT('',(-7.74,55.543675,-0.42));
#12889=CARTESIAN_POINT('',(7.74,64.078,-0.42));
#12890=CARTESIAN_POINT('',(0.,64.078,-0.42));
#12891=CARTESIAN_POINT('',(7.74,81.52,-0.42));
#12892=CARTESIAN_POINT('',(7.74,55.543675,-0.42));
#12893=CARTESIAN_POINT('',(0.,81.52,-0.42));
#12894=CARTESIAN_POINT('Origin',(0.,81.52,-0.42));
#12895=CARTESIAN_POINT('',(-7.74,75.91,2.34));
#12896=CARTESIAN_POINT('',(-7.74,65.4655448593236,7.47844851840766));
#12897=CARTESIAN_POINT('',(7.74,75.91,2.34));
#12898=CARTESIAN_POINT('',(7.74,65.4655448593236,7.47844851840766));
#12899=CARTESIAN_POINT('',(0.,75.91,2.34));
#12900=CARTESIAN_POINT('Origin',(0.,75.91,2.34));
#12901=CARTESIAN_POINT('',(-7.74,75.13,2.706));
#12902=CARTESIAN_POINT('',(-7.74,62.4991341835993,8.63279088308039));
#12903=CARTESIAN_POINT('',(7.74,75.13,2.706));
#12904=CARTESIAN_POINT('',(7.74,62.4991341835993,8.63279088308039));
#12905=CARTESIAN_POINT('',(0.,75.13,2.706));
#12906=CARTESIAN_POINT('Origin',(0.,70.99,4.566));
#12907=CARTESIAN_POINT('',(-7.74,70.99,4.566));
#12908=CARTESIAN_POINT('',(-7.74,64.5100298467783,-0.10835346990209));
#12909=CARTESIAN_POINT('',(7.74,70.99,4.566));
#12910=CARTESIAN_POINT('',(0.,70.99,4.566));
#12911=CARTESIAN_POINT('',(7.74,64.5100298467783,-0.10835346990209));
#12912=CARTESIAN_POINT('Origin',(0.,75.13,2.706));
#12913=CARTESIAN_POINT('',(-7.74,61.9752202420482,8.61611844197832));
#12914=CARTESIAN_POINT('',(7.74,61.9752202420482,8.61611844197832));
#12915=CARTESIAN_POINT('Origin',(-7.74,47.00935,10.4951));
#12916=CARTESIAN_POINT('',(-7.74,10.,20.5344));
#12917=CARTESIAN_POINT('',(-7.74,10.131,21.2084));
#12918=CARTESIAN_POINT('',(-7.74,10.131,21.2084));
#12919=CARTESIAN_POINT('',(-7.74,10.5048,21.7844));
#12920=CARTESIAN_POINT('',(-7.74,10.5048,21.7844));
#12921=CARTESIAN_POINT('',(-7.74,10.7986,22.0302));
#12922=CARTESIAN_POINT('',(-7.74,10.7986,22.0302));
#12923=CARTESIAN_POINT('',(-7.74,11.1378,22.2082));
#12924=CARTESIAN_POINT('',(-7.74,11.1378,22.2082));
#12925=CARTESIAN_POINT('',(-7.74,11.8128,22.3344));
#12926=CARTESIAN_POINT('',(-7.74,11.8128,22.3344));
#12927=CARTESIAN_POINT('',(-7.74,17.8463,21.9154));
#12928=CARTESIAN_POINT('',(-7.74,17.8463,21.9154));
#12929=CARTESIAN_POINT('',(-7.74,23.7815,21.2594));
#12930=CARTESIAN_POINT('',(-7.74,23.7815,21.2594));
#12931=CARTESIAN_POINT('',(-7.74,29.7619,20.3539));
#12932=CARTESIAN_POINT('',(-7.74,29.7619,20.3539));
#12933=CARTESIAN_POINT('',(-7.74,30.1474,20.3461));
#12934=CARTESIAN_POINT('',(-7.74,30.1474,20.3461));
#12935=CARTESIAN_POINT('',(-7.74,30.599,20.4451));
#12936=CARTESIAN_POINT('',(-7.74,30.599,20.4451));
#12937=CARTESIAN_POINT('',(-7.74,31.0732,20.7011));
#12938=CARTESIAN_POINT('',(-7.74,31.0732,20.7011));
#12939=CARTESIAN_POINT('',(-7.74,32.001,21.737));
#12940=CARTESIAN_POINT('',(-7.74,32.001,21.737));
#12941=CARTESIAN_POINT('',(-7.74,32.7584,22.231));
#12942=CARTESIAN_POINT('',(-7.74,32.7584,22.231));
#12943=CARTESIAN_POINT('',(-7.74,33.2467,22.4039));
#12944=CARTESIAN_POINT('',(-7.74,33.2467,22.4039));
#12945=CARTESIAN_POINT('',(-7.74,33.7575,22.4902));
#12946=CARTESIAN_POINT('',(-7.74,33.7575,22.4902));
#12947=CARTESIAN_POINT('',(-7.74,34.2756,22.4873));
#12948=CARTESIAN_POINT('',(-7.74,34.2756,22.4873));
#12949=CARTESIAN_POINT('',(-7.74,34.7854,22.3954));
#12950=CARTESIAN_POINT('',(-7.74,34.7854,22.3954));
#12951=CARTESIAN_POINT('',(-7.74,35.6125,22.0298));
#12952=CARTESIAN_POINT('',(-7.74,35.6125,22.0298));
#12953=CARTESIAN_POINT('',(-7.74,36.293,21.4344));
#12954=CARTESIAN_POINT('',(-7.74,36.293,21.4344));
#12955=CARTESIAN_POINT('',(-7.74,36.7124,20.7817));
#12956=CARTESIAN_POINT('',(-7.74,36.7124,20.7817));
#12957=CARTESIAN_POINT('',(-7.74,37.0321,19.7455));
#12958=CARTESIAN_POINT('',(-7.74,37.0321,19.7455));
#12959=CARTESIAN_POINT('',(-7.74,37.2037,19.4002));
#12960=CARTESIAN_POINT('',(-7.74,37.2037,19.4002));
#12961=CARTESIAN_POINT('',(-7.74,37.5295,19.0202));
#12962=CARTESIAN_POINT('',(-7.74,37.5295,19.0202));
#12963=CARTESIAN_POINT('',(-7.74,37.9469,18.7439));
#12964=CARTESIAN_POINT('',(-7.74,37.9469,18.7439));
#12965=CARTESIAN_POINT('',(-7.74,44.3015,17.0834));
#12966=CARTESIAN_POINT('',(-7.74,44.3015,17.0834));
#12967=CARTESIAN_POINT('',(-7.74,50.2232,15.3023));
#12968=CARTESIAN_POINT('',(-7.74,50.2232,15.3023));
#12969=CARTESIAN_POINT('',(-7.74,56.0656,13.2762));
#12970=CARTESIAN_POINT('',(-7.74,56.0656,13.2762));
#12971=CARTESIAN_POINT('',(-7.74,61.8185,11.0085));
#12972=CARTESIAN_POINT('',(-7.74,61.8185,11.0085));
#12973=CARTESIAN_POINT('',(-7.74,67.472,8.5032));
#12974=CARTESIAN_POINT('',(-7.74,67.472,8.5032));
#12975=CARTESIAN_POINT('',(-7.74,73.0163,5.7647));
#12976=CARTESIAN_POINT('',(-7.74,73.0163,5.7647));
#12977=CARTESIAN_POINT('',(-7.74,78.4418,2.7977));
#12978=CARTESIAN_POINT('',(-7.74,78.4418,2.7977));
#12979=CARTESIAN_POINT('',(-7.74,83.739,-0.392600000000001));
#12980=CARTESIAN_POINT('',(-7.74,83.739,-0.3926));
#12981=CARTESIAN_POINT('',(-7.74,83.9476,-0.616500000000002));
#12982=CARTESIAN_POINT('',(-7.74,83.9476,-0.6165));
#12983=CARTESIAN_POINT('',(-7.74,84.0187,-0.901299999999998));
#12984=CARTESIAN_POINT('',(-7.74,84.0187,-0.9013));
#12985=CARTESIAN_POINT('',(-7.74,83.969,-1.1394));
#12986=CARTESIAN_POINT('',(-7.74,83.969,-1.1394));
#12987=CARTESIAN_POINT('',(-7.74,83.838,-1.3292));
#12988=CARTESIAN_POINT('',(-7.74,83.838,-1.3292));
#12989=CARTESIAN_POINT('',(-7.74,83.6451,-1.4557));
#12990=CARTESIAN_POINT('',(-7.74,83.6451,-1.4557));
#12991=CARTESIAN_POINT('',(-7.74,83.4188,-1.5));
#12992=CARTESIAN_POINT('',(-7.74,83.4188,-1.5));
#12993=CARTESIAN_POINT('',(-7.74,11.8,-1.5));
#12994=CARTESIAN_POINT('',(-7.74,11.8,-1.5));
#12995=CARTESIAN_POINT('',(-7.74,11.3341,-1.4387));
#12996=CARTESIAN_POINT('',(-7.74,11.3341,-1.4387));
#12997=CARTESIAN_POINT('',(-7.74,10.8329,-1.2181));
#12998=CARTESIAN_POINT('',(-7.74,10.8329,-1.2181));
#12999=CARTESIAN_POINT('',(-7.74,10.3965,-0.8264));
#13000=CARTESIAN_POINT('',(-7.74,10.3965,-0.8264));
#13001=CARTESIAN_POINT('',(-7.74,10.1086,-0.315599999999998));
#13002=CARTESIAN_POINT('',(-7.74,10.1086,-0.3156));
#13003=CARTESIAN_POINT('',(-7.74,10.0017,0.221499999999999));
#13004=CARTESIAN_POINT('',(-7.74,10.0017,0.2215));
#13005=CARTESIAN_POINT('',(-7.74,10.,20.5344));
#13006=CARTESIAN_POINT('Origin',(0.,10.5048,21.7844));
#13007=CARTESIAN_POINT('',(7.74,10.131,21.2084));
#13008=CARTESIAN_POINT('',(0.,10.131,21.2084));
#13009=CARTESIAN_POINT('',(7.74,10.5048,21.7844));
#13010=CARTESIAN_POINT('',(7.74,10.5048,21.7844));
#13011=CARTESIAN_POINT('',(0.,10.5048,21.7844));
#13012=CARTESIAN_POINT('Origin',(0.,10.7986,22.0302));
#13013=CARTESIAN_POINT('',(7.74,10.7986,22.0302));
#13014=CARTESIAN_POINT('',(7.74,10.7986,22.0302));
#13015=CARTESIAN_POINT('',(0.,10.7986,22.0302));
#13016=CARTESIAN_POINT('Origin',(0.,11.1378,22.2082));
#13017=CARTESIAN_POINT('',(7.74,11.1378,22.2082));
#13018=CARTESIAN_POINT('',(7.74,11.1378,22.2082));
#13019=CARTESIAN_POINT('',(0.,11.1378,22.2082));
#13020=CARTESIAN_POINT('Origin',(0.,11.8128,22.3344));
#13021=CARTESIAN_POINT('',(7.74,11.8128,22.3344));
#13022=CARTESIAN_POINT('',(7.74,11.8128,22.3344));
#13023=CARTESIAN_POINT('',(0.,11.8128,22.3344));
#13024=CARTESIAN_POINT('Origin',(0.,17.8463,21.9154));
#13025=CARTESIAN_POINT('',(7.74,17.8463,21.9154));
#13026=CARTESIAN_POINT('',(7.74,17.8463,21.9154));
#13027=CARTESIAN_POINT('',(0.,17.8463,21.9154));
#13028=CARTESIAN_POINT('Origin',(0.,23.7815,21.2594));
#13029=CARTESIAN_POINT('',(7.74,23.7815,21.2594));
#13030=CARTESIAN_POINT('',(7.74,23.7815,21.2594));
#13031=CARTESIAN_POINT('',(0.,23.7815,21.2594));
#13032=CARTESIAN_POINT('Origin',(0.,29.7619,20.3539));
#13033=CARTESIAN_POINT('',(7.74,29.7619,20.3539));
#13034=CARTESIAN_POINT('',(7.74,29.7619,20.3539));
#13035=CARTESIAN_POINT('',(0.,29.7619,20.3539));
#13036=CARTESIAN_POINT('Origin',(0.,30.1474,20.3461));
#13037=CARTESIAN_POINT('',(7.74,30.1474,20.3461));
#13038=CARTESIAN_POINT('',(7.74,30.1474,20.3461));
#13039=CARTESIAN_POINT('',(0.,30.1474,20.3461));
#13040=CARTESIAN_POINT('Origin',(0.,30.599,20.4451));
#13041=CARTESIAN_POINT('',(7.74,30.599,20.4451));
#13042=CARTESIAN_POINT('',(7.74,30.599,20.4451));
#13043=CARTESIAN_POINT('',(0.,30.599,20.4451));
#13044=CARTESIAN_POINT('Origin',(0.,31.0732,20.7011));
#13045=CARTESIAN_POINT('',(7.74,31.0732,20.7011));
#13046=CARTESIAN_POINT('',(7.74,31.0732,20.7011));
#13047=CARTESIAN_POINT('',(0.,31.0732,20.7011));
#13048=CARTESIAN_POINT('Origin',(0.,32.001,21.737));
#13049=CARTESIAN_POINT('',(7.74,32.001,21.737));
#13050=CARTESIAN_POINT('',(7.74,32.001,21.737));
#13051=CARTESIAN_POINT('',(0.,32.001,21.737));
#13052=CARTESIAN_POINT('Origin',(0.,32.7584,22.231));
#13053=CARTESIAN_POINT('',(7.74,32.7584,22.231));
#13054=CARTESIAN_POINT('',(7.74,32.7584,22.231));
#13055=CARTESIAN_POINT('',(0.,32.7584,22.231));
#13056=CARTESIAN_POINT('Origin',(0.,33.2467,22.4039));
#13057=CARTESIAN_POINT('',(7.74,33.2467,22.4039));
#13058=CARTESIAN_POINT('',(7.74,33.2467,22.4039));
#13059=CARTESIAN_POINT('',(0.,33.2467,22.4039));
#13060=CARTESIAN_POINT('Origin',(0.,33.7575,22.4902));
#13061=CARTESIAN_POINT('',(7.74,33.7575,22.4902));
#13062=CARTESIAN_POINT('',(7.74,33.7575,22.4902));
#13063=CARTESIAN_POINT('',(0.,33.7575,22.4902));
#13064=CARTESIAN_POINT('Origin',(0.,34.2756,22.4873));
#13065=CARTESIAN_POINT('',(7.74,34.2756,22.4873));
#13066=CARTESIAN_POINT('',(7.74,34.2756,22.4873));
#13067=CARTESIAN_POINT('',(0.,34.2756,22.4873));
#13068=CARTESIAN_POINT('Origin',(0.,34.7854,22.3954));
#13069=CARTESIAN_POINT('',(7.74,34.7854,22.3954));
#13070=CARTESIAN_POINT('',(7.74,34.7854,22.3954));
#13071=CARTESIAN_POINT('',(0.,34.7854,22.3954));
#13072=CARTESIAN_POINT('Origin',(0.,35.6125,22.0298));
#13073=CARTESIAN_POINT('',(7.74,35.6125,22.0298));
#13074=CARTESIAN_POINT('',(7.74,35.6125,22.0298));
#13075=CARTESIAN_POINT('',(0.,35.6125,22.0298));
#13076=CARTESIAN_POINT('Origin',(0.,36.293,21.4344));
#13077=CARTESIAN_POINT('',(7.74,36.293,21.4344));
#13078=CARTESIAN_POINT('',(7.74,36.293,21.4344));
#13079=CARTESIAN_POINT('',(0.,36.293,21.4344));
#13080=CARTESIAN_POINT('Origin',(0.,36.7124,20.7817));
#13081=CARTESIAN_POINT('',(7.74,36.7124,20.7817));
#13082=CARTESIAN_POINT('',(7.74,36.7124,20.7817));
#13083=CARTESIAN_POINT('',(0.,36.7124,20.7817));
#13084=CARTESIAN_POINT('Origin',(0.,37.0321,19.7455));
#13085=CARTESIAN_POINT('',(7.74,37.0321,19.7455));
#13086=CARTESIAN_POINT('',(7.74,37.0321,19.7455));
#13087=CARTESIAN_POINT('',(0.,37.0321,19.7455));
#13088=CARTESIAN_POINT('Origin',(0.,37.2037,19.4002));
#13089=CARTESIAN_POINT('',(7.74,37.2037,19.4002));
#13090=CARTESIAN_POINT('',(7.74,37.2037,19.4002));
#13091=CARTESIAN_POINT('',(0.,37.2037,19.4002));
#13092=CARTESIAN_POINT('Origin',(0.,37.5295,19.0202));
#13093=CARTESIAN_POINT('',(7.74,37.5295,19.0202));
#13094=CARTESIAN_POINT('',(7.74,37.5295,19.0202));
#13095=CARTESIAN_POINT('',(0.,37.5295,19.0202));
#13096=CARTESIAN_POINT('Origin',(0.,37.9469,18.7439));
#13097=CARTESIAN_POINT('',(7.74,37.9469,18.7439));
#13098=CARTESIAN_POINT('',(7.74,37.9469,18.7439));
#13099=CARTESIAN_POINT('',(0.,37.9469,18.7439));
#13100=CARTESIAN_POINT('Origin',(0.,44.3015,17.0834));
#13101=CARTESIAN_POINT('',(7.74,44.3015,17.0834));
#13102=CARTESIAN_POINT('',(7.74,44.3015,17.0834));
#13103=CARTESIAN_POINT('',(0.,44.3015,17.0834));
#13104=CARTESIAN_POINT('Origin',(0.,50.2232,15.3023));
#13105=CARTESIAN_POINT('',(7.74,50.2232,15.3023));
#13106=CARTESIAN_POINT('',(7.74,50.2232,15.3023));
#13107=CARTESIAN_POINT('',(0.,50.2232,15.3023));
#13108=CARTESIAN_POINT('Origin',(0.,56.0656,13.2762));
#13109=CARTESIAN_POINT('',(7.74,56.0656,13.2762));
#13110=CARTESIAN_POINT('',(7.74,56.0656,13.2762));
#13111=CARTESIAN_POINT('',(0.,56.0656,13.2762));
#13112=CARTESIAN_POINT('Origin',(0.,61.8185,11.0085));
#13113=CARTESIAN_POINT('',(7.74,61.8185,11.0085));
#13114=CARTESIAN_POINT('',(7.74,61.8185,11.0085));
#13115=CARTESIAN_POINT('',(0.,61.8185,11.0085));
#13116=CARTESIAN_POINT('Origin',(0.,67.472,8.5032));
#13117=CARTESIAN_POINT('',(7.74,67.472,8.5032));
#13118=CARTESIAN_POINT('',(7.74,67.472,8.5032));
#13119=CARTESIAN_POINT('',(0.,67.472,8.5032));
#13120=CARTESIAN_POINT('Origin',(0.,73.0163,5.7647));
#13121=CARTESIAN_POINT('',(7.74,73.0163,5.7647));
#13122=CARTESIAN_POINT('',(7.74,73.0163,5.7647));
#13123=CARTESIAN_POINT('',(0.,73.0163,5.7647));
#13124=CARTESIAN_POINT('Origin',(0.,78.4418,2.7977));
#13125=CARTESIAN_POINT('',(7.74,78.4418,2.7977));
#13126=CARTESIAN_POINT('',(7.74,78.4418,2.7977));
#13127=CARTESIAN_POINT('',(0.,78.4418,2.7977));
#13128=CARTESIAN_POINT('Origin',(0.,83.739,-0.3926));
#13129=CARTESIAN_POINT('',(7.74,83.739,-0.392600000000001));
#13130=CARTESIAN_POINT('',(7.74,83.739,-0.3926));
#13131=CARTESIAN_POINT('',(0.,83.739,-0.3926));
#13132=CARTESIAN_POINT('Origin',(0.,83.9476,-0.6165));
#13133=CARTESIAN_POINT('',(7.74,83.9476,-0.616500000000002));
#13134=CARTESIAN_POINT('',(7.74,83.9476,-0.6165));
#13135=CARTESIAN_POINT('',(0.,83.9476,-0.6165));
#13136=CARTESIAN_POINT('Origin',(0.,84.0187,-0.9013));
#13137=CARTESIAN_POINT('',(7.74,84.0187,-0.901299999999998));
#13138=CARTESIAN_POINT('',(7.74,84.0187,-0.9013));
#13139=CARTESIAN_POINT('',(0.,84.0187,-0.9013));
#13140=CARTESIAN_POINT('Origin',(0.,83.969,-1.1394));
#13141=CARTESIAN_POINT('',(7.74,83.969,-1.1394));
#13142=CARTESIAN_POINT('',(7.74,83.969,-1.1394));
#13143=CARTESIAN_POINT('',(0.,83.969,-1.1394));
#13144=CARTESIAN_POINT('Origin',(0.,83.838,-1.3292));
#13145=CARTESIAN_POINT('',(7.74,83.838,-1.3292));
#13146=CARTESIAN_POINT('',(7.74,83.838,-1.3292));
#13147=CARTESIAN_POINT('',(0.,83.838,-1.3292));
#13148=CARTESIAN_POINT('Origin',(0.,83.6451,-1.4557));
#13149=CARTESIAN_POINT('',(7.74,83.6451,-1.4557));
#13150=CARTESIAN_POINT('',(7.74,83.6451,-1.4557));
#13151=CARTESIAN_POINT('',(0.,83.6451,-1.4557));
#13152=CARTESIAN_POINT('Origin',(0.,83.4188,-1.5));
#13153=CARTESIAN_POINT('',(7.74,83.4188,-1.5));
#13154=CARTESIAN_POINT('',(7.74,83.4188,-1.5));
#13155=CARTESIAN_POINT('',(0.,83.4188,-1.5));
#13156=CARTESIAN_POINT('Origin',(0.,11.8,-1.5));
#13157=CARTESIAN_POINT('',(7.74,11.8,-1.5));
#13158=CARTESIAN_POINT('',(7.74,11.8,-1.5));
#13159=CARTESIAN_POINT('',(0.,11.8,-1.5));
#13160=CARTESIAN_POINT('Origin',(0.,11.3341,-1.4387));
#13161=CARTESIAN_POINT('',(7.74,11.3341,-1.4387));
#13162=CARTESIAN_POINT('',(7.74,11.3341,-1.4387));
#13163=CARTESIAN_POINT('',(0.,11.3341,-1.4387));
#13164=CARTESIAN_POINT('Origin',(0.,10.8329,-1.2181));
#13165=CARTESIAN_POINT('',(7.74,10.8329,-1.2181));
#13166=CARTESIAN_POINT('',(7.74,10.8329,-1.2181));
#13167=CARTESIAN_POINT('',(0.,10.8329,-1.2181));
#13168=CARTESIAN_POINT('Origin',(0.,10.3965,-0.8264));
#13169=CARTESIAN_POINT('',(7.74,10.3965,-0.8264));
#13170=CARTESIAN_POINT('',(7.74,10.3965,-0.8264));
#13171=CARTESIAN_POINT('',(0.,10.3965,-0.8264));
#13172=CARTESIAN_POINT('Origin',(0.,10.1086,-0.3156));
#13173=CARTESIAN_POINT('',(7.74,10.1086,-0.315599999999998));
#13174=CARTESIAN_POINT('',(7.74,10.1086,-0.3156));
#13175=CARTESIAN_POINT('',(0.,10.1086,-0.3156));
#13176=CARTESIAN_POINT('Origin',(0.,10.0017,0.2215));
#13177=CARTESIAN_POINT('',(7.74,10.0017,0.221499999999999));
#13178=CARTESIAN_POINT('',(7.74,10.0017,0.2215));
#13179=CARTESIAN_POINT('',(0.,10.0017,0.2215));
#13180=CARTESIAN_POINT('Origin',(0.,10.,20.5344));
#13181=CARTESIAN_POINT('',(7.74,10.,20.5344));
#13182=CARTESIAN_POINT('',(7.74,10.,20.5344));
#13183=CARTESIAN_POINT('',(0.,10.,20.5344));
#13184=CARTESIAN_POINT('Origin',(0.,10.131,21.2084));
#13185=CARTESIAN_POINT('',(7.74,10.131,21.2084));
#13186=CARTESIAN_POINT('Origin',(7.74,47.00935,10.4951));
#13187=CARTESIAN_POINT('',(0.,0.,0.));
#13188=CARTESIAN_POINT('',(-1.5,124.82,0.));
#13189=CARTESIAN_POINT('',(1.5,124.82,0.));
#13190=UNCERTAINTY_MEASURE_WITH_UNIT(LENGTH_MEASURE(0.01),#13202,
'DISTANCE_ACCURACY_VALUE',
'Maximum model space distance between geometric entities at asserted c
onnectivities');
#13191=UNCERTAINTY_MEASURE_WITH_UNIT(LENGTH_MEASURE(0.01),#13202,
'DISTANCE_ACCURACY_VALUE',
'Maximum model space distance between geometric entities at asserted c
onnectivities');
#13192=UNCERTAINTY_MEASURE_WITH_UNIT(LENGTH_MEASURE(0.01),#13202,
'DISTANCE_ACCURACY_VALUE',
'Maximum model space distance between geometric entities at asserted c
onnectivities');
#13193=UNCERTAINTY_MEASURE_WITH_UNIT(LENGTH_MEASURE(0.01),#13202,
'DISTANCE_ACCURACY_VALUE',
'Maximum model space distance between geometric entities at asserted c
onnectivities');
#13194=UNCERTAINTY_MEASURE_WITH_UNIT(LENGTH_MEASURE(0.01),#13202,
'DISTANCE_ACCURACY_VALUE',
'Maximum model space distance between geometric entities at asserted c
onnectivities');
#13195=UNCERTAINTY_MEASURE_WITH_UNIT(LENGTH_MEASURE(0.01),#13202,
'DISTANCE_ACCURACY_VALUE',
'Maximum model space distance between geometric entities at asserted c
onnectivities');
#13196=(
GEOMETRIC_REPRESENTATION_CONTEXT(3)
GLOBAL_UNCERTAINTY_ASSIGNED_CONTEXT((#13190))
GLOBAL_UNIT_ASSIGNED_CONTEXT((#13202,#13204,#13205))
REPRESENTATION_CONTEXT('','3D')
);
#13197=(
GEOMETRIC_REPRESENTATION_CONTEXT(3)
GLOBAL_UNCERTAINTY_ASSIGNED_CONTEXT((#13191))
GLOBAL_UNIT_ASSIGNED_CONTEXT((#13202,#13204,#13205))
REPRESENTATION_CONTEXT('','3D')
);
#13198=(
GEOMETRIC_REPRESENTATION_CONTEXT(3)
GLOBAL_UNCERTAINTY_ASSIGNED_CONTEXT((#13192))
GLOBAL_UNIT_ASSIGNED_CONTEXT((#13202,#13204,#13205))
REPRESENTATION_CONTEXT('','3D')
);
#13199=(
GEOMETRIC_REPRESENTATION_CONTEXT(3)
GLOBAL_UNCERTAINTY_ASSIGNED_CONTEXT((#13193))
GLOBAL_UNIT_ASSIGNED_CONTEXT((#13202,#13204,#13205))
REPRESENTATION_CONTEXT('','3D')
);
#13200=(
GEOMETRIC_REPRESENTATION_CONTEXT(3)
GLOBAL_UNCERTAINTY_ASSIGNED_CONTEXT((#13194))
GLOBAL_UNIT_ASSIGNED_CONTEXT((#13202,#13204,#13205))
REPRESENTATION_CONTEXT('','3D')
);
#13201=(
GEOMETRIC_REPRESENTATION_CONTEXT(3)
GLOBAL_UNCERTAINTY_ASSIGNED_CONTEXT((#13195))
GLOBAL_UNIT_ASSIGNED_CONTEXT((#13202,#13204,#13205))
REPRESENTATION_CONTEXT('','3D')
);
#13202=(
LENGTH_UNIT()
NAMED_UNIT(*)
SI_UNIT(.MILLI.,.METRE.)
);
#13203=(
LENGTH_UNIT()
NAMED_UNIT(*)
SI_UNIT($,.METRE.)
);
#13204=(
NAMED_UNIT(*)
PLANE_ANGLE_UNIT()
SI_UNIT($,.RADIAN.)
);
#13205=(
NAMED_UNIT(*)
SI_UNIT($,.STERADIAN.)
SOLID_ANGLE_UNIT()
);
#13206=SHAPE_DEFINITION_REPRESENTATION(#13211,#13220);
#13207=SHAPE_DEFINITION_REPRESENTATION(#13212,#13221);
#13208=SHAPE_DEFINITION_REPRESENTATION(#13213,#13222);
#13209=SHAPE_DEFINITION_REPRESENTATION(#13215,#13223);
#13210=SHAPE_DEFINITION_REPRESENTATION(#13216,#13224);
#13211=PRODUCT_DEFINITION_SHAPE('',$,#13226);
#13212=PRODUCT_DEFINITION_SHAPE('',$,#13227);
#13213=PRODUCT_DEFINITION_SHAPE('',$,#13228);
#13214=PRODUCT_DEFINITION_SHAPE($,$,#23);
#13215=PRODUCT_DEFINITION_SHAPE('',$,#13229);
#13216=PRODUCT_DEFINITION_SHAPE('',$,#13230);
#13217=PRODUCT_DEFINITION_SHAPE($,$,#24);
#13218=PRODUCT_DEFINITION_SHAPE($,$,#25);
#13219=PRODUCT_DEFINITION_SHAPE($,$,#26);
#13220=SHAPE_REPRESENTATION('',(#8218,#8789,#8790),#13196);
#13221=SHAPE_REPRESENTATION('',(#8219,#8503),#13197);
#13222=SHAPE_REPRESENTATION('',(#8220),#13198);
#13223=SHAPE_REPRESENTATION('',(#8504,#8788),#13199);
#13224=SHAPE_REPRESENTATION('',(#8505),#13200);
#13225=PRODUCT_DEFINITION_CONTEXT('part definition',#13242,'design');
#13226=PRODUCT_DEFINITION('2026-09-04-15-12-13-781','(Unsaved)',#13231,
#13225);
#13227=PRODUCT_DEFINITION('2026-09-04-15-12-27-275',
'LEFT V2 handed finger',#13232,#13225);
#13228=PRODUCT_DEFINITION('2026-09-04-15-12-34-345',
'REFERENCE hardware LEFT - M3x30, nominal 7x0.5 washers',#13233,#13225);
#13229=PRODUCT_DEFINITION('2026-09-04-15-12-29-355',
'RIGHT V2 handed finger',#13234,#13225);
#13230=PRODUCT_DEFINITION('2026-09-04-15-12-35-918',
'REFERENCE hardware RIGHT - M3x30, nominal 7x0.5 washers',#13235,#13225);
#13231=PRODUCT_DEFINITION_FORMATION('',$,#13244);
#13232=PRODUCT_DEFINITION_FORMATION('',$,#13245);
#13233=PRODUCT_DEFINITION_FORMATION('',$,#13246);
#13234=PRODUCT_DEFINITION_FORMATION('',$,#13247);
#13235=PRODUCT_DEFINITION_FORMATION('',$,#13248);
#13236=PRODUCT_RELATED_PRODUCT_CATEGORY('(Unsaved)','(Unsaved)',(#13244));
#13237=PRODUCT_RELATED_PRODUCT_CATEGORY('LEFT V2 handed finger',
'LEFT V2 handed finger',(#13245));
#13238=PRODUCT_RELATED_PRODUCT_CATEGORY(
'REFERENCE hardware LEFT - M3x30, nominal 7x0.5 washers',
'REFERENCE hardware LEFT - M3x30, nominal 7x0.5 washers',(#13246));
#13239=PRODUCT_RELATED_PRODUCT_CATEGORY('RIGHT V2 handed finger',
'RIGHT V2 handed finger',(#13247));
#13240=PRODUCT_RELATED_PRODUCT_CATEGORY(
'REFERENCE hardware RIGHT - M3x30, nominal 7x0.5 washers',
'REFERENCE hardware RIGHT - M3x30, nominal 7x0.5 washers',(#13248));
#13241=APPLICATION_PROTOCOL_DEFINITION('international standard',
'automotive_design',2009,#13242);
#13242=APPLICATION_CONTEXT(
'Core Data for Automotive Mechanical Design Process');
#13243=PRODUCT_CONTEXT('part definition',#13242,'mechanical');
#13244=PRODUCT('2026-09-04-15-12-13-781','(Unsaved)',$,(#13243));
#13245=PRODUCT('2026-09-04-15-12-27-275','LEFT V2 handed finger',$,(#13243));
#13246=PRODUCT('2026-09-04-15-12-34-345',
'REFERENCE hardware LEFT - M3x30, nominal 7x0.5 washers',$,(#13243));
#13247=PRODUCT('2026-09-04-15-12-29-355','RIGHT V2 handed finger',$,(#13243));
#13248=PRODUCT('2026-09-04-15-12-35-918',
'REFERENCE hardware RIGHT - M3x30, nominal 7x0.5 washers',$,(#13243));
#13249=PRESENTATION_STYLE_ASSIGNMENT((#13252));
#13250=PRESENTATION_STYLE_ASSIGNMENT((#13253));
#13251=PRESENTATION_STYLE_ASSIGNMENT((#13254));
#13252=SURFACE_STYLE_USAGE(.BOTH.,#13255);
#13253=SURFACE_STYLE_USAGE(.BOTH.,#13256);
#13254=SURFACE_STYLE_USAGE(.BOTH.,#13257);
#13255=SURFACE_SIDE_STYLE('',(#13258));
#13256=SURFACE_SIDE_STYLE('',(#13259));
#13257=SURFACE_SIDE_STYLE('',(#13260));
#13258=SURFACE_STYLE_FILL_AREA(#13261);
#13259=SURFACE_STYLE_FILL_AREA(#13262);
#13260=SURFACE_STYLE_FILL_AREA(#13263);
#13261=FILL_AREA_STYLE('Steel - Satin',(#13264));
#13262=FILL_AREA_STYLE('Printed PETG - Light Gray',(#13265));
#13263=FILL_AREA_STYLE('Printed TPU 95A - Pale Green',(#13266));
#13264=FILL_AREA_STYLE_COLOUR('Steel - Satin',#13267);
#13265=FILL_AREA_STYLE_COLOUR('Printed PETG - Light Gray',#13268);
#13266=FILL_AREA_STYLE_COLOUR('Printed TPU 95A - Pale Green',#13269);
#13267=COLOUR_RGB('Steel - Satin',0.627450980392157,0.627450980392157,0.627450980392157);
#13268=COLOUR_RGB('Printed PETG - Light Gray',0.701960784313725,0.701960784313725,
0.701960784313725);
#13269=COLOUR_RGB('Printed TPU 95A - Pale Green',0.266666666666667,0.588235294117647,
0.282352941176471);
ENDSEC;
END-ISO-10303-21;
