ISO-10303-21;
HEADER;
/* Generated by software containing ST-Developer
 * from STEP Tools, Inc. (www.steptools.com) 
 */

FILE_DESCRIPTION(
/* description */ (''),
/* implementation_level */ '2;1');

FILE_NAME(
/* name */ 'Skild_Inspired_2F85_Handed.step',
/* time_stamp */ '2026-08-28T16:47:48-05:00',
/* author */ (''),
/* organization */ (''),
/* preprocessor_version */ 'ST-DEVELOPER v20.1',
/* originating_system */ 'Autodesk Translation Framework v15.8.0.0',
/* authorisation */ '');

FILE_SCHEMA (('AUTOMOTIVE_DESIGN { 1 0 10303 214 3 1 1 }'));
ENDSEC;

DATA;
#10=MECHANICAL_DESIGN_GEOMETRIC_PRESENTATION_REPRESENTATION('',(#23,#24,
#25,#26),#9233);
#11=ITEM_DEFINED_TRANSFORMATION($,$,#5807,#6163);
#12=ITEM_DEFINED_TRANSFORMATION($,$,#5985,#6164);
#13=(
REPRESENTATION_RELATIONSHIP($,$,#9247,#9246)
REPRESENTATION_RELATIONSHIP_WITH_TRANSFORMATION(#11)
SHAPE_REPRESENTATION_RELATIONSHIP()
);
#14=(
REPRESENTATION_RELATIONSHIP($,$,#9248,#9246)
REPRESENTATION_RELATIONSHIP_WITH_TRANSFORMATION(#12)
SHAPE_REPRESENTATION_RELATIONSHIP()
);
#15=CONTEXT_DEPENDENT_SHAPE_REPRESENTATION(#13,#9244);
#16=CONTEXT_DEPENDENT_SHAPE_REPRESENTATION(#14,#9245);
#17=NEXT_ASSEMBLY_USAGE_OCCURRENCE('LEFT handed finger:1',
'LEFT handed finger:1','LEFT handed finger:1',#9250,#9251,
'LEFT handed finger:1');
#18=NEXT_ASSEMBLY_USAGE_OCCURRENCE('RIGHT handed finger:1',
'RIGHT handed finger:1','RIGHT handed finger:1',#9250,#9252,
'RIGHT handed finger:1');
#19=SHAPE_REPRESENTATION_RELATIONSHIP('SRR','None',#9247,#21);
#20=SHAPE_REPRESENTATION_RELATIONSHIP('SRR','None',#9248,#22);
#21=ADVANCED_BREP_SHAPE_REPRESENTATION('',(#27,#28),#9231);
#22=ADVANCED_BREP_SHAPE_REPRESENTATION('',(#29,#30),#9232);
#23=STYLED_ITEM('',(#9266),#27);
#24=STYLED_ITEM('',(#9267),#28);
#25=STYLED_ITEM('',(#9266),#29);
#26=STYLED_ITEM('',(#9267),#30);
#27=MANIFOLD_SOLID_BREP('PETG Adapter LEFT',#5779);
#28=MANIFOLD_SOLID_BREP('TPU 95A Finger LEFT',#5780);
#29=MANIFOLD_SOLID_BREP('PETG Adapter RIGHT',#5781);
#30=MANIFOLD_SOLID_BREP('TPU 95A Finger RIGHT',#5782);
#31=CYLINDRICAL_SURFACE('',#5832,3.25);
#32=CYLINDRICAL_SURFACE('',#5837,3.25);
#33=CYLINDRICAL_SURFACE('',#5842,3.25);
#34=CYLINDRICAL_SURFACE('',#5847,1.8);
#35=CYLINDRICAL_SURFACE('',#5849,1.8);
#36=CYLINDRICAL_SURFACE('',#5851,1.8);
#37=CYLINDRICAL_SURFACE('',#5853,1.8);
#38=CYLINDRICAL_SURFACE('',#5855,1.8);
#39=CYLINDRICAL_SURFACE('',#5857,1.8);
#40=CYLINDRICAL_SURFACE('',#5859,4.6);
#41=CYLINDRICAL_SURFACE('',#5864,1.);
#42=CYLINDRICAL_SURFACE('',#5868,1.);
#43=CYLINDRICAL_SURFACE('',#5872,2.65);
#44=CYLINDRICAL_SURFACE('',#5886,2.);
#45=CYLINDRICAL_SURFACE('',#5889,2.);
#46=CYLINDRICAL_SURFACE('',#5892,2.);
#47=CYLINDRICAL_SURFACE('',#6010,3.25);
#48=CYLINDRICAL_SURFACE('',#6015,3.25);
#49=CYLINDRICAL_SURFACE('',#6020,3.25);
#50=CYLINDRICAL_SURFACE('',#6025,1.8);
#51=CYLINDRICAL_SURFACE('',#6027,1.8);
#52=CYLINDRICAL_SURFACE('',#6029,1.8);
#53=CYLINDRICAL_SURFACE('',#6031,1.8);
#54=CYLINDRICAL_SURFACE('',#6033,1.8);
#55=CYLINDRICAL_SURFACE('',#6035,1.8);
#56=CYLINDRICAL_SURFACE('',#6037,4.6);
#57=CYLINDRICAL_SURFACE('',#6042,1.);
#58=CYLINDRICAL_SURFACE('',#6046,1.);
#59=CYLINDRICAL_SURFACE('',#6050,2.65);
#60=CYLINDRICAL_SURFACE('',#6064,2.);
#61=CYLINDRICAL_SURFACE('',#6067,2.);
#62=CYLINDRICAL_SURFACE('',#6070,2.);
#63=FACE_BOUND('',#506,.T.);
#64=FACE_BOUND('',#514,.T.);
#65=FACE_BOUND('',#522,.T.);
#66=FACE_BOUND('',#525,.T.);
#67=FACE_BOUND('',#528,.T.);
#68=FACE_BOUND('',#531,.T.);
#69=FACE_BOUND('',#540,.T.);
#70=FACE_BOUND('',#547,.T.);
#71=FACE_BOUND('',#548,.T.);
#72=FACE_BOUND('',#549,.T.);
#73=FACE_BOUND('',#551,.T.);
#74=FACE_BOUND('',#553,.T.);
#75=FACE_BOUND('',#554,.T.);
#76=FACE_BOUND('',#555,.T.);
#77=FACE_BOUND('',#560,.T.);
#78=FACE_BOUND('',#561,.T.);
#79=FACE_BOUND('',#562,.T.);
#80=FACE_BOUND('',#564,.T.);
#81=FACE_BOUND('',#565,.T.);
#82=FACE_BOUND('',#566,.T.);
#83=FACE_BOUND('',#571,.T.);
#84=FACE_BOUND('',#572,.T.);
#85=FACE_BOUND('',#573,.T.);
#86=FACE_BOUND('',#621,.T.);
#87=FACE_BOUND('',#622,.T.);
#88=FACE_BOUND('',#623,.T.);
#89=FACE_BOUND('',#624,.T.);
#90=FACE_BOUND('',#625,.T.);
#91=FACE_BOUND('',#626,.T.);
#92=FACE_BOUND('',#627,.T.);
#93=FACE_BOUND('',#628,.T.);
#94=FACE_BOUND('',#629,.T.);
#95=FACE_BOUND('',#676,.T.);
#96=FACE_BOUND('',#677,.T.);
#97=FACE_BOUND('',#678,.T.);
#98=FACE_BOUND('',#679,.T.);
#99=FACE_BOUND('',#680,.T.);
#100=FACE_BOUND('',#681,.T.);
#101=FACE_BOUND('',#682,.T.);
#102=FACE_BOUND('',#683,.T.);
#103=FACE_BOUND('',#684,.T.);
#104=FACE_BOUND('',#692,.T.);
#105=FACE_BOUND('',#700,.T.);
#106=FACE_BOUND('',#708,.T.);
#107=FACE_BOUND('',#711,.T.);
#108=FACE_BOUND('',#714,.T.);
#109=FACE_BOUND('',#717,.T.);
#110=FACE_BOUND('',#726,.T.);
#111=FACE_BOUND('',#733,.T.);
#112=FACE_BOUND('',#734,.T.);
#113=FACE_BOUND('',#735,.T.);
#114=FACE_BOUND('',#737,.T.);
#115=FACE_BOUND('',#739,.T.);
#116=FACE_BOUND('',#740,.T.);
#117=FACE_BOUND('',#741,.T.);
#118=FACE_BOUND('',#746,.T.);
#119=FACE_BOUND('',#747,.T.);
#120=FACE_BOUND('',#748,.T.);
#121=FACE_BOUND('',#750,.T.);
#122=FACE_BOUND('',#751,.T.);
#123=FACE_BOUND('',#752,.T.);
#124=FACE_BOUND('',#757,.T.);
#125=FACE_BOUND('',#758,.T.);
#126=FACE_BOUND('',#759,.T.);
#127=FACE_BOUND('',#807,.T.);
#128=FACE_BOUND('',#808,.T.);
#129=FACE_BOUND('',#809,.T.);
#130=FACE_BOUND('',#810,.T.);
#131=FACE_BOUND('',#811,.T.);
#132=FACE_BOUND('',#812,.T.);
#133=FACE_BOUND('',#813,.T.);
#134=FACE_BOUND('',#814,.T.);
#135=FACE_BOUND('',#815,.T.);
#136=FACE_BOUND('',#862,.T.);
#137=FACE_BOUND('',#863,.T.);
#138=FACE_BOUND('',#864,.T.);
#139=FACE_BOUND('',#865,.T.);
#140=FACE_BOUND('',#866,.T.);
#141=FACE_BOUND('',#867,.T.);
#142=FACE_BOUND('',#868,.T.);
#143=FACE_BOUND('',#869,.T.);
#144=FACE_BOUND('',#870,.T.);
#145=CIRCLE('',#5815,1.8);
#146=CIRCLE('',#5823,1.8);
#147=CIRCLE('',#5831,1.8);
#148=CIRCLE('',#5833,3.25);
#149=CIRCLE('',#5834,3.25);
#150=CIRCLE('',#5836,1.8);
#151=CIRCLE('',#5838,3.25);
#152=CIRCLE('',#5839,3.25);
#153=CIRCLE('',#5841,1.8);
#154=CIRCLE('',#5843,3.25);
#155=CIRCLE('',#5844,3.25);
#156=CIRCLE('',#5846,1.8);
#157=CIRCLE('',#5848,1.8);
#158=CIRCLE('',#5850,1.8);
#159=CIRCLE('',#5852,1.8);
#160=CIRCLE('',#5854,1.8);
#161=CIRCLE('',#5856,1.8);
#162=CIRCLE('',#5858,1.8);
#163=CIRCLE('',#5860,4.6);
#164=CIRCLE('',#5861,4.6);
#165=CIRCLE('',#5863,2.65);
#166=CIRCLE('',#5865,1.);
#167=CIRCLE('',#5866,1.);
#168=CIRCLE('',#5869,1.);
#169=CIRCLE('',#5870,1.);
#170=CIRCLE('',#5873,2.65);
#171=CIRCLE('',#5887,2.);
#172=CIRCLE('',#5888,2.);
#173=CIRCLE('',#5890,2.);
#174=CIRCLE('',#5891,2.);
#175=CIRCLE('',#5893,2.);
#176=CIRCLE('',#5894,2.);
#177=CIRCLE('',#5993,1.8);
#178=CIRCLE('',#6001,1.8);
#179=CIRCLE('',#6009,1.8);
#180=CIRCLE('',#6011,3.25);
#181=CIRCLE('',#6012,3.25);
#182=CIRCLE('',#6014,1.8);
#183=CIRCLE('',#6016,3.25);
#184=CIRCLE('',#6017,3.25);
#185=CIRCLE('',#6019,1.8);
#186=CIRCLE('',#6021,3.25);
#187=CIRCLE('',#6022,3.25);
#188=CIRCLE('',#6024,1.8);
#189=CIRCLE('',#6026,1.8);
#190=CIRCLE('',#6028,1.8);
#191=CIRCLE('',#6030,1.8);
#192=CIRCLE('',#6032,1.8);
#193=CIRCLE('',#6034,1.8);
#194=CIRCLE('',#6036,1.8);
#195=CIRCLE('',#6038,4.6);
#196=CIRCLE('',#6039,4.6);
#197=CIRCLE('',#6041,2.65);
#198=CIRCLE('',#6043,1.);
#199=CIRCLE('',#6044,1.);
#200=CIRCLE('',#6047,1.);
#201=CIRCLE('',#6048,1.);
#202=CIRCLE('',#6051,2.65);
#203=CIRCLE('',#6065,2.);
#204=CIRCLE('',#6066,2.);
#205=CIRCLE('',#6068,2.);
#206=CIRCLE('',#6069,2.);
#207=CIRCLE('',#6071,2.);
#208=CIRCLE('',#6072,2.);
#209=FACE_OUTER_BOUND('',#499,.T.);
#210=FACE_OUTER_BOUND('',#500,.T.);
#211=FACE_OUTER_BOUND('',#501,.T.);
#212=FACE_OUTER_BOUND('',#502,.T.);
#213=FACE_OUTER_BOUND('',#503,.T.);
#214=FACE_OUTER_BOUND('',#504,.T.);
#215=FACE_OUTER_BOUND('',#505,.T.);
#216=FACE_OUTER_BOUND('',#507,.T.);
#217=FACE_OUTER_BOUND('',#508,.T.);
#218=FACE_OUTER_BOUND('',#509,.T.);
#219=FACE_OUTER_BOUND('',#510,.T.);
#220=FACE_OUTER_BOUND('',#511,.T.);
#221=FACE_OUTER_BOUND('',#512,.T.);
#222=FACE_OUTER_BOUND('',#513,.T.);
#223=FACE_OUTER_BOUND('',#515,.T.);
#224=FACE_OUTER_BOUND('',#516,.T.);
#225=FACE_OUTER_BOUND('',#517,.T.);
#226=FACE_OUTER_BOUND('',#518,.T.);
#227=FACE_OUTER_BOUND('',#519,.T.);
#228=FACE_OUTER_BOUND('',#520,.T.);
#229=FACE_OUTER_BOUND('',#521,.T.);
#230=FACE_OUTER_BOUND('',#523,.T.);
#231=FACE_OUTER_BOUND('',#524,.T.);
#232=FACE_OUTER_BOUND('',#526,.T.);
#233=FACE_OUTER_BOUND('',#527,.T.);
#234=FACE_OUTER_BOUND('',#529,.T.);
#235=FACE_OUTER_BOUND('',#530,.T.);
#236=FACE_OUTER_BOUND('',#532,.T.);
#237=FACE_OUTER_BOUND('',#533,.T.);
#238=FACE_OUTER_BOUND('',#534,.T.);
#239=FACE_OUTER_BOUND('',#535,.T.);
#240=FACE_OUTER_BOUND('',#536,.T.);
#241=FACE_OUTER_BOUND('',#537,.T.);
#242=FACE_OUTER_BOUND('',#538,.T.);
#243=FACE_OUTER_BOUND('',#539,.T.);
#244=FACE_OUTER_BOUND('',#541,.T.);
#245=FACE_OUTER_BOUND('',#542,.T.);
#246=FACE_OUTER_BOUND('',#543,.T.);
#247=FACE_OUTER_BOUND('',#544,.T.);
#248=FACE_OUTER_BOUND('',#545,.T.);
#249=FACE_OUTER_BOUND('',#546,.T.);
#250=FACE_OUTER_BOUND('',#550,.T.);
#251=FACE_OUTER_BOUND('',#552,.T.);
#252=FACE_OUTER_BOUND('',#556,.T.);
#253=FACE_OUTER_BOUND('',#557,.T.);
#254=FACE_OUTER_BOUND('',#558,.T.);
#255=FACE_OUTER_BOUND('',#559,.T.);
#256=FACE_OUTER_BOUND('',#563,.T.);
#257=FACE_OUTER_BOUND('',#567,.T.);
#258=FACE_OUTER_BOUND('',#568,.T.);
#259=FACE_OUTER_BOUND('',#569,.T.);
#260=FACE_OUTER_BOUND('',#570,.T.);
#261=FACE_OUTER_BOUND('',#574,.T.);
#262=FACE_OUTER_BOUND('',#575,.T.);
#263=FACE_OUTER_BOUND('',#576,.T.);
#264=FACE_OUTER_BOUND('',#577,.T.);
#265=FACE_OUTER_BOUND('',#578,.T.);
#266=FACE_OUTER_BOUND('',#579,.T.);
#267=FACE_OUTER_BOUND('',#580,.T.);
#268=FACE_OUTER_BOUND('',#581,.T.);
#269=FACE_OUTER_BOUND('',#582,.T.);
#270=FACE_OUTER_BOUND('',#583,.T.);
#271=FACE_OUTER_BOUND('',#584,.T.);
#272=FACE_OUTER_BOUND('',#585,.T.);
#273=FACE_OUTER_BOUND('',#586,.T.);
#274=FACE_OUTER_BOUND('',#587,.T.);
#275=FACE_OUTER_BOUND('',#588,.T.);
#276=FACE_OUTER_BOUND('',#589,.T.);
#277=FACE_OUTER_BOUND('',#590,.T.);
#278=FACE_OUTER_BOUND('',#591,.T.);
#279=FACE_OUTER_BOUND('',#592,.T.);
#280=FACE_OUTER_BOUND('',#593,.T.);
#281=FACE_OUTER_BOUND('',#594,.T.);
#282=FACE_OUTER_BOUND('',#595,.T.);
#283=FACE_OUTER_BOUND('',#596,.T.);
#284=FACE_OUTER_BOUND('',#597,.T.);
#285=FACE_OUTER_BOUND('',#598,.T.);
#286=FACE_OUTER_BOUND('',#599,.T.);
#287=FACE_OUTER_BOUND('',#600,.T.);
#288=FACE_OUTER_BOUND('',#601,.T.);
#289=FACE_OUTER_BOUND('',#602,.T.);
#290=FACE_OUTER_BOUND('',#603,.T.);
#291=FACE_OUTER_BOUND('',#604,.T.);
#292=FACE_OUTER_BOUND('',#605,.T.);
#293=FACE_OUTER_BOUND('',#606,.T.);
#294=FACE_OUTER_BOUND('',#607,.T.);
#295=FACE_OUTER_BOUND('',#608,.T.);
#296=FACE_OUTER_BOUND('',#609,.T.);
#297=FACE_OUTER_BOUND('',#610,.T.);
#298=FACE_OUTER_BOUND('',#611,.T.);
#299=FACE_OUTER_BOUND('',#612,.T.);
#300=FACE_OUTER_BOUND('',#613,.T.);
#301=FACE_OUTER_BOUND('',#614,.T.);
#302=FACE_OUTER_BOUND('',#615,.T.);
#303=FACE_OUTER_BOUND('',#616,.T.);
#304=FACE_OUTER_BOUND('',#617,.T.);
#305=FACE_OUTER_BOUND('',#618,.T.);
#306=FACE_OUTER_BOUND('',#619,.T.);
#307=FACE_OUTER_BOUND('',#620,.T.);
#308=FACE_OUTER_BOUND('',#630,.T.);
#309=FACE_OUTER_BOUND('',#631,.T.);
#310=FACE_OUTER_BOUND('',#632,.T.);
#311=FACE_OUTER_BOUND('',#633,.T.);
#312=FACE_OUTER_BOUND('',#634,.T.);
#313=FACE_OUTER_BOUND('',#635,.T.);
#314=FACE_OUTER_BOUND('',#636,.T.);
#315=FACE_OUTER_BOUND('',#637,.T.);
#316=FACE_OUTER_BOUND('',#638,.T.);
#317=FACE_OUTER_BOUND('',#639,.T.);
#318=FACE_OUTER_BOUND('',#640,.T.);
#319=FACE_OUTER_BOUND('',#641,.T.);
#320=FACE_OUTER_BOUND('',#642,.T.);
#321=FACE_OUTER_BOUND('',#643,.T.);
#322=FACE_OUTER_BOUND('',#644,.T.);
#323=FACE_OUTER_BOUND('',#645,.T.);
#324=FACE_OUTER_BOUND('',#646,.T.);
#325=FACE_OUTER_BOUND('',#647,.T.);
#326=FACE_OUTER_BOUND('',#648,.T.);
#327=FACE_OUTER_BOUND('',#649,.T.);
#328=FACE_OUTER_BOUND('',#650,.T.);
#329=FACE_OUTER_BOUND('',#651,.T.);
#330=FACE_OUTER_BOUND('',#652,.T.);
#331=FACE_OUTER_BOUND('',#653,.T.);
#332=FACE_OUTER_BOUND('',#654,.T.);
#333=FACE_OUTER_BOUND('',#655,.T.);
#334=FACE_OUTER_BOUND('',#656,.T.);
#335=FACE_OUTER_BOUND('',#657,.T.);
#336=FACE_OUTER_BOUND('',#658,.T.);
#337=FACE_OUTER_BOUND('',#659,.T.);
#338=FACE_OUTER_BOUND('',#660,.T.);
#339=FACE_OUTER_BOUND('',#661,.T.);
#340=FACE_OUTER_BOUND('',#662,.T.);
#341=FACE_OUTER_BOUND('',#663,.T.);
#342=FACE_OUTER_BOUND('',#664,.T.);
#343=FACE_OUTER_BOUND('',#665,.T.);
#344=FACE_OUTER_BOUND('',#666,.T.);
#345=FACE_OUTER_BOUND('',#667,.T.);
#346=FACE_OUTER_BOUND('',#668,.T.);
#347=FACE_OUTER_BOUND('',#669,.T.);
#348=FACE_OUTER_BOUND('',#670,.T.);
#349=FACE_OUTER_BOUND('',#671,.T.);
#350=FACE_OUTER_BOUND('',#672,.T.);
#351=FACE_OUTER_BOUND('',#673,.T.);
#352=FACE_OUTER_BOUND('',#674,.T.);
#353=FACE_OUTER_BOUND('',#675,.T.);
#354=FACE_OUTER_BOUND('',#685,.T.);
#355=FACE_OUTER_BOUND('',#686,.T.);
#356=FACE_OUTER_BOUND('',#687,.T.);
#357=FACE_OUTER_BOUND('',#688,.T.);
#358=FACE_OUTER_BOUND('',#689,.T.);
#359=FACE_OUTER_BOUND('',#690,.T.);
#360=FACE_OUTER_BOUND('',#691,.T.);
#361=FACE_OUTER_BOUND('',#693,.T.);
#362=FACE_OUTER_BOUND('',#694,.T.);
#363=FACE_OUTER_BOUND('',#695,.T.);
#364=FACE_OUTER_BOUND('',#696,.T.);
#365=FACE_OUTER_BOUND('',#697,.T.);
#366=FACE_OUTER_BOUND('',#698,.T.);
#367=FACE_OUTER_BOUND('',#699,.T.);
#368=FACE_OUTER_BOUND('',#701,.T.);
#369=FACE_OUTER_BOUND('',#702,.T.);
#370=FACE_OUTER_BOUND('',#703,.T.);
#371=FACE_OUTER_BOUND('',#704,.T.);
#372=FACE_OUTER_BOUND('',#705,.T.);
#373=FACE_OUTER_BOUND('',#706,.T.);
#374=FACE_OUTER_BOUND('',#707,.T.);
#375=FACE_OUTER_BOUND('',#709,.T.);
#376=FACE_OUTER_BOUND('',#710,.T.);
#377=FACE_OUTER_BOUND('',#712,.T.);
#378=FACE_OUTER_BOUND('',#713,.T.);
#379=FACE_OUTER_BOUND('',#715,.T.);
#380=FACE_OUTER_BOUND('',#716,.T.);
#381=FACE_OUTER_BOUND('',#718,.T.);
#382=FACE_OUTER_BOUND('',#719,.T.);
#383=FACE_OUTER_BOUND('',#720,.T.);
#384=FACE_OUTER_BOUND('',#721,.T.);
#385=FACE_OUTER_BOUND('',#722,.T.);
#386=FACE_OUTER_BOUND('',#723,.T.);
#387=FACE_OUTER_BOUND('',#724,.T.);
#388=FACE_OUTER_BOUND('',#725,.T.);
#389=FACE_OUTER_BOUND('',#727,.T.);
#390=FACE_OUTER_BOUND('',#728,.T.);
#391=FACE_OUTER_BOUND('',#729,.T.);
#392=FACE_OUTER_BOUND('',#730,.T.);
#393=FACE_OUTER_BOUND('',#731,.T.);
#394=FACE_OUTER_BOUND('',#732,.T.);
#395=FACE_OUTER_BOUND('',#736,.T.);
#396=FACE_OUTER_BOUND('',#738,.T.);
#397=FACE_OUTER_BOUND('',#742,.T.);
#398=FACE_OUTER_BOUND('',#743,.T.);
#399=FACE_OUTER_BOUND('',#744,.T.);
#400=FACE_OUTER_BOUND('',#745,.T.);
#401=FACE_OUTER_BOUND('',#749,.T.);
#402=FACE_OUTER_BOUND('',#753,.T.);
#403=FACE_OUTER_BOUND('',#754,.T.);
#404=FACE_OUTER_BOUND('',#755,.T.);
#405=FACE_OUTER_BOUND('',#756,.T.);
#406=FACE_OUTER_BOUND('',#760,.T.);
#407=FACE_OUTER_BOUND('',#761,.T.);
#408=FACE_OUTER_BOUND('',#762,.T.);
#409=FACE_OUTER_BOUND('',#763,.T.);
#410=FACE_OUTER_BOUND('',#764,.T.);
#411=FACE_OUTER_BOUND('',#765,.T.);
#412=FACE_OUTER_BOUND('',#766,.T.);
#413=FACE_OUTER_BOUND('',#767,.T.);
#414=FACE_OUTER_BOUND('',#768,.T.);
#415=FACE_OUTER_BOUND('',#769,.T.);
#416=FACE_OUTER_BOUND('',#770,.T.);
#417=FACE_OUTER_BOUND('',#771,.T.);
#418=FACE_OUTER_BOUND('',#772,.T.);
#419=FACE_OUTER_BOUND('',#773,.T.);
#420=FACE_OUTER_BOUND('',#774,.T.);
#421=FACE_OUTER_BOUND('',#775,.T.);
#422=FACE_OUTER_BOUND('',#776,.T.);
#423=FACE_OUTER_BOUND('',#777,.T.);
#424=FACE_OUTER_BOUND('',#778,.T.);
#425=FACE_OUTER_BOUND('',#779,.T.);
#426=FACE_OUTER_BOUND('',#780,.T.);
#427=FACE_OUTER_BOUND('',#781,.T.);
#428=FACE_OUTER_BOUND('',#782,.T.);
#429=FACE_OUTER_BOUND('',#783,.T.);
#430=FACE_OUTER_BOUND('',#784,.T.);
#431=FACE_OUTER_BOUND('',#785,.T.);
#432=FACE_OUTER_BOUND('',#786,.T.);
#433=FACE_OUTER_BOUND('',#787,.T.);
#434=FACE_OUTER_BOUND('',#788,.T.);
#435=FACE_OUTER_BOUND('',#789,.T.);
#436=FACE_OUTER_BOUND('',#790,.T.);
#437=FACE_OUTER_BOUND('',#791,.T.);
#438=FACE_OUTER_BOUND('',#792,.T.);
#439=FACE_OUTER_BOUND('',#793,.T.);
#440=FACE_OUTER_BOUND('',#794,.T.);
#441=FACE_OUTER_BOUND('',#795,.T.);
#442=FACE_OUTER_BOUND('',#796,.T.);
#443=FACE_OUTER_BOUND('',#797,.T.);
#444=FACE_OUTER_BOUND('',#798,.T.);
#445=FACE_OUTER_BOUND('',#799,.T.);
#446=FACE_OUTER_BOUND('',#800,.T.);
#447=FACE_OUTER_BOUND('',#801,.T.);
#448=FACE_OUTER_BOUND('',#802,.T.);
#449=FACE_OUTER_BOUND('',#803,.T.);
#450=FACE_OUTER_BOUND('',#804,.T.);
#451=FACE_OUTER_BOUND('',#805,.T.);
#452=FACE_OUTER_BOUND('',#806,.T.);
#453=FACE_OUTER_BOUND('',#816,.T.);
#454=FACE_OUTER_BOUND('',#817,.T.);
#455=FACE_OUTER_BOUND('',#818,.T.);
#456=FACE_OUTER_BOUND('',#819,.T.);
#457=FACE_OUTER_BOUND('',#820,.T.);
#458=FACE_OUTER_BOUND('',#821,.T.);
#459=FACE_OUTER_BOUND('',#822,.T.);
#460=FACE_OUTER_BOUND('',#823,.T.);
#461=FACE_OUTER_BOUND('',#824,.T.);
#462=FACE_OUTER_BOUND('',#825,.T.);
#463=FACE_OUTER_BOUND('',#826,.T.);
#464=FACE_OUTER_BOUND('',#827,.T.);
#465=FACE_OUTER_BOUND('',#828,.T.);
#466=FACE_OUTER_BOUND('',#829,.T.);
#467=FACE_OUTER_BOUND('',#830,.T.);
#468=FACE_OUTER_BOUND('',#831,.T.);
#469=FACE_OUTER_BOUND('',#832,.T.);
#470=FACE_OUTER_BOUND('',#833,.T.);
#471=FACE_OUTER_BOUND('',#834,.T.);
#472=FACE_OUTER_BOUND('',#835,.T.);
#473=FACE_OUTER_BOUND('',#836,.T.);
#474=FACE_OUTER_BOUND('',#837,.T.);
#475=FACE_OUTER_BOUND('',#838,.T.);
#476=FACE_OUTER_BOUND('',#839,.T.);
#477=FACE_OUTER_BOUND('',#840,.T.);
#478=FACE_OUTER_BOUND('',#841,.T.);
#479=FACE_OUTER_BOUND('',#842,.T.);
#480=FACE_OUTER_BOUND('',#843,.T.);
#481=FACE_OUTER_BOUND('',#844,.T.);
#482=FACE_OUTER_BOUND('',#845,.T.);
#483=FACE_OUTER_BOUND('',#846,.T.);
#484=FACE_OUTER_BOUND('',#847,.T.);
#485=FACE_OUTER_BOUND('',#848,.T.);
#486=FACE_OUTER_BOUND('',#849,.T.);
#487=FACE_OUTER_BOUND('',#850,.T.);
#488=FACE_OUTER_BOUND('',#851,.T.);
#489=FACE_OUTER_BOUND('',#852,.T.);
#490=FACE_OUTER_BOUND('',#853,.T.);
#491=FACE_OUTER_BOUND('',#854,.T.);
#492=FACE_OUTER_BOUND('',#855,.T.);
#493=FACE_OUTER_BOUND('',#856,.T.);
#494=FACE_OUTER_BOUND('',#857,.T.);
#495=FACE_OUTER_BOUND('',#858,.T.);
#496=FACE_OUTER_BOUND('',#859,.T.);
#497=FACE_OUTER_BOUND('',#860,.T.);
#498=FACE_OUTER_BOUND('',#861,.T.);
#499=EDGE_LOOP('',(#3647,#3648,#3649,#3650));
#500=EDGE_LOOP('',(#3651,#3652,#3653,#3654));
#501=EDGE_LOOP('',(#3655,#3656,#3657,#3658));
#502=EDGE_LOOP('',(#3659,#3660,#3661,#3662));
#503=EDGE_LOOP('',(#3663,#3664,#3665,#3666));
#504=EDGE_LOOP('',(#3667,#3668,#3669,#3670));
#505=EDGE_LOOP('',(#3671,#3672,#3673,#3674,#3675,#3676));
#506=EDGE_LOOP('',(#3677));
#507=EDGE_LOOP('',(#3678,#3679,#3680,#3681));
#508=EDGE_LOOP('',(#3682,#3683,#3684,#3685));
#509=EDGE_LOOP('',(#3686,#3687,#3688,#3689));
#510=EDGE_LOOP('',(#3690,#3691,#3692,#3693));
#511=EDGE_LOOP('',(#3694,#3695,#3696,#3697));
#512=EDGE_LOOP('',(#3698,#3699,#3700,#3701));
#513=EDGE_LOOP('',(#3702,#3703,#3704,#3705,#3706,#3707));
#514=EDGE_LOOP('',(#3708));
#515=EDGE_LOOP('',(#3709,#3710,#3711,#3712));
#516=EDGE_LOOP('',(#3713,#3714,#3715,#3716));
#517=EDGE_LOOP('',(#3717,#3718,#3719,#3720));
#518=EDGE_LOOP('',(#3721,#3722,#3723,#3724));
#519=EDGE_LOOP('',(#3725,#3726,#3727,#3728));
#520=EDGE_LOOP('',(#3729,#3730,#3731,#3732));
#521=EDGE_LOOP('',(#3733,#3734,#3735,#3736,#3737,#3738));
#522=EDGE_LOOP('',(#3739));
#523=EDGE_LOOP('',(#3740,#3741,#3742,#3743));
#524=EDGE_LOOP('',(#3744));
#525=EDGE_LOOP('',(#3745));
#526=EDGE_LOOP('',(#3746,#3747,#3748,#3749));
#527=EDGE_LOOP('',(#3750));
#528=EDGE_LOOP('',(#3751));
#529=EDGE_LOOP('',(#3752,#3753,#3754,#3755));
#530=EDGE_LOOP('',(#3756));
#531=EDGE_LOOP('',(#3757));
#532=EDGE_LOOP('',(#3758,#3759,#3760,#3761));
#533=EDGE_LOOP('',(#3762,#3763,#3764,#3765));
#534=EDGE_LOOP('',(#3766,#3767,#3768,#3769));
#535=EDGE_LOOP('',(#3770,#3771,#3772,#3773));
#536=EDGE_LOOP('',(#3774,#3775,#3776,#3777));
#537=EDGE_LOOP('',(#3778,#3779,#3780,#3781));
#538=EDGE_LOOP('',(#3782,#3783,#3784,#3785));
#539=EDGE_LOOP('',(#3786));
#540=EDGE_LOOP('',(#3787));
#541=EDGE_LOOP('',(#3788,#3789,#3790,#3791));
#542=EDGE_LOOP('',(#3792));
#543=EDGE_LOOP('',(#3793,#3794,#3795,#3796));
#544=EDGE_LOOP('',(#3797));
#545=EDGE_LOOP('',(#3798,#3799,#3800,#3801));
#546=EDGE_LOOP('',(#3802,#3803,#3804,#3805,#3806));
#547=EDGE_LOOP('',(#3807));
#548=EDGE_LOOP('',(#3808));
#549=EDGE_LOOP('',(#3809));
#550=EDGE_LOOP('',(#3810,#3811,#3812,#3813));
#551=EDGE_LOOP('',(#3814));
#552=EDGE_LOOP('',(#3815,#3816,#3817,#3818,#3819));
#553=EDGE_LOOP('',(#3820));
#554=EDGE_LOOP('',(#3821));
#555=EDGE_LOOP('',(#3822));
#556=EDGE_LOOP('',(#3823,#3824,#3825,#3826,#3827,#3828,#3829,#3830));
#557=EDGE_LOOP('',(#3831,#3832,#3833,#3834));
#558=EDGE_LOOP('',(#3835,#3836,#3837,#3838));
#559=EDGE_LOOP('',(#3839,#3840,#3841,#3842,#3843));
#560=EDGE_LOOP('',(#3844,#3845,#3846,#3847,#3848,#3849));
#561=EDGE_LOOP('',(#3850,#3851,#3852,#3853,#3854,#3855));
#562=EDGE_LOOP('',(#3856,#3857,#3858,#3859,#3860,#3861));
#563=EDGE_LOOP('',(#3862,#3863,#3864,#3865));
#564=EDGE_LOOP('',(#3866));
#565=EDGE_LOOP('',(#3867));
#566=EDGE_LOOP('',(#3868));
#567=EDGE_LOOP('',(#3869,#3870,#3871,#3872,#3873,#3874,#3875,#3876));
#568=EDGE_LOOP('',(#3877,#3878,#3879,#3880));
#569=EDGE_LOOP('',(#3881,#3882,#3883,#3884));
#570=EDGE_LOOP('',(#3885,#3886,#3887,#3888,#3889));
#571=EDGE_LOOP('',(#3890));
#572=EDGE_LOOP('',(#3891));
#573=EDGE_LOOP('',(#3892));
#574=EDGE_LOOP('',(#3893,#3894,#3895,#3896));
#575=EDGE_LOOP('',(#3897,#3898,#3899,#3900));
#576=EDGE_LOOP('',(#3901,#3902,#3903,#3904));
#577=EDGE_LOOP('',(#3905,#3906,#3907,#3908));
#578=EDGE_LOOP('',(#3909,#3910,#3911,#3912));
#579=EDGE_LOOP('',(#3913,#3914,#3915,#3916));
#580=EDGE_LOOP('',(#3917,#3918,#3919,#3920));
#581=EDGE_LOOP('',(#3921,#3922,#3923,#3924));
#582=EDGE_LOOP('',(#3925,#3926,#3927,#3928));
#583=EDGE_LOOP('',(#3929,#3930,#3931,#3932));
#584=EDGE_LOOP('',(#3933,#3934,#3935,#3936));
#585=EDGE_LOOP('',(#3937,#3938,#3939,#3940));
#586=EDGE_LOOP('',(#3941,#3942,#3943,#3944));
#587=EDGE_LOOP('',(#3945,#3946,#3947,#3948));
#588=EDGE_LOOP('',(#3949,#3950,#3951,#3952));
#589=EDGE_LOOP('',(#3953,#3954,#3955,#3956));
#590=EDGE_LOOP('',(#3957,#3958,#3959,#3960));
#591=EDGE_LOOP('',(#3961,#3962,#3963,#3964));
#592=EDGE_LOOP('',(#3965,#3966,#3967,#3968));
#593=EDGE_LOOP('',(#3969,#3970,#3971,#3972));
#594=EDGE_LOOP('',(#3973,#3974,#3975,#3976));
#595=EDGE_LOOP('',(#3977,#3978,#3979,#3980));
#596=EDGE_LOOP('',(#3981,#3982,#3983,#3984));
#597=EDGE_LOOP('',(#3985,#3986,#3987,#3988));
#598=EDGE_LOOP('',(#3989,#3990,#3991,#3992));
#599=EDGE_LOOP('',(#3993,#3994,#3995,#3996));
#600=EDGE_LOOP('',(#3997,#3998,#3999,#4000));
#601=EDGE_LOOP('',(#4001,#4002,#4003,#4004));
#602=EDGE_LOOP('',(#4005,#4006,#4007,#4008));
#603=EDGE_LOOP('',(#4009,#4010,#4011,#4012));
#604=EDGE_LOOP('',(#4013,#4014,#4015,#4016));
#605=EDGE_LOOP('',(#4017,#4018,#4019,#4020));
#606=EDGE_LOOP('',(#4021,#4022,#4023,#4024));
#607=EDGE_LOOP('',(#4025,#4026,#4027,#4028));
#608=EDGE_LOOP('',(#4029,#4030,#4031,#4032));
#609=EDGE_LOOP('',(#4033,#4034,#4035,#4036));
#610=EDGE_LOOP('',(#4037,#4038,#4039,#4040));
#611=EDGE_LOOP('',(#4041,#4042,#4043,#4044));
#612=EDGE_LOOP('',(#4045,#4046,#4047,#4048));
#613=EDGE_LOOP('',(#4049,#4050,#4051,#4052));
#614=EDGE_LOOP('',(#4053,#4054,#4055,#4056));
#615=EDGE_LOOP('',(#4057,#4058,#4059,#4060));
#616=EDGE_LOOP('',(#4061,#4062,#4063,#4064));
#617=EDGE_LOOP('',(#4065,#4066,#4067,#4068));
#618=EDGE_LOOP('',(#4069,#4070,#4071,#4072));
#619=EDGE_LOOP('',(#4073,#4074,#4075,#4076));
#620=EDGE_LOOP('',(#4077,#4078,#4079,#4080,#4081,#4082,#4083,#4084,#4085,
#4086,#4087,#4088,#4089,#4090,#4091,#4092,#4093,#4094,#4095,#4096,#4097,
#4098,#4099,#4100,#4101,#4102,#4103,#4104,#4105,#4106,#4107,#4108,#4109,
#4110,#4111,#4112,#4113,#4114,#4115,#4116,#4117,#4118,#4119,#4120,#4121));
#621=EDGE_LOOP('',(#4122,#4123,#4124,#4125,#4126,#4127));
#622=EDGE_LOOP('',(#4128,#4129,#4130,#4131,#4132,#4133,#4134,#4135));
#623=EDGE_LOOP('',(#4136,#4137,#4138,#4139,#4140,#4141,#4142,#4143));
#624=EDGE_LOOP('',(#4144,#4145,#4146,#4147,#4148,#4149,#4150,#4151));
#625=EDGE_LOOP('',(#4152,#4153,#4154,#4155,#4156,#4157,#4158,#4159));
#626=EDGE_LOOP('',(#4160,#4161,#4162,#4163,#4164));
#627=EDGE_LOOP('',(#4165));
#628=EDGE_LOOP('',(#4166));
#629=EDGE_LOOP('',(#4167));
#630=EDGE_LOOP('',(#4168,#4169,#4170,#4171));
#631=EDGE_LOOP('',(#4172,#4173,#4174,#4175));
#632=EDGE_LOOP('',(#4176,#4177,#4178,#4179));
#633=EDGE_LOOP('',(#4180,#4181,#4182,#4183));
#634=EDGE_LOOP('',(#4184,#4185,#4186,#4187));
#635=EDGE_LOOP('',(#4188,#4189,#4190,#4191));
#636=EDGE_LOOP('',(#4192,#4193,#4194,#4195));
#637=EDGE_LOOP('',(#4196,#4197,#4198,#4199));
#638=EDGE_LOOP('',(#4200,#4201,#4202,#4203));
#639=EDGE_LOOP('',(#4204,#4205,#4206,#4207));
#640=EDGE_LOOP('',(#4208,#4209,#4210,#4211));
#641=EDGE_LOOP('',(#4212,#4213,#4214,#4215));
#642=EDGE_LOOP('',(#4216,#4217,#4218,#4219));
#643=EDGE_LOOP('',(#4220,#4221,#4222,#4223));
#644=EDGE_LOOP('',(#4224,#4225,#4226,#4227));
#645=EDGE_LOOP('',(#4228,#4229,#4230,#4231));
#646=EDGE_LOOP('',(#4232,#4233,#4234,#4235));
#647=EDGE_LOOP('',(#4236,#4237,#4238,#4239));
#648=EDGE_LOOP('',(#4240,#4241,#4242,#4243));
#649=EDGE_LOOP('',(#4244,#4245,#4246,#4247));
#650=EDGE_LOOP('',(#4248,#4249,#4250,#4251));
#651=EDGE_LOOP('',(#4252,#4253,#4254,#4255));
#652=EDGE_LOOP('',(#4256,#4257,#4258,#4259));
#653=EDGE_LOOP('',(#4260,#4261,#4262,#4263));
#654=EDGE_LOOP('',(#4264,#4265,#4266,#4267));
#655=EDGE_LOOP('',(#4268,#4269,#4270,#4271));
#656=EDGE_LOOP('',(#4272,#4273,#4274,#4275));
#657=EDGE_LOOP('',(#4276,#4277,#4278,#4279));
#658=EDGE_LOOP('',(#4280,#4281,#4282,#4283));
#659=EDGE_LOOP('',(#4284,#4285,#4286,#4287));
#660=EDGE_LOOP('',(#4288,#4289,#4290,#4291));
#661=EDGE_LOOP('',(#4292,#4293,#4294,#4295));
#662=EDGE_LOOP('',(#4296,#4297,#4298,#4299));
#663=EDGE_LOOP('',(#4300,#4301,#4302,#4303));
#664=EDGE_LOOP('',(#4304,#4305,#4306,#4307));
#665=EDGE_LOOP('',(#4308,#4309,#4310,#4311));
#666=EDGE_LOOP('',(#4312,#4313,#4314,#4315));
#667=EDGE_LOOP('',(#4316,#4317,#4318,#4319));
#668=EDGE_LOOP('',(#4320,#4321,#4322,#4323));
#669=EDGE_LOOP('',(#4324,#4325,#4326,#4327));
#670=EDGE_LOOP('',(#4328,#4329,#4330,#4331));
#671=EDGE_LOOP('',(#4332,#4333,#4334,#4335));
#672=EDGE_LOOP('',(#4336,#4337,#4338,#4339));
#673=EDGE_LOOP('',(#4340,#4341,#4342,#4343));
#674=EDGE_LOOP('',(#4344,#4345,#4346,#4347));
#675=EDGE_LOOP('',(#4348,#4349,#4350,#4351,#4352,#4353,#4354,#4355,#4356,
#4357,#4358,#4359,#4360,#4361,#4362,#4363,#4364,#4365,#4366,#4367,#4368,
#4369,#4370,#4371,#4372,#4373,#4374,#4375,#4376,#4377,#4378,#4379,#4380,
#4381,#4382,#4383,#4384,#4385,#4386,#4387,#4388,#4389,#4390,#4391,#4392));
#676=EDGE_LOOP('',(#4393,#4394,#4395,#4396,#4397,#4398));
#677=EDGE_LOOP('',(#4399,#4400,#4401,#4402,#4403,#4404,#4405,#4406));
#678=EDGE_LOOP('',(#4407,#4408,#4409,#4410,#4411,#4412,#4413,#4414));
#679=EDGE_LOOP('',(#4415,#4416,#4417,#4418,#4419,#4420,#4421,#4422));
#680=EDGE_LOOP('',(#4423,#4424,#4425,#4426,#4427,#4428,#4429,#4430));
#681=EDGE_LOOP('',(#4431,#4432,#4433,#4434,#4435));
#682=EDGE_LOOP('',(#4436));
#683=EDGE_LOOP('',(#4437));
#684=EDGE_LOOP('',(#4438));
#685=EDGE_LOOP('',(#4439,#4440,#4441,#4442));
#686=EDGE_LOOP('',(#4443,#4444,#4445,#4446));
#687=EDGE_LOOP('',(#4447,#4448,#4449,#4450));
#688=EDGE_LOOP('',(#4451,#4452,#4453,#4454));
#689=EDGE_LOOP('',(#4455,#4456,#4457,#4458));
#690=EDGE_LOOP('',(#4459,#4460,#4461,#4462));
#691=EDGE_LOOP('',(#4463,#4464,#4465,#4466,#4467,#4468));
#692=EDGE_LOOP('',(#4469));
#693=EDGE_LOOP('',(#4470,#4471,#4472,#4473));
#694=EDGE_LOOP('',(#4474,#4475,#4476,#4477));
#695=EDGE_LOOP('',(#4478,#4479,#4480,#4481));
#696=EDGE_LOOP('',(#4482,#4483,#4484,#4485));
#697=EDGE_LOOP('',(#4486,#4487,#4488,#4489));
#698=EDGE_LOOP('',(#4490,#4491,#4492,#4493));
#699=EDGE_LOOP('',(#4494,#4495,#4496,#4497,#4498,#4499));
#700=EDGE_LOOP('',(#4500));
#701=EDGE_LOOP('',(#4501,#4502,#4503,#4504));
#702=EDGE_LOOP('',(#4505,#4506,#4507,#4508));
#703=EDGE_LOOP('',(#4509,#4510,#4511,#4512));
#704=EDGE_LOOP('',(#4513,#4514,#4515,#4516));
#705=EDGE_LOOP('',(#4517,#4518,#4519,#4520));
#706=EDGE_LOOP('',(#4521,#4522,#4523,#4524));
#707=EDGE_LOOP('',(#4525,#4526,#4527,#4528,#4529,#4530));
#708=EDGE_LOOP('',(#4531));
#709=EDGE_LOOP('',(#4532,#4533,#4534,#4535));
#710=EDGE_LOOP('',(#4536));
#711=EDGE_LOOP('',(#4537));
#712=EDGE_LOOP('',(#4538,#4539,#4540,#4541));
#713=EDGE_LOOP('',(#4542));
#714=EDGE_LOOP('',(#4543));
#715=EDGE_LOOP('',(#4544,#4545,#4546,#4547));
#716=EDGE_LOOP('',(#4548));
#717=EDGE_LOOP('',(#4549));
#718=EDGE_LOOP('',(#4550,#4551,#4552,#4553));
#719=EDGE_LOOP('',(#4554,#4555,#4556,#4557));
#720=EDGE_LOOP('',(#4558,#4559,#4560,#4561));
#721=EDGE_LOOP('',(#4562,#4563,#4564,#4565));
#722=EDGE_LOOP('',(#4566,#4567,#4568,#4569));
#723=EDGE_LOOP('',(#4570,#4571,#4572,#4573));
#724=EDGE_LOOP('',(#4574,#4575,#4576,#4577));
#725=EDGE_LOOP('',(#4578));
#726=EDGE_LOOP('',(#4579));
#727=EDGE_LOOP('',(#4580,#4581,#4582,#4583));
#728=EDGE_LOOP('',(#4584));
#729=EDGE_LOOP('',(#4585,#4586,#4587,#4588));
#730=EDGE_LOOP('',(#4589));
#731=EDGE_LOOP('',(#4590,#4591,#4592,#4593));
#732=EDGE_LOOP('',(#4594,#4595,#4596,#4597,#4598));
#733=EDGE_LOOP('',(#4599));
#734=EDGE_LOOP('',(#4600));
#735=EDGE_LOOP('',(#4601));
#736=EDGE_LOOP('',(#4602,#4603,#4604,#4605));
#737=EDGE_LOOP('',(#4606));
#738=EDGE_LOOP('',(#4607,#4608,#4609,#4610,#4611));
#739=EDGE_LOOP('',(#4612));
#740=EDGE_LOOP('',(#4613));
#741=EDGE_LOOP('',(#4614));
#742=EDGE_LOOP('',(#4615,#4616,#4617,#4618,#4619,#4620,#4621,#4622));
#743=EDGE_LOOP('',(#4623,#4624,#4625,#4626));
#744=EDGE_LOOP('',(#4627,#4628,#4629,#4630));
#745=EDGE_LOOP('',(#4631,#4632,#4633,#4634,#4635));
#746=EDGE_LOOP('',(#4636));
#747=EDGE_LOOP('',(#4637));
#748=EDGE_LOOP('',(#4638));
#749=EDGE_LOOP('',(#4639,#4640,#4641,#4642));
#750=EDGE_LOOP('',(#4643));
#751=EDGE_LOOP('',(#4644));
#752=EDGE_LOOP('',(#4645));
#753=EDGE_LOOP('',(#4646,#4647,#4648,#4649,#4650,#4651,#4652,#4653));
#754=EDGE_LOOP('',(#4654,#4655,#4656,#4657));
#755=EDGE_LOOP('',(#4658,#4659,#4660,#4661));
#756=EDGE_LOOP('',(#4662,#4663,#4664,#4665,#4666));
#757=EDGE_LOOP('',(#4667,#4668,#4669,#4670,#4671,#4672));
#758=EDGE_LOOP('',(#4673,#4674,#4675,#4676,#4677,#4678));
#759=EDGE_LOOP('',(#4679,#4680,#4681,#4682,#4683,#4684));
#760=EDGE_LOOP('',(#4685,#4686,#4687,#4688));
#761=EDGE_LOOP('',(#4689,#4690,#4691,#4692));
#762=EDGE_LOOP('',(#4693,#4694,#4695,#4696));
#763=EDGE_LOOP('',(#4697,#4698,#4699,#4700));
#764=EDGE_LOOP('',(#4701,#4702,#4703,#4704));
#765=EDGE_LOOP('',(#4705,#4706,#4707,#4708));
#766=EDGE_LOOP('',(#4709,#4710,#4711,#4712));
#767=EDGE_LOOP('',(#4713,#4714,#4715,#4716));
#768=EDGE_LOOP('',(#4717,#4718,#4719,#4720));
#769=EDGE_LOOP('',(#4721,#4722,#4723,#4724));
#770=EDGE_LOOP('',(#4725,#4726,#4727,#4728));
#771=EDGE_LOOP('',(#4729,#4730,#4731,#4732));
#772=EDGE_LOOP('',(#4733,#4734,#4735,#4736));
#773=EDGE_LOOP('',(#4737,#4738,#4739,#4740));
#774=EDGE_LOOP('',(#4741,#4742,#4743,#4744));
#775=EDGE_LOOP('',(#4745,#4746,#4747,#4748));
#776=EDGE_LOOP('',(#4749,#4750,#4751,#4752));
#777=EDGE_LOOP('',(#4753,#4754,#4755,#4756));
#778=EDGE_LOOP('',(#4757,#4758,#4759,#4760));
#779=EDGE_LOOP('',(#4761,#4762,#4763,#4764));
#780=EDGE_LOOP('',(#4765,#4766,#4767,#4768));
#781=EDGE_LOOP('',(#4769,#4770,#4771,#4772));
#782=EDGE_LOOP('',(#4773,#4774,#4775,#4776));
#783=EDGE_LOOP('',(#4777,#4778,#4779,#4780));
#784=EDGE_LOOP('',(#4781,#4782,#4783,#4784));
#785=EDGE_LOOP('',(#4785,#4786,#4787,#4788));
#786=EDGE_LOOP('',(#4789,#4790,#4791,#4792));
#787=EDGE_LOOP('',(#4793,#4794,#4795,#4796));
#788=EDGE_LOOP('',(#4797,#4798,#4799,#4800));
#789=EDGE_LOOP('',(#4801,#4802,#4803,#4804));
#790=EDGE_LOOP('',(#4805,#4806,#4807,#4808));
#791=EDGE_LOOP('',(#4809,#4810,#4811,#4812));
#792=EDGE_LOOP('',(#4813,#4814,#4815,#4816));
#793=EDGE_LOOP('',(#4817,#4818,#4819,#4820));
#794=EDGE_LOOP('',(#4821,#4822,#4823,#4824));
#795=EDGE_LOOP('',(#4825,#4826,#4827,#4828));
#796=EDGE_LOOP('',(#4829,#4830,#4831,#4832));
#797=EDGE_LOOP('',(#4833,#4834,#4835,#4836));
#798=EDGE_LOOP('',(#4837,#4838,#4839,#4840));
#799=EDGE_LOOP('',(#4841,#4842,#4843,#4844));
#800=EDGE_LOOP('',(#4845,#4846,#4847,#4848));
#801=EDGE_LOOP('',(#4849,#4850,#4851,#4852));
#802=EDGE_LOOP('',(#4853,#4854,#4855,#4856));
#803=EDGE_LOOP('',(#4857,#4858,#4859,#4860));
#804=EDGE_LOOP('',(#4861,#4862,#4863,#4864));
#805=EDGE_LOOP('',(#4865,#4866,#4867,#4868));
#806=EDGE_LOOP('',(#4869,#4870,#4871,#4872,#4873,#4874,#4875,#4876,#4877,
#4878,#4879,#4880,#4881,#4882,#4883,#4884,#4885,#4886,#4887,#4888,#4889,
#4890,#4891,#4892,#4893,#4894,#4895,#4896,#4897,#4898,#4899,#4900,#4901,
#4902,#4903,#4904,#4905,#4906,#4907,#4908,#4909,#4910,#4911,#4912,#4913));
#807=EDGE_LOOP('',(#4914,#4915,#4916,#4917,#4918,#4919));
#808=EDGE_LOOP('',(#4920,#4921,#4922,#4923,#4924,#4925,#4926,#4927));
#809=EDGE_LOOP('',(#4928,#4929,#4930,#4931,#4932,#4933,#4934,#4935));
#810=EDGE_LOOP('',(#4936,#4937,#4938,#4939,#4940,#4941,#4942,#4943));
#811=EDGE_LOOP('',(#4944,#4945,#4946,#4947,#4948,#4949,#4950,#4951));
#812=EDGE_LOOP('',(#4952,#4953,#4954,#4955,#4956));
#813=EDGE_LOOP('',(#4957));
#814=EDGE_LOOP('',(#4958));
#815=EDGE_LOOP('',(#4959));
#816=EDGE_LOOP('',(#4960,#4961,#4962,#4963));
#817=EDGE_LOOP('',(#4964,#4965,#4966,#4967));
#818=EDGE_LOOP('',(#4968,#4969,#4970,#4971));
#819=EDGE_LOOP('',(#4972,#4973,#4974,#4975));
#820=EDGE_LOOP('',(#4976,#4977,#4978,#4979));
#821=EDGE_LOOP('',(#4980,#4981,#4982,#4983));
#822=EDGE_LOOP('',(#4984,#4985,#4986,#4987));
#823=EDGE_LOOP('',(#4988,#4989,#4990,#4991));
#824=EDGE_LOOP('',(#4992,#4993,#4994,#4995));
#825=EDGE_LOOP('',(#4996,#4997,#4998,#4999));
#826=EDGE_LOOP('',(#5000,#5001,#5002,#5003));
#827=EDGE_LOOP('',(#5004,#5005,#5006,#5007));
#828=EDGE_LOOP('',(#5008,#5009,#5010,#5011));
#829=EDGE_LOOP('',(#5012,#5013,#5014,#5015));
#830=EDGE_LOOP('',(#5016,#5017,#5018,#5019));
#831=EDGE_LOOP('',(#5020,#5021,#5022,#5023));
#832=EDGE_LOOP('',(#5024,#5025,#5026,#5027));
#833=EDGE_LOOP('',(#5028,#5029,#5030,#5031));
#834=EDGE_LOOP('',(#5032,#5033,#5034,#5035));
#835=EDGE_LOOP('',(#5036,#5037,#5038,#5039));
#836=EDGE_LOOP('',(#5040,#5041,#5042,#5043));
#837=EDGE_LOOP('',(#5044,#5045,#5046,#5047));
#838=EDGE_LOOP('',(#5048,#5049,#5050,#5051));
#839=EDGE_LOOP('',(#5052,#5053,#5054,#5055));
#840=EDGE_LOOP('',(#5056,#5057,#5058,#5059));
#841=EDGE_LOOP('',(#5060,#5061,#5062,#5063));
#842=EDGE_LOOP('',(#5064,#5065,#5066,#5067));
#843=EDGE_LOOP('',(#5068,#5069,#5070,#5071));
#844=EDGE_LOOP('',(#5072,#5073,#5074,#5075));
#845=EDGE_LOOP('',(#5076,#5077,#5078,#5079));
#846=EDGE_LOOP('',(#5080,#5081,#5082,#5083));
#847=EDGE_LOOP('',(#5084,#5085,#5086,#5087));
#848=EDGE_LOOP('',(#5088,#5089,#5090,#5091));
#849=EDGE_LOOP('',(#5092,#5093,#5094,#5095));
#850=EDGE_LOOP('',(#5096,#5097,#5098,#5099));
#851=EDGE_LOOP('',(#5100,#5101,#5102,#5103));
#852=EDGE_LOOP('',(#5104,#5105,#5106,#5107));
#853=EDGE_LOOP('',(#5108,#5109,#5110,#5111));
#854=EDGE_LOOP('',(#5112,#5113,#5114,#5115));
#855=EDGE_LOOP('',(#5116,#5117,#5118,#5119));
#856=EDGE_LOOP('',(#5120,#5121,#5122,#5123));
#857=EDGE_LOOP('',(#5124,#5125,#5126,#5127));
#858=EDGE_LOOP('',(#5128,#5129,#5130,#5131));
#859=EDGE_LOOP('',(#5132,#5133,#5134,#5135));
#860=EDGE_LOOP('',(#5136,#5137,#5138,#5139));
#861=EDGE_LOOP('',(#5140,#5141,#5142,#5143,#5144,#5145,#5146,#5147,#5148,
#5149,#5150,#5151,#5152,#5153,#5154,#5155,#5156,#5157,#5158,#5159,#5160,
#5161,#5162,#5163,#5164,#5165,#5166,#5167,#5168,#5169,#5170,#5171,#5172,
#5173,#5174,#5175,#5176,#5177,#5178,#5179,#5180,#5181,#5182,#5183,#5184));
#862=EDGE_LOOP('',(#5185,#5186,#5187,#5188,#5189,#5190));
#863=EDGE_LOOP('',(#5191,#5192,#5193,#5194,#5195,#5196,#5197,#5198));
#864=EDGE_LOOP('',(#5199,#5200,#5201,#5202,#5203,#5204,#5205,#5206));
#865=EDGE_LOOP('',(#5207,#5208,#5209,#5210,#5211,#5212,#5213,#5214));
#866=EDGE_LOOP('',(#5215,#5216,#5217,#5218,#5219,#5220,#5221,#5222));
#867=EDGE_LOOP('',(#5223,#5224,#5225,#5226,#5227));
#868=EDGE_LOOP('',(#5228));
#869=EDGE_LOOP('',(#5229));
#870=EDGE_LOOP('',(#5230));
#871=LINE('',#7616,#1599);
#872=LINE('',#7618,#1600);
#873=LINE('',#7620,#1601);
#874=LINE('',#7621,#1602);
#875=LINE('',#7624,#1603);
#876=LINE('',#7626,#1604);
#877=LINE('',#7627,#1605);
#878=LINE('',#7630,#1606);
#879=LINE('',#7632,#1607);
#880=LINE('',#7633,#1608);
#881=LINE('',#7636,#1609);
#882=LINE('',#7638,#1610);
#883=LINE('',#7639,#1611);
#884=LINE('',#7642,#1612);
#885=LINE('',#7644,#1613);
#886=LINE('',#7645,#1614);
#887=LINE('',#7647,#1615);
#888=LINE('',#7648,#1616);
#889=LINE('',#7655,#1617);
#890=LINE('',#7657,#1618);
#891=LINE('',#7659,#1619);
#892=LINE('',#7660,#1620);
#893=LINE('',#7663,#1621);
#894=LINE('',#7665,#1622);
#895=LINE('',#7666,#1623);
#896=LINE('',#7669,#1624);
#897=LINE('',#7671,#1625);
#898=LINE('',#7672,#1626);
#899=LINE('',#7675,#1627);
#900=LINE('',#7677,#1628);
#901=LINE('',#7678,#1629);
#902=LINE('',#7681,#1630);
#903=LINE('',#7683,#1631);
#904=LINE('',#7684,#1632);
#905=LINE('',#7686,#1633);
#906=LINE('',#7687,#1634);
#907=LINE('',#7694,#1635);
#908=LINE('',#7696,#1636);
#909=LINE('',#7698,#1637);
#910=LINE('',#7699,#1638);
#911=LINE('',#7702,#1639);
#912=LINE('',#7704,#1640);
#913=LINE('',#7705,#1641);
#914=LINE('',#7708,#1642);
#915=LINE('',#7710,#1643);
#916=LINE('',#7711,#1644);
#917=LINE('',#7714,#1645);
#918=LINE('',#7716,#1646);
#919=LINE('',#7717,#1647);
#920=LINE('',#7720,#1648);
#921=LINE('',#7722,#1649);
#922=LINE('',#7723,#1650);
#923=LINE('',#7725,#1651);
#924=LINE('',#7726,#1652);
#925=LINE('',#7734,#1653);
#926=LINE('',#7743,#1654);
#927=LINE('',#7752,#1655);
#928=LINE('',#7759,#1656);
#929=LINE('',#7764,#1657);
#930=LINE('',#7767,#1658);
#931=LINE('',#7772,#1659);
#932=LINE('',#7775,#1660);
#933=LINE('',#7780,#1661);
#934=LINE('',#7785,#1662);
#935=LINE('',#7794,#1663);
#936=LINE('',#7801,#1664);
#937=LINE('',#7807,#1665);
#938=LINE('',#7811,#1666);
#939=LINE('',#7813,#1667);
#940=LINE('',#7815,#1668);
#941=LINE('',#7817,#1669);
#942=LINE('',#7818,#1670);
#943=LINE('',#7821,#1671);
#944=LINE('',#7823,#1672);
#945=LINE('',#7824,#1673);
#946=LINE('',#7827,#1674);
#947=LINE('',#7829,#1675);
#948=LINE('',#7831,#1676);
#949=LINE('',#7832,#1677);
#950=LINE('',#7835,#1678);
#951=LINE('',#7837,#1679);
#952=LINE('',#7839,#1680);
#953=LINE('',#7841,#1681);
#954=LINE('',#7842,#1682);
#955=LINE('',#7845,#1683);
#956=LINE('',#7846,#1684);
#957=LINE('',#7849,#1685);
#958=LINE('',#7850,#1686);
#959=LINE('',#7853,#1687);
#960=LINE('',#7855,#1688);
#961=LINE('',#7857,#1689);
#962=LINE('',#7858,#1690);
#963=LINE('',#7861,#1691);
#964=LINE('',#7862,#1692);
#965=LINE('',#7864,#1693);
#966=LINE('',#7865,#1694);
#967=LINE('',#7867,#1695);
#968=LINE('',#7874,#1696);
#969=LINE('',#7880,#1697);
#970=LINE('',#7886,#1698);
#971=LINE('',#7891,#1699);
#972=LINE('',#7893,#1700);
#973=LINE('',#7895,#1701);
#974=LINE('',#7896,#1702);
#975=LINE('',#7899,#1703);
#976=LINE('',#7901,#1704);
#977=LINE('',#7902,#1705);
#978=LINE('',#7905,#1706);
#979=LINE('',#7907,#1707);
#980=LINE('',#7908,#1708);
#981=LINE('',#7911,#1709);
#982=LINE('',#7913,#1710);
#983=LINE('',#7914,#1711);
#984=LINE('',#7917,#1712);
#985=LINE('',#7919,#1713);
#986=LINE('',#7920,#1714);
#987=LINE('',#7922,#1715);
#988=LINE('',#7923,#1716);
#989=LINE('',#7927,#1717);
#990=LINE('',#7929,#1718);
#991=LINE('',#7931,#1719);
#992=LINE('',#7932,#1720);
#993=LINE('',#7935,#1721);
#994=LINE('',#7937,#1722);
#995=LINE('',#7938,#1723);
#996=LINE('',#7941,#1724);
#997=LINE('',#7943,#1725);
#998=LINE('',#7944,#1726);
#999=LINE('',#7947,#1727);
#1000=LINE('',#7949,#1728);
#1001=LINE('',#7950,#1729);
#1002=LINE('',#7953,#1730);
#1003=LINE('',#7955,#1731);
#1004=LINE('',#7956,#1732);
#1005=LINE('',#7959,#1733);
#1006=LINE('',#7961,#1734);
#1007=LINE('',#7962,#1735);
#1008=LINE('',#7965,#1736);
#1009=LINE('',#7967,#1737);
#1010=LINE('',#7968,#1738);
#1011=LINE('',#7970,#1739);
#1012=LINE('',#7971,#1740);
#1013=LINE('',#7975,#1741);
#1014=LINE('',#7977,#1742);
#1015=LINE('',#7979,#1743);
#1016=LINE('',#7980,#1744);
#1017=LINE('',#7983,#1745);
#1018=LINE('',#7985,#1746);
#1019=LINE('',#7986,#1747);
#1020=LINE('',#7989,#1748);
#1021=LINE('',#7991,#1749);
#1022=LINE('',#7992,#1750);
#1023=LINE('',#7995,#1751);
#1024=LINE('',#7997,#1752);
#1025=LINE('',#7998,#1753);
#1026=LINE('',#8001,#1754);
#1027=LINE('',#8003,#1755);
#1028=LINE('',#8004,#1756);
#1029=LINE('',#8007,#1757);
#1030=LINE('',#8009,#1758);
#1031=LINE('',#8010,#1759);
#1032=LINE('',#8013,#1760);
#1033=LINE('',#8015,#1761);
#1034=LINE('',#8016,#1762);
#1035=LINE('',#8018,#1763);
#1036=LINE('',#8019,#1764);
#1037=LINE('',#8023,#1765);
#1038=LINE('',#8025,#1766);
#1039=LINE('',#8027,#1767);
#1040=LINE('',#8028,#1768);
#1041=LINE('',#8031,#1769);
#1042=LINE('',#8033,#1770);
#1043=LINE('',#8034,#1771);
#1044=LINE('',#8037,#1772);
#1045=LINE('',#8039,#1773);
#1046=LINE('',#8040,#1774);
#1047=LINE('',#8043,#1775);
#1048=LINE('',#8045,#1776);
#1049=LINE('',#8046,#1777);
#1050=LINE('',#8049,#1778);
#1051=LINE('',#8051,#1779);
#1052=LINE('',#8052,#1780);
#1053=LINE('',#8055,#1781);
#1054=LINE('',#8057,#1782);
#1055=LINE('',#8058,#1783);
#1056=LINE('',#8061,#1784);
#1057=LINE('',#8063,#1785);
#1058=LINE('',#8064,#1786);
#1059=LINE('',#8066,#1787);
#1060=LINE('',#8067,#1788);
#1061=LINE('',#8071,#1789);
#1062=LINE('',#8073,#1790);
#1063=LINE('',#8075,#1791);
#1064=LINE('',#8076,#1792);
#1065=LINE('',#8079,#1793);
#1066=LINE('',#8081,#1794);
#1067=LINE('',#8082,#1795);
#1068=LINE('',#8085,#1796);
#1069=LINE('',#8087,#1797);
#1070=LINE('',#8088,#1798);
#1071=LINE('',#8091,#1799);
#1072=LINE('',#8093,#1800);
#1073=LINE('',#8094,#1801);
#1074=LINE('',#8097,#1802);
#1075=LINE('',#8099,#1803);
#1076=LINE('',#8100,#1804);
#1077=LINE('',#8103,#1805);
#1078=LINE('',#8105,#1806);
#1079=LINE('',#8106,#1807);
#1080=LINE('',#8109,#1808);
#1081=LINE('',#8111,#1809);
#1082=LINE('',#8112,#1810);
#1083=LINE('',#8114,#1811);
#1084=LINE('',#8115,#1812);
#1085=LINE('',#8119,#1813);
#1086=LINE('',#8121,#1814);
#1087=LINE('',#8123,#1815);
#1088=LINE('',#8124,#1816);
#1089=LINE('',#8127,#1817);
#1090=LINE('',#8129,#1818);
#1091=LINE('',#8130,#1819);
#1092=LINE('',#8133,#1820);
#1093=LINE('',#8135,#1821);
#1094=LINE('',#8136,#1822);
#1095=LINE('',#8139,#1823);
#1096=LINE('',#8141,#1824);
#1097=LINE('',#8142,#1825);
#1098=LINE('',#8144,#1826);
#1099=LINE('',#8145,#1827);
#1100=LINE('',#8149,#1828);
#1101=LINE('',#8151,#1829);
#1102=LINE('',#8153,#1830);
#1103=LINE('',#8155,#1831);
#1104=LINE('',#8157,#1832);
#1105=LINE('',#8159,#1833);
#1106=LINE('',#8161,#1834);
#1107=LINE('',#8163,#1835);
#1108=LINE('',#8165,#1836);
#1109=LINE('',#8167,#1837);
#1110=LINE('',#8169,#1838);
#1111=LINE('',#8171,#1839);
#1112=LINE('',#8173,#1840);
#1113=LINE('',#8175,#1841);
#1114=LINE('',#8177,#1842);
#1115=LINE('',#8179,#1843);
#1116=LINE('',#8181,#1844);
#1117=LINE('',#8183,#1845);
#1118=LINE('',#8185,#1846);
#1119=LINE('',#8187,#1847);
#1120=LINE('',#8189,#1848);
#1121=LINE('',#8191,#1849);
#1122=LINE('',#8193,#1850);
#1123=LINE('',#8195,#1851);
#1124=LINE('',#8197,#1852);
#1125=LINE('',#8199,#1853);
#1126=LINE('',#8201,#1854);
#1127=LINE('',#8203,#1855);
#1128=LINE('',#8205,#1856);
#1129=LINE('',#8207,#1857);
#1130=LINE('',#8209,#1858);
#1131=LINE('',#8211,#1859);
#1132=LINE('',#8213,#1860);
#1133=LINE('',#8215,#1861);
#1134=LINE('',#8217,#1862);
#1135=LINE('',#8219,#1863);
#1136=LINE('',#8221,#1864);
#1137=LINE('',#8223,#1865);
#1138=LINE('',#8225,#1866);
#1139=LINE('',#8227,#1867);
#1140=LINE('',#8229,#1868);
#1141=LINE('',#8231,#1869);
#1142=LINE('',#8233,#1870);
#1143=LINE('',#8235,#1871);
#1144=LINE('',#8236,#1872);
#1145=LINE('',#8239,#1873);
#1146=LINE('',#8241,#1874);
#1147=LINE('',#8242,#1875);
#1148=LINE('',#8245,#1876);
#1149=LINE('',#8246,#1877);
#1150=LINE('',#8249,#1878);
#1151=LINE('',#8250,#1879);
#1152=LINE('',#8253,#1880);
#1153=LINE('',#8254,#1881);
#1154=LINE('',#8257,#1882);
#1155=LINE('',#8258,#1883);
#1156=LINE('',#8261,#1884);
#1157=LINE('',#8262,#1885);
#1158=LINE('',#8265,#1886);
#1159=LINE('',#8266,#1887);
#1160=LINE('',#8269,#1888);
#1161=LINE('',#8270,#1889);
#1162=LINE('',#8273,#1890);
#1163=LINE('',#8274,#1891);
#1164=LINE('',#8277,#1892);
#1165=LINE('',#8278,#1893);
#1166=LINE('',#8281,#1894);
#1167=LINE('',#8282,#1895);
#1168=LINE('',#8285,#1896);
#1169=LINE('',#8286,#1897);
#1170=LINE('',#8289,#1898);
#1171=LINE('',#8290,#1899);
#1172=LINE('',#8293,#1900);
#1173=LINE('',#8294,#1901);
#1174=LINE('',#8297,#1902);
#1175=LINE('',#8298,#1903);
#1176=LINE('',#8301,#1904);
#1177=LINE('',#8302,#1905);
#1178=LINE('',#8305,#1906);
#1179=LINE('',#8306,#1907);
#1180=LINE('',#8309,#1908);
#1181=LINE('',#8310,#1909);
#1182=LINE('',#8313,#1910);
#1183=LINE('',#8314,#1911);
#1184=LINE('',#8317,#1912);
#1185=LINE('',#8318,#1913);
#1186=LINE('',#8321,#1914);
#1187=LINE('',#8322,#1915);
#1188=LINE('',#8325,#1916);
#1189=LINE('',#8326,#1917);
#1190=LINE('',#8329,#1918);
#1191=LINE('',#8330,#1919);
#1192=LINE('',#8333,#1920);
#1193=LINE('',#8334,#1921);
#1194=LINE('',#8337,#1922);
#1195=LINE('',#8338,#1923);
#1196=LINE('',#8341,#1924);
#1197=LINE('',#8342,#1925);
#1198=LINE('',#8345,#1926);
#1199=LINE('',#8346,#1927);
#1200=LINE('',#8349,#1928);
#1201=LINE('',#8350,#1929);
#1202=LINE('',#8353,#1930);
#1203=LINE('',#8354,#1931);
#1204=LINE('',#8357,#1932);
#1205=LINE('',#8358,#1933);
#1206=LINE('',#8361,#1934);
#1207=LINE('',#8362,#1935);
#1208=LINE('',#8365,#1936);
#1209=LINE('',#8366,#1937);
#1210=LINE('',#8369,#1938);
#1211=LINE('',#8370,#1939);
#1212=LINE('',#8373,#1940);
#1213=LINE('',#8374,#1941);
#1214=LINE('',#8377,#1942);
#1215=LINE('',#8378,#1943);
#1216=LINE('',#8381,#1944);
#1217=LINE('',#8382,#1945);
#1218=LINE('',#8385,#1946);
#1219=LINE('',#8386,#1947);
#1220=LINE('',#8389,#1948);
#1221=LINE('',#8390,#1949);
#1222=LINE('',#8393,#1950);
#1223=LINE('',#8394,#1951);
#1224=LINE('',#8397,#1952);
#1225=LINE('',#8398,#1953);
#1226=LINE('',#8401,#1954);
#1227=LINE('',#8402,#1955);
#1228=LINE('',#8405,#1956);
#1229=LINE('',#8406,#1957);
#1230=LINE('',#8409,#1958);
#1231=LINE('',#8410,#1959);
#1232=LINE('',#8413,#1960);
#1233=LINE('',#8414,#1961);
#1234=LINE('',#8416,#1962);
#1235=LINE('',#8422,#1963);
#1236=LINE('',#8424,#1964);
#1237=LINE('',#8426,#1965);
#1238=LINE('',#8427,#1966);
#1239=LINE('',#8430,#1967);
#1240=LINE('',#8432,#1968);
#1241=LINE('',#8433,#1969);
#1242=LINE('',#8436,#1970);
#1243=LINE('',#8438,#1971);
#1244=LINE('',#8439,#1972);
#1245=LINE('',#8442,#1973);
#1246=LINE('',#8444,#1974);
#1247=LINE('',#8445,#1975);
#1248=LINE('',#8448,#1976);
#1249=LINE('',#8450,#1977);
#1250=LINE('',#8451,#1978);
#1251=LINE('',#8453,#1979);
#1252=LINE('',#8454,#1980);
#1253=LINE('',#8461,#1981);
#1254=LINE('',#8463,#1982);
#1255=LINE('',#8465,#1983);
#1256=LINE('',#8466,#1984);
#1257=LINE('',#8469,#1985);
#1258=LINE('',#8471,#1986);
#1259=LINE('',#8472,#1987);
#1260=LINE('',#8475,#1988);
#1261=LINE('',#8477,#1989);
#1262=LINE('',#8478,#1990);
#1263=LINE('',#8481,#1991);
#1264=LINE('',#8483,#1992);
#1265=LINE('',#8484,#1993);
#1266=LINE('',#8487,#1994);
#1267=LINE('',#8489,#1995);
#1268=LINE('',#8490,#1996);
#1269=LINE('',#8492,#1997);
#1270=LINE('',#8493,#1998);
#1271=LINE('',#8500,#1999);
#1272=LINE('',#8502,#2000);
#1273=LINE('',#8504,#2001);
#1274=LINE('',#8505,#2002);
#1275=LINE('',#8508,#2003);
#1276=LINE('',#8510,#2004);
#1277=LINE('',#8511,#2005);
#1278=LINE('',#8514,#2006);
#1279=LINE('',#8516,#2007);
#1280=LINE('',#8517,#2008);
#1281=LINE('',#8520,#2009);
#1282=LINE('',#8522,#2010);
#1283=LINE('',#8523,#2011);
#1284=LINE('',#8526,#2012);
#1285=LINE('',#8528,#2013);
#1286=LINE('',#8529,#2014);
#1287=LINE('',#8531,#2015);
#1288=LINE('',#8532,#2016);
#1289=LINE('',#8540,#2017);
#1290=LINE('',#8549,#2018);
#1291=LINE('',#8558,#2019);
#1292=LINE('',#8565,#2020);
#1293=LINE('',#8570,#2021);
#1294=LINE('',#8573,#2022);
#1295=LINE('',#8578,#2023);
#1296=LINE('',#8581,#2024);
#1297=LINE('',#8586,#2025);
#1298=LINE('',#8591,#2026);
#1299=LINE('',#8600,#2027);
#1300=LINE('',#8607,#2028);
#1301=LINE('',#8613,#2029);
#1302=LINE('',#8617,#2030);
#1303=LINE('',#8619,#2031);
#1304=LINE('',#8621,#2032);
#1305=LINE('',#8623,#2033);
#1306=LINE('',#8624,#2034);
#1307=LINE('',#8627,#2035);
#1308=LINE('',#8629,#2036);
#1309=LINE('',#8630,#2037);
#1310=LINE('',#8633,#2038);
#1311=LINE('',#8635,#2039);
#1312=LINE('',#8637,#2040);
#1313=LINE('',#8638,#2041);
#1314=LINE('',#8641,#2042);
#1315=LINE('',#8643,#2043);
#1316=LINE('',#8645,#2044);
#1317=LINE('',#8647,#2045);
#1318=LINE('',#8648,#2046);
#1319=LINE('',#8651,#2047);
#1320=LINE('',#8652,#2048);
#1321=LINE('',#8655,#2049);
#1322=LINE('',#8656,#2050);
#1323=LINE('',#8659,#2051);
#1324=LINE('',#8661,#2052);
#1325=LINE('',#8663,#2053);
#1326=LINE('',#8664,#2054);
#1327=LINE('',#8667,#2055);
#1328=LINE('',#8668,#2056);
#1329=LINE('',#8670,#2057);
#1330=LINE('',#8671,#2058);
#1331=LINE('',#8673,#2059);
#1332=LINE('',#8680,#2060);
#1333=LINE('',#8686,#2061);
#1334=LINE('',#8692,#2062);
#1335=LINE('',#8697,#2063);
#1336=LINE('',#8699,#2064);
#1337=LINE('',#8701,#2065);
#1338=LINE('',#8702,#2066);
#1339=LINE('',#8705,#2067);
#1340=LINE('',#8707,#2068);
#1341=LINE('',#8708,#2069);
#1342=LINE('',#8711,#2070);
#1343=LINE('',#8713,#2071);
#1344=LINE('',#8714,#2072);
#1345=LINE('',#8717,#2073);
#1346=LINE('',#8719,#2074);
#1347=LINE('',#8720,#2075);
#1348=LINE('',#8723,#2076);
#1349=LINE('',#8725,#2077);
#1350=LINE('',#8726,#2078);
#1351=LINE('',#8728,#2079);
#1352=LINE('',#8729,#2080);
#1353=LINE('',#8733,#2081);
#1354=LINE('',#8735,#2082);
#1355=LINE('',#8737,#2083);
#1356=LINE('',#8738,#2084);
#1357=LINE('',#8741,#2085);
#1358=LINE('',#8743,#2086);
#1359=LINE('',#8744,#2087);
#1360=LINE('',#8747,#2088);
#1361=LINE('',#8749,#2089);
#1362=LINE('',#8750,#2090);
#1363=LINE('',#8753,#2091);
#1364=LINE('',#8755,#2092);
#1365=LINE('',#8756,#2093);
#1366=LINE('',#8759,#2094);
#1367=LINE('',#8761,#2095);
#1368=LINE('',#8762,#2096);
#1369=LINE('',#8765,#2097);
#1370=LINE('',#8767,#2098);
#1371=LINE('',#8768,#2099);
#1372=LINE('',#8771,#2100);
#1373=LINE('',#8773,#2101);
#1374=LINE('',#8774,#2102);
#1375=LINE('',#8776,#2103);
#1376=LINE('',#8777,#2104);
#1377=LINE('',#8781,#2105);
#1378=LINE('',#8783,#2106);
#1379=LINE('',#8785,#2107);
#1380=LINE('',#8786,#2108);
#1381=LINE('',#8789,#2109);
#1382=LINE('',#8791,#2110);
#1383=LINE('',#8792,#2111);
#1384=LINE('',#8795,#2112);
#1385=LINE('',#8797,#2113);
#1386=LINE('',#8798,#2114);
#1387=LINE('',#8801,#2115);
#1388=LINE('',#8803,#2116);
#1389=LINE('',#8804,#2117);
#1390=LINE('',#8807,#2118);
#1391=LINE('',#8809,#2119);
#1392=LINE('',#8810,#2120);
#1393=LINE('',#8813,#2121);
#1394=LINE('',#8815,#2122);
#1395=LINE('',#8816,#2123);
#1396=LINE('',#8819,#2124);
#1397=LINE('',#8821,#2125);
#1398=LINE('',#8822,#2126);
#1399=LINE('',#8824,#2127);
#1400=LINE('',#8825,#2128);
#1401=LINE('',#8829,#2129);
#1402=LINE('',#8831,#2130);
#1403=LINE('',#8833,#2131);
#1404=LINE('',#8834,#2132);
#1405=LINE('',#8837,#2133);
#1406=LINE('',#8839,#2134);
#1407=LINE('',#8840,#2135);
#1408=LINE('',#8843,#2136);
#1409=LINE('',#8845,#2137);
#1410=LINE('',#8846,#2138);
#1411=LINE('',#8849,#2139);
#1412=LINE('',#8851,#2140);
#1413=LINE('',#8852,#2141);
#1414=LINE('',#8855,#2142);
#1415=LINE('',#8857,#2143);
#1416=LINE('',#8858,#2144);
#1417=LINE('',#8861,#2145);
#1418=LINE('',#8863,#2146);
#1419=LINE('',#8864,#2147);
#1420=LINE('',#8867,#2148);
#1421=LINE('',#8869,#2149);
#1422=LINE('',#8870,#2150);
#1423=LINE('',#8872,#2151);
#1424=LINE('',#8873,#2152);
#1425=LINE('',#8877,#2153);
#1426=LINE('',#8879,#2154);
#1427=LINE('',#8881,#2155);
#1428=LINE('',#8882,#2156);
#1429=LINE('',#8885,#2157);
#1430=LINE('',#8887,#2158);
#1431=LINE('',#8888,#2159);
#1432=LINE('',#8891,#2160);
#1433=LINE('',#8893,#2161);
#1434=LINE('',#8894,#2162);
#1435=LINE('',#8897,#2163);
#1436=LINE('',#8899,#2164);
#1437=LINE('',#8900,#2165);
#1438=LINE('',#8903,#2166);
#1439=LINE('',#8905,#2167);
#1440=LINE('',#8906,#2168);
#1441=LINE('',#8909,#2169);
#1442=LINE('',#8911,#2170);
#1443=LINE('',#8912,#2171);
#1444=LINE('',#8915,#2172);
#1445=LINE('',#8917,#2173);
#1446=LINE('',#8918,#2174);
#1447=LINE('',#8920,#2175);
#1448=LINE('',#8921,#2176);
#1449=LINE('',#8925,#2177);
#1450=LINE('',#8927,#2178);
#1451=LINE('',#8929,#2179);
#1452=LINE('',#8930,#2180);
#1453=LINE('',#8933,#2181);
#1454=LINE('',#8935,#2182);
#1455=LINE('',#8936,#2183);
#1456=LINE('',#8939,#2184);
#1457=LINE('',#8941,#2185);
#1458=LINE('',#8942,#2186);
#1459=LINE('',#8945,#2187);
#1460=LINE('',#8947,#2188);
#1461=LINE('',#8948,#2189);
#1462=LINE('',#8950,#2190);
#1463=LINE('',#8951,#2191);
#1464=LINE('',#8955,#2192);
#1465=LINE('',#8957,#2193);
#1466=LINE('',#8959,#2194);
#1467=LINE('',#8961,#2195);
#1468=LINE('',#8963,#2196);
#1469=LINE('',#8965,#2197);
#1470=LINE('',#8967,#2198);
#1471=LINE('',#8969,#2199);
#1472=LINE('',#8971,#2200);
#1473=LINE('',#8973,#2201);
#1474=LINE('',#8975,#2202);
#1475=LINE('',#8977,#2203);
#1476=LINE('',#8979,#2204);
#1477=LINE('',#8981,#2205);
#1478=LINE('',#8983,#2206);
#1479=LINE('',#8985,#2207);
#1480=LINE('',#8987,#2208);
#1481=LINE('',#8989,#2209);
#1482=LINE('',#8991,#2210);
#1483=LINE('',#8993,#2211);
#1484=LINE('',#8995,#2212);
#1485=LINE('',#8997,#2213);
#1486=LINE('',#8999,#2214);
#1487=LINE('',#9001,#2215);
#1488=LINE('',#9003,#2216);
#1489=LINE('',#9005,#2217);
#1490=LINE('',#9007,#2218);
#1491=LINE('',#9009,#2219);
#1492=LINE('',#9011,#2220);
#1493=LINE('',#9013,#2221);
#1494=LINE('',#9015,#2222);
#1495=LINE('',#9017,#2223);
#1496=LINE('',#9019,#2224);
#1497=LINE('',#9021,#2225);
#1498=LINE('',#9023,#2226);
#1499=LINE('',#9025,#2227);
#1500=LINE('',#9027,#2228);
#1501=LINE('',#9029,#2229);
#1502=LINE('',#9031,#2230);
#1503=LINE('',#9033,#2231);
#1504=LINE('',#9035,#2232);
#1505=LINE('',#9037,#2233);
#1506=LINE('',#9039,#2234);
#1507=LINE('',#9041,#2235);
#1508=LINE('',#9042,#2236);
#1509=LINE('',#9045,#2237);
#1510=LINE('',#9047,#2238);
#1511=LINE('',#9048,#2239);
#1512=LINE('',#9051,#2240);
#1513=LINE('',#9052,#2241);
#1514=LINE('',#9055,#2242);
#1515=LINE('',#9056,#2243);
#1516=LINE('',#9059,#2244);
#1517=LINE('',#9060,#2245);
#1518=LINE('',#9063,#2246);
#1519=LINE('',#9064,#2247);
#1520=LINE('',#9067,#2248);
#1521=LINE('',#9068,#2249);
#1522=LINE('',#9071,#2250);
#1523=LINE('',#9072,#2251);
#1524=LINE('',#9075,#2252);
#1525=LINE('',#9076,#2253);
#1526=LINE('',#9079,#2254);
#1527=LINE('',#9080,#2255);
#1528=LINE('',#9083,#2256);
#1529=LINE('',#9084,#2257);
#1530=LINE('',#9087,#2258);
#1531=LINE('',#9088,#2259);
#1532=LINE('',#9091,#2260);
#1533=LINE('',#9092,#2261);
#1534=LINE('',#9095,#2262);
#1535=LINE('',#9096,#2263);
#1536=LINE('',#9099,#2264);
#1537=LINE('',#9100,#2265);
#1538=LINE('',#9103,#2266);
#1539=LINE('',#9104,#2267);
#1540=LINE('',#9107,#2268);
#1541=LINE('',#9108,#2269);
#1542=LINE('',#9111,#2270);
#1543=LINE('',#9112,#2271);
#1544=LINE('',#9115,#2272);
#1545=LINE('',#9116,#2273);
#1546=LINE('',#9119,#2274);
#1547=LINE('',#9120,#2275);
#1548=LINE('',#9123,#2276);
#1549=LINE('',#9124,#2277);
#1550=LINE('',#9127,#2278);
#1551=LINE('',#9128,#2279);
#1552=LINE('',#9131,#2280);
#1553=LINE('',#9132,#2281);
#1554=LINE('',#9135,#2282);
#1555=LINE('',#9136,#2283);
#1556=LINE('',#9139,#2284);
#1557=LINE('',#9140,#2285);
#1558=LINE('',#9143,#2286);
#1559=LINE('',#9144,#2287);
#1560=LINE('',#9147,#2288);
#1561=LINE('',#9148,#2289);
#1562=LINE('',#9151,#2290);
#1563=LINE('',#9152,#2291);
#1564=LINE('',#9155,#2292);
#1565=LINE('',#9156,#2293);
#1566=LINE('',#9159,#2294);
#1567=LINE('',#9160,#2295);
#1568=LINE('',#9163,#2296);
#1569=LINE('',#9164,#2297);
#1570=LINE('',#9167,#2298);
#1571=LINE('',#9168,#2299);
#1572=LINE('',#9171,#2300);
#1573=LINE('',#9172,#2301);
#1574=LINE('',#9175,#2302);
#1575=LINE('',#9176,#2303);
#1576=LINE('',#9179,#2304);
#1577=LINE('',#9180,#2305);
#1578=LINE('',#9183,#2306);
#1579=LINE('',#9184,#2307);
#1580=LINE('',#9187,#2308);
#1581=LINE('',#9188,#2309);
#1582=LINE('',#9191,#2310);
#1583=LINE('',#9192,#2311);
#1584=LINE('',#9195,#2312);
#1585=LINE('',#9196,#2313);
#1586=LINE('',#9199,#2314);
#1587=LINE('',#9200,#2315);
#1588=LINE('',#9203,#2316);
#1589=LINE('',#9204,#2317);
#1590=LINE('',#9207,#2318);
#1591=LINE('',#9208,#2319);
#1592=LINE('',#9211,#2320);
#1593=LINE('',#9212,#2321);
#1594=LINE('',#9215,#2322);
#1595=LINE('',#9216,#2323);
#1596=LINE('',#9219,#2324);
#1597=LINE('',#9220,#2325);
#1598=LINE('',#9222,#2326);
#1599=VECTOR('',#6171,10.);
#1600=VECTOR('',#6172,10.);
#1601=VECTOR('',#6173,10.);
#1602=VECTOR('',#6174,10.);
#1603=VECTOR('',#6177,10.);
#1604=VECTOR('',#6178,10.);
#1605=VECTOR('',#6179,10.);
#1606=VECTOR('',#6182,10.);
#1607=VECTOR('',#6183,10.);
#1608=VECTOR('',#6184,10.);
#1609=VECTOR('',#6187,10.);
#1610=VECTOR('',#6188,10.);
#1611=VECTOR('',#6189,10.);
#1612=VECTOR('',#6192,10.);
#1613=VECTOR('',#6193,10.);
#1614=VECTOR('',#6194,10.);
#1615=VECTOR('',#6197,10.);
#1616=VECTOR('',#6198,10.);
#1617=VECTOR('',#6205,10.);
#1618=VECTOR('',#6206,10.);
#1619=VECTOR('',#6207,10.);
#1620=VECTOR('',#6208,10.);
#1621=VECTOR('',#6211,10.);
#1622=VECTOR('',#6212,10.);
#1623=VECTOR('',#6213,10.);
#1624=VECTOR('',#6216,10.);
#1625=VECTOR('',#6217,10.);
#1626=VECTOR('',#6218,10.);
#1627=VECTOR('',#6221,10.);
#1628=VECTOR('',#6222,10.);
#1629=VECTOR('',#6223,10.);
#1630=VECTOR('',#6226,10.);
#1631=VECTOR('',#6227,10.);
#1632=VECTOR('',#6228,10.);
#1633=VECTOR('',#6231,10.);
#1634=VECTOR('',#6232,10.);
#1635=VECTOR('',#6239,10.);
#1636=VECTOR('',#6240,10.);
#1637=VECTOR('',#6241,10.);
#1638=VECTOR('',#6242,10.);
#1639=VECTOR('',#6245,10.);
#1640=VECTOR('',#6246,10.);
#1641=VECTOR('',#6247,10.);
#1642=VECTOR('',#6250,10.);
#1643=VECTOR('',#6251,10.);
#1644=VECTOR('',#6252,10.);
#1645=VECTOR('',#6255,10.);
#1646=VECTOR('',#6256,10.);
#1647=VECTOR('',#6257,10.);
#1648=VECTOR('',#6260,10.);
#1649=VECTOR('',#6261,10.);
#1650=VECTOR('',#6262,10.);
#1651=VECTOR('',#6265,10.);
#1652=VECTOR('',#6266,10.);
#1653=VECTOR('',#6275,3.25);
#1654=VECTOR('',#6286,3.25);
#1655=VECTOR('',#6297,3.25);
#1656=VECTOR('',#6306,1.8);
#1657=VECTOR('',#6313,1.8);
#1658=VECTOR('',#6316,1.8);
#1659=VECTOR('',#6323,1.8);
#1660=VECTOR('',#6326,1.8);
#1661=VECTOR('',#6333,1.8);
#1662=VECTOR('',#6338,4.6);
#1663=VECTOR('',#6349,1.);
#1664=VECTOR('',#6358,1.);
#1665=VECTOR('',#6367,2.65);
#1666=VECTOR('',#6370,10.);
#1667=VECTOR('',#6371,10.);
#1668=VECTOR('',#6372,10.);
#1669=VECTOR('',#6373,10.);
#1670=VECTOR('',#6374,10.);
#1671=VECTOR('',#6377,10.);
#1672=VECTOR('',#6378,10.);
#1673=VECTOR('',#6379,10.);
#1674=VECTOR('',#6382,10.);
#1675=VECTOR('',#6383,10.);
#1676=VECTOR('',#6384,10.);
#1677=VECTOR('',#6385,10.);
#1678=VECTOR('',#6388,10.);
#1679=VECTOR('',#6389,10.);
#1680=VECTOR('',#6390,10.);
#1681=VECTOR('',#6391,10.);
#1682=VECTOR('',#6392,10.);
#1683=VECTOR('',#6395,10.);
#1684=VECTOR('',#6396,10.);
#1685=VECTOR('',#6399,10.);
#1686=VECTOR('',#6400,10.);
#1687=VECTOR('',#6403,10.);
#1688=VECTOR('',#6404,10.);
#1689=VECTOR('',#6405,10.);
#1690=VECTOR('',#6406,10.);
#1691=VECTOR('',#6409,10.);
#1692=VECTOR('',#6410,10.);
#1693=VECTOR('',#6413,10.);
#1694=VECTOR('',#6414,10.);
#1695=VECTOR('',#6417,10.);
#1696=VECTOR('',#6426,2.);
#1697=VECTOR('',#6433,2.);
#1698=VECTOR('',#6440,2.);
#1699=VECTOR('',#6445,10.);
#1700=VECTOR('',#6446,10.);
#1701=VECTOR('',#6447,10.);
#1702=VECTOR('',#6448,10.);
#1703=VECTOR('',#6451,10.);
#1704=VECTOR('',#6452,10.);
#1705=VECTOR('',#6453,10.);
#1706=VECTOR('',#6456,10.);
#1707=VECTOR('',#6457,10.);
#1708=VECTOR('',#6458,10.);
#1709=VECTOR('',#6461,10.);
#1710=VECTOR('',#6462,10.);
#1711=VECTOR('',#6463,10.);
#1712=VECTOR('',#6466,10.);
#1713=VECTOR('',#6467,10.);
#1714=VECTOR('',#6468,10.);
#1715=VECTOR('',#6471,10.);
#1716=VECTOR('',#6472,10.);
#1717=VECTOR('',#6475,10.);
#1718=VECTOR('',#6476,10.);
#1719=VECTOR('',#6477,10.);
#1720=VECTOR('',#6478,10.);
#1721=VECTOR('',#6481,10.);
#1722=VECTOR('',#6482,10.);
#1723=VECTOR('',#6483,10.);
#1724=VECTOR('',#6486,10.);
#1725=VECTOR('',#6487,10.);
#1726=VECTOR('',#6488,10.);
#1727=VECTOR('',#6491,10.);
#1728=VECTOR('',#6492,10.);
#1729=VECTOR('',#6493,10.);
#1730=VECTOR('',#6496,10.);
#1731=VECTOR('',#6497,10.);
#1732=VECTOR('',#6498,10.);
#1733=VECTOR('',#6501,10.);
#1734=VECTOR('',#6502,10.);
#1735=VECTOR('',#6503,10.);
#1736=VECTOR('',#6506,10.);
#1737=VECTOR('',#6507,10.);
#1738=VECTOR('',#6508,10.);
#1739=VECTOR('',#6511,10.);
#1740=VECTOR('',#6512,10.);
#1741=VECTOR('',#6515,10.);
#1742=VECTOR('',#6516,10.);
#1743=VECTOR('',#6517,10.);
#1744=VECTOR('',#6518,10.);
#1745=VECTOR('',#6521,10.);
#1746=VECTOR('',#6522,10.);
#1747=VECTOR('',#6523,10.);
#1748=VECTOR('',#6526,10.);
#1749=VECTOR('',#6527,10.);
#1750=VECTOR('',#6528,10.);
#1751=VECTOR('',#6531,10.);
#1752=VECTOR('',#6532,10.);
#1753=VECTOR('',#6533,10.);
#1754=VECTOR('',#6536,10.);
#1755=VECTOR('',#6537,10.);
#1756=VECTOR('',#6538,10.);
#1757=VECTOR('',#6541,10.);
#1758=VECTOR('',#6542,10.);
#1759=VECTOR('',#6543,10.);
#1760=VECTOR('',#6546,10.);
#1761=VECTOR('',#6547,10.);
#1762=VECTOR('',#6548,10.);
#1763=VECTOR('',#6551,10.);
#1764=VECTOR('',#6552,10.);
#1765=VECTOR('',#6555,10.);
#1766=VECTOR('',#6556,10.);
#1767=VECTOR('',#6557,10.);
#1768=VECTOR('',#6558,10.);
#1769=VECTOR('',#6561,10.);
#1770=VECTOR('',#6562,10.);
#1771=VECTOR('',#6563,10.);
#1772=VECTOR('',#6566,10.);
#1773=VECTOR('',#6567,10.);
#1774=VECTOR('',#6568,10.);
#1775=VECTOR('',#6571,10.);
#1776=VECTOR('',#6572,10.);
#1777=VECTOR('',#6573,10.);
#1778=VECTOR('',#6576,10.);
#1779=VECTOR('',#6577,10.);
#1780=VECTOR('',#6578,10.);
#1781=VECTOR('',#6581,10.);
#1782=VECTOR('',#6582,10.);
#1783=VECTOR('',#6583,10.);
#1784=VECTOR('',#6586,10.);
#1785=VECTOR('',#6587,10.);
#1786=VECTOR('',#6588,10.);
#1787=VECTOR('',#6591,10.);
#1788=VECTOR('',#6592,10.);
#1789=VECTOR('',#6595,10.);
#1790=VECTOR('',#6596,10.);
#1791=VECTOR('',#6597,10.);
#1792=VECTOR('',#6598,10.);
#1793=VECTOR('',#6601,10.);
#1794=VECTOR('',#6602,10.);
#1795=VECTOR('',#6603,10.);
#1796=VECTOR('',#6606,10.);
#1797=VECTOR('',#6607,10.);
#1798=VECTOR('',#6608,10.);
#1799=VECTOR('',#6611,10.);
#1800=VECTOR('',#6612,10.);
#1801=VECTOR('',#6613,10.);
#1802=VECTOR('',#6616,10.);
#1803=VECTOR('',#6617,10.);
#1804=VECTOR('',#6618,10.);
#1805=VECTOR('',#6621,10.);
#1806=VECTOR('',#6622,10.);
#1807=VECTOR('',#6623,10.);
#1808=VECTOR('',#6626,10.);
#1809=VECTOR('',#6627,10.);
#1810=VECTOR('',#6628,10.);
#1811=VECTOR('',#6631,10.);
#1812=VECTOR('',#6632,10.);
#1813=VECTOR('',#6635,10.);
#1814=VECTOR('',#6636,10.);
#1815=VECTOR('',#6637,10.);
#1816=VECTOR('',#6638,10.);
#1817=VECTOR('',#6641,10.);
#1818=VECTOR('',#6642,10.);
#1819=VECTOR('',#6643,10.);
#1820=VECTOR('',#6646,10.);
#1821=VECTOR('',#6647,10.);
#1822=VECTOR('',#6648,10.);
#1823=VECTOR('',#6651,10.);
#1824=VECTOR('',#6652,10.);
#1825=VECTOR('',#6653,10.);
#1826=VECTOR('',#6656,10.);
#1827=VECTOR('',#6657,10.);
#1828=VECTOR('',#6660,10.);
#1829=VECTOR('',#6661,10.);
#1830=VECTOR('',#6662,10.);
#1831=VECTOR('',#6663,10.);
#1832=VECTOR('',#6664,10.);
#1833=VECTOR('',#6665,10.);
#1834=VECTOR('',#6666,10.);
#1835=VECTOR('',#6667,10.);
#1836=VECTOR('',#6668,10.);
#1837=VECTOR('',#6669,10.);
#1838=VECTOR('',#6670,10.);
#1839=VECTOR('',#6671,10.);
#1840=VECTOR('',#6672,10.);
#1841=VECTOR('',#6673,10.);
#1842=VECTOR('',#6674,10.);
#1843=VECTOR('',#6675,10.);
#1844=VECTOR('',#6676,10.);
#1845=VECTOR('',#6677,10.);
#1846=VECTOR('',#6678,10.);
#1847=VECTOR('',#6679,10.);
#1848=VECTOR('',#6680,10.);
#1849=VECTOR('',#6681,10.);
#1850=VECTOR('',#6682,10.);
#1851=VECTOR('',#6683,10.);
#1852=VECTOR('',#6684,10.);
#1853=VECTOR('',#6685,10.);
#1854=VECTOR('',#6686,10.);
#1855=VECTOR('',#6687,10.);
#1856=VECTOR('',#6688,10.);
#1857=VECTOR('',#6689,10.);
#1858=VECTOR('',#6690,10.);
#1859=VECTOR('',#6691,10.);
#1860=VECTOR('',#6692,10.);
#1861=VECTOR('',#6693,10.);
#1862=VECTOR('',#6694,10.);
#1863=VECTOR('',#6695,10.);
#1864=VECTOR('',#6696,10.);
#1865=VECTOR('',#6697,10.);
#1866=VECTOR('',#6698,10.);
#1867=VECTOR('',#6699,10.);
#1868=VECTOR('',#6700,10.);
#1869=VECTOR('',#6701,10.);
#1870=VECTOR('',#6702,10.);
#1871=VECTOR('',#6703,10.);
#1872=VECTOR('',#6704,10.);
#1873=VECTOR('',#6707,10.);
#1874=VECTOR('',#6708,10.);
#1875=VECTOR('',#6709,10.);
#1876=VECTOR('',#6712,10.);
#1877=VECTOR('',#6713,10.);
#1878=VECTOR('',#6716,10.);
#1879=VECTOR('',#6717,10.);
#1880=VECTOR('',#6720,10.);
#1881=VECTOR('',#6721,10.);
#1882=VECTOR('',#6724,10.);
#1883=VECTOR('',#6725,10.);
#1884=VECTOR('',#6728,10.);
#1885=VECTOR('',#6729,10.);
#1886=VECTOR('',#6732,10.);
#1887=VECTOR('',#6733,10.);
#1888=VECTOR('',#6736,10.);
#1889=VECTOR('',#6737,10.);
#1890=VECTOR('',#6740,10.);
#1891=VECTOR('',#6741,10.);
#1892=VECTOR('',#6744,10.);
#1893=VECTOR('',#6745,10.);
#1894=VECTOR('',#6748,10.);
#1895=VECTOR('',#6749,10.);
#1896=VECTOR('',#6752,10.);
#1897=VECTOR('',#6753,10.);
#1898=VECTOR('',#6756,10.);
#1899=VECTOR('',#6757,10.);
#1900=VECTOR('',#6760,10.);
#1901=VECTOR('',#6761,10.);
#1902=VECTOR('',#6764,10.);
#1903=VECTOR('',#6765,10.);
#1904=VECTOR('',#6768,10.);
#1905=VECTOR('',#6769,10.);
#1906=VECTOR('',#6772,10.);
#1907=VECTOR('',#6773,10.);
#1908=VECTOR('',#6776,10.);
#1909=VECTOR('',#6777,10.);
#1910=VECTOR('',#6780,10.);
#1911=VECTOR('',#6781,10.);
#1912=VECTOR('',#6784,10.);
#1913=VECTOR('',#6785,10.);
#1914=VECTOR('',#6788,10.);
#1915=VECTOR('',#6789,10.);
#1916=VECTOR('',#6792,10.);
#1917=VECTOR('',#6793,10.);
#1918=VECTOR('',#6796,10.);
#1919=VECTOR('',#6797,10.);
#1920=VECTOR('',#6800,10.);
#1921=VECTOR('',#6801,10.);
#1922=VECTOR('',#6804,10.);
#1923=VECTOR('',#6805,10.);
#1924=VECTOR('',#6808,10.);
#1925=VECTOR('',#6809,10.);
#1926=VECTOR('',#6812,10.);
#1927=VECTOR('',#6813,10.);
#1928=VECTOR('',#6816,10.);
#1929=VECTOR('',#6817,10.);
#1930=VECTOR('',#6820,10.);
#1931=VECTOR('',#6821,10.);
#1932=VECTOR('',#6824,10.);
#1933=VECTOR('',#6825,10.);
#1934=VECTOR('',#6828,10.);
#1935=VECTOR('',#6829,10.);
#1936=VECTOR('',#6832,10.);
#1937=VECTOR('',#6833,10.);
#1938=VECTOR('',#6836,10.);
#1939=VECTOR('',#6837,10.);
#1940=VECTOR('',#6840,10.);
#1941=VECTOR('',#6841,10.);
#1942=VECTOR('',#6844,10.);
#1943=VECTOR('',#6845,10.);
#1944=VECTOR('',#6848,10.);
#1945=VECTOR('',#6849,10.);
#1946=VECTOR('',#6852,10.);
#1947=VECTOR('',#6853,10.);
#1948=VECTOR('',#6856,10.);
#1949=VECTOR('',#6857,10.);
#1950=VECTOR('',#6860,10.);
#1951=VECTOR('',#6861,10.);
#1952=VECTOR('',#6864,10.);
#1953=VECTOR('',#6865,10.);
#1954=VECTOR('',#6868,10.);
#1955=VECTOR('',#6869,10.);
#1956=VECTOR('',#6872,10.);
#1957=VECTOR('',#6873,10.);
#1958=VECTOR('',#6876,10.);
#1959=VECTOR('',#6877,10.);
#1960=VECTOR('',#6880,10.);
#1961=VECTOR('',#6881,10.);
#1962=VECTOR('',#6884,10.);
#1963=VECTOR('',#6891,10.);
#1964=VECTOR('',#6892,10.);
#1965=VECTOR('',#6893,10.);
#1966=VECTOR('',#6894,10.);
#1967=VECTOR('',#6897,10.);
#1968=VECTOR('',#6898,10.);
#1969=VECTOR('',#6899,10.);
#1970=VECTOR('',#6902,10.);
#1971=VECTOR('',#6903,10.);
#1972=VECTOR('',#6904,10.);
#1973=VECTOR('',#6907,10.);
#1974=VECTOR('',#6908,10.);
#1975=VECTOR('',#6909,10.);
#1976=VECTOR('',#6912,10.);
#1977=VECTOR('',#6913,10.);
#1978=VECTOR('',#6914,10.);
#1979=VECTOR('',#6917,10.);
#1980=VECTOR('',#6918,10.);
#1981=VECTOR('',#6925,10.);
#1982=VECTOR('',#6926,10.);
#1983=VECTOR('',#6927,10.);
#1984=VECTOR('',#6928,10.);
#1985=VECTOR('',#6931,10.);
#1986=VECTOR('',#6932,10.);
#1987=VECTOR('',#6933,10.);
#1988=VECTOR('',#6936,10.);
#1989=VECTOR('',#6937,10.);
#1990=VECTOR('',#6938,10.);
#1991=VECTOR('',#6941,10.);
#1992=VECTOR('',#6942,10.);
#1993=VECTOR('',#6943,10.);
#1994=VECTOR('',#6946,10.);
#1995=VECTOR('',#6947,10.);
#1996=VECTOR('',#6948,10.);
#1997=VECTOR('',#6951,10.);
#1998=VECTOR('',#6952,10.);
#1999=VECTOR('',#6959,10.);
#2000=VECTOR('',#6960,10.);
#2001=VECTOR('',#6961,10.);
#2002=VECTOR('',#6962,10.);
#2003=VECTOR('',#6965,10.);
#2004=VECTOR('',#6966,10.);
#2005=VECTOR('',#6967,10.);
#2006=VECTOR('',#6970,10.);
#2007=VECTOR('',#6971,10.);
#2008=VECTOR('',#6972,10.);
#2009=VECTOR('',#6975,10.);
#2010=VECTOR('',#6976,10.);
#2011=VECTOR('',#6977,10.);
#2012=VECTOR('',#6980,10.);
#2013=VECTOR('',#6981,10.);
#2014=VECTOR('',#6982,10.);
#2015=VECTOR('',#6985,10.);
#2016=VECTOR('',#6986,10.);
#2017=VECTOR('',#6995,3.25);
#2018=VECTOR('',#7006,3.25);
#2019=VECTOR('',#7017,3.25);
#2020=VECTOR('',#7026,1.8);
#2021=VECTOR('',#7033,1.8);
#2022=VECTOR('',#7036,1.8);
#2023=VECTOR('',#7043,1.8);
#2024=VECTOR('',#7046,1.8);
#2025=VECTOR('',#7053,1.8);
#2026=VECTOR('',#7058,4.6);
#2027=VECTOR('',#7069,1.);
#2028=VECTOR('',#7078,1.);
#2029=VECTOR('',#7087,2.65);
#2030=VECTOR('',#7090,10.);
#2031=VECTOR('',#7091,10.);
#2032=VECTOR('',#7092,10.);
#2033=VECTOR('',#7093,10.);
#2034=VECTOR('',#7094,10.);
#2035=VECTOR('',#7097,10.);
#2036=VECTOR('',#7098,10.);
#2037=VECTOR('',#7099,10.);
#2038=VECTOR('',#7102,10.);
#2039=VECTOR('',#7103,10.);
#2040=VECTOR('',#7104,10.);
#2041=VECTOR('',#7105,10.);
#2042=VECTOR('',#7108,10.);
#2043=VECTOR('',#7109,10.);
#2044=VECTOR('',#7110,10.);
#2045=VECTOR('',#7111,10.);
#2046=VECTOR('',#7112,10.);
#2047=VECTOR('',#7115,10.);
#2048=VECTOR('',#7116,10.);
#2049=VECTOR('',#7119,10.);
#2050=VECTOR('',#7120,10.);
#2051=VECTOR('',#7123,10.);
#2052=VECTOR('',#7124,10.);
#2053=VECTOR('',#7125,10.);
#2054=VECTOR('',#7126,10.);
#2055=VECTOR('',#7129,10.);
#2056=VECTOR('',#7130,10.);
#2057=VECTOR('',#7133,10.);
#2058=VECTOR('',#7134,10.);
#2059=VECTOR('',#7137,10.);
#2060=VECTOR('',#7146,2.);
#2061=VECTOR('',#7153,2.);
#2062=VECTOR('',#7160,2.);
#2063=VECTOR('',#7165,10.);
#2064=VECTOR('',#7166,10.);
#2065=VECTOR('',#7167,10.);
#2066=VECTOR('',#7168,10.);
#2067=VECTOR('',#7171,10.);
#2068=VECTOR('',#7172,10.);
#2069=VECTOR('',#7173,10.);
#2070=VECTOR('',#7176,10.);
#2071=VECTOR('',#7177,10.);
#2072=VECTOR('',#7178,10.);
#2073=VECTOR('',#7181,10.);
#2074=VECTOR('',#7182,10.);
#2075=VECTOR('',#7183,10.);
#2076=VECTOR('',#7186,10.);
#2077=VECTOR('',#7187,10.);
#2078=VECTOR('',#7188,10.);
#2079=VECTOR('',#7191,10.);
#2080=VECTOR('',#7192,10.);
#2081=VECTOR('',#7195,10.);
#2082=VECTOR('',#7196,10.);
#2083=VECTOR('',#7197,10.);
#2084=VECTOR('',#7198,10.);
#2085=VECTOR('',#7201,10.);
#2086=VECTOR('',#7202,10.);
#2087=VECTOR('',#7203,10.);
#2088=VECTOR('',#7206,10.);
#2089=VECTOR('',#7207,10.);
#2090=VECTOR('',#7208,10.);
#2091=VECTOR('',#7211,10.);
#2092=VECTOR('',#7212,10.);
#2093=VECTOR('',#7213,10.);
#2094=VECTOR('',#7216,10.);
#2095=VECTOR('',#7217,10.);
#2096=VECTOR('',#7218,10.);
#2097=VECTOR('',#7221,10.);
#2098=VECTOR('',#7222,10.);
#2099=VECTOR('',#7223,10.);
#2100=VECTOR('',#7226,10.);
#2101=VECTOR('',#7227,10.);
#2102=VECTOR('',#7228,10.);
#2103=VECTOR('',#7231,10.);
#2104=VECTOR('',#7232,10.);
#2105=VECTOR('',#7235,10.);
#2106=VECTOR('',#7236,10.);
#2107=VECTOR('',#7237,10.);
#2108=VECTOR('',#7238,10.);
#2109=VECTOR('',#7241,10.);
#2110=VECTOR('',#7242,10.);
#2111=VECTOR('',#7243,10.);
#2112=VECTOR('',#7246,10.);
#2113=VECTOR('',#7247,10.);
#2114=VECTOR('',#7248,10.);
#2115=VECTOR('',#7251,10.);
#2116=VECTOR('',#7252,10.);
#2117=VECTOR('',#7253,10.);
#2118=VECTOR('',#7256,10.);
#2119=VECTOR('',#7257,10.);
#2120=VECTOR('',#7258,10.);
#2121=VECTOR('',#7261,10.);
#2122=VECTOR('',#7262,10.);
#2123=VECTOR('',#7263,10.);
#2124=VECTOR('',#7266,10.);
#2125=VECTOR('',#7267,10.);
#2126=VECTOR('',#7268,10.);
#2127=VECTOR('',#7271,10.);
#2128=VECTOR('',#7272,10.);
#2129=VECTOR('',#7275,10.);
#2130=VECTOR('',#7276,10.);
#2131=VECTOR('',#7277,10.);
#2132=VECTOR('',#7278,10.);
#2133=VECTOR('',#7281,10.);
#2134=VECTOR('',#7282,10.);
#2135=VECTOR('',#7283,10.);
#2136=VECTOR('',#7286,10.);
#2137=VECTOR('',#7287,10.);
#2138=VECTOR('',#7288,10.);
#2139=VECTOR('',#7291,10.);
#2140=VECTOR('',#7292,10.);
#2141=VECTOR('',#7293,10.);
#2142=VECTOR('',#7296,10.);
#2143=VECTOR('',#7297,10.);
#2144=VECTOR('',#7298,10.);
#2145=VECTOR('',#7301,10.);
#2146=VECTOR('',#7302,10.);
#2147=VECTOR('',#7303,10.);
#2148=VECTOR('',#7306,10.);
#2149=VECTOR('',#7307,10.);
#2150=VECTOR('',#7308,10.);
#2151=VECTOR('',#7311,10.);
#2152=VECTOR('',#7312,10.);
#2153=VECTOR('',#7315,10.);
#2154=VECTOR('',#7316,10.);
#2155=VECTOR('',#7317,10.);
#2156=VECTOR('',#7318,10.);
#2157=VECTOR('',#7321,10.);
#2158=VECTOR('',#7322,10.);
#2159=VECTOR('',#7323,10.);
#2160=VECTOR('',#7326,10.);
#2161=VECTOR('',#7327,10.);
#2162=VECTOR('',#7328,10.);
#2163=VECTOR('',#7331,10.);
#2164=VECTOR('',#7332,10.);
#2165=VECTOR('',#7333,10.);
#2166=VECTOR('',#7336,10.);
#2167=VECTOR('',#7337,10.);
#2168=VECTOR('',#7338,10.);
#2169=VECTOR('',#7341,10.);
#2170=VECTOR('',#7342,10.);
#2171=VECTOR('',#7343,10.);
#2172=VECTOR('',#7346,10.);
#2173=VECTOR('',#7347,10.);
#2174=VECTOR('',#7348,10.);
#2175=VECTOR('',#7351,10.);
#2176=VECTOR('',#7352,10.);
#2177=VECTOR('',#7355,10.);
#2178=VECTOR('',#7356,10.);
#2179=VECTOR('',#7357,10.);
#2180=VECTOR('',#7358,10.);
#2181=VECTOR('',#7361,10.);
#2182=VECTOR('',#7362,10.);
#2183=VECTOR('',#7363,10.);
#2184=VECTOR('',#7366,10.);
#2185=VECTOR('',#7367,10.);
#2186=VECTOR('',#7368,10.);
#2187=VECTOR('',#7371,10.);
#2188=VECTOR('',#7372,10.);
#2189=VECTOR('',#7373,10.);
#2190=VECTOR('',#7376,10.);
#2191=VECTOR('',#7377,10.);
#2192=VECTOR('',#7380,10.);
#2193=VECTOR('',#7381,10.);
#2194=VECTOR('',#7382,10.);
#2195=VECTOR('',#7383,10.);
#2196=VECTOR('',#7384,10.);
#2197=VECTOR('',#7385,10.);
#2198=VECTOR('',#7386,10.);
#2199=VECTOR('',#7387,10.);
#2200=VECTOR('',#7388,10.);
#2201=VECTOR('',#7389,10.);
#2202=VECTOR('',#7390,10.);
#2203=VECTOR('',#7391,10.);
#2204=VECTOR('',#7392,10.);
#2205=VECTOR('',#7393,10.);
#2206=VECTOR('',#7394,10.);
#2207=VECTOR('',#7395,10.);
#2208=VECTOR('',#7396,10.);
#2209=VECTOR('',#7397,10.);
#2210=VECTOR('',#7398,10.);
#2211=VECTOR('',#7399,10.);
#2212=VECTOR('',#7400,10.);
#2213=VECTOR('',#7401,10.);
#2214=VECTOR('',#7402,10.);
#2215=VECTOR('',#7403,10.);
#2216=VECTOR('',#7404,10.);
#2217=VECTOR('',#7405,10.);
#2218=VECTOR('',#7406,10.);
#2219=VECTOR('',#7407,10.);
#2220=VECTOR('',#7408,10.);
#2221=VECTOR('',#7409,10.);
#2222=VECTOR('',#7410,10.);
#2223=VECTOR('',#7411,10.);
#2224=VECTOR('',#7412,10.);
#2225=VECTOR('',#7413,10.);
#2226=VECTOR('',#7414,10.);
#2227=VECTOR('',#7415,10.);
#2228=VECTOR('',#7416,10.);
#2229=VECTOR('',#7417,10.);
#2230=VECTOR('',#7418,10.);
#2231=VECTOR('',#7419,10.);
#2232=VECTOR('',#7420,10.);
#2233=VECTOR('',#7421,10.);
#2234=VECTOR('',#7422,10.);
#2235=VECTOR('',#7423,10.);
#2236=VECTOR('',#7424,10.);
#2237=VECTOR('',#7427,10.);
#2238=VECTOR('',#7428,10.);
#2239=VECTOR('',#7429,10.);
#2240=VECTOR('',#7432,10.);
#2241=VECTOR('',#7433,10.);
#2242=VECTOR('',#7436,10.);
#2243=VECTOR('',#7437,10.);
#2244=VECTOR('',#7440,10.);
#2245=VECTOR('',#7441,10.);
#2246=VECTOR('',#7444,10.);
#2247=VECTOR('',#7445,10.);
#2248=VECTOR('',#7448,10.);
#2249=VECTOR('',#7449,10.);
#2250=VECTOR('',#7452,10.);
#2251=VECTOR('',#7453,10.);
#2252=VECTOR('',#7456,10.);
#2253=VECTOR('',#7457,10.);
#2254=VECTOR('',#7460,10.);
#2255=VECTOR('',#7461,10.);
#2256=VECTOR('',#7464,10.);
#2257=VECTOR('',#7465,10.);
#2258=VECTOR('',#7468,10.);
#2259=VECTOR('',#7469,10.);
#2260=VECTOR('',#7472,10.);
#2261=VECTOR('',#7473,10.);
#2262=VECTOR('',#7476,10.);
#2263=VECTOR('',#7477,10.);
#2264=VECTOR('',#7480,10.);
#2265=VECTOR('',#7481,10.);
#2266=VECTOR('',#7484,10.);
#2267=VECTOR('',#7485,10.);
#2268=VECTOR('',#7488,10.);
#2269=VECTOR('',#7489,10.);
#2270=VECTOR('',#7492,10.);
#2271=VECTOR('',#7493,10.);
#2272=VECTOR('',#7496,10.);
#2273=VECTOR('',#7497,10.);
#2274=VECTOR('',#7500,10.);
#2275=VECTOR('',#7501,10.);
#2276=VECTOR('',#7504,10.);
#2277=VECTOR('',#7505,10.);
#2278=VECTOR('',#7508,10.);
#2279=VECTOR('',#7509,10.);
#2280=VECTOR('',#7512,10.);
#2281=VECTOR('',#7513,10.);
#2282=VECTOR('',#7516,10.);
#2283=VECTOR('',#7517,10.);
#2284=VECTOR('',#7520,10.);
#2285=VECTOR('',#7521,10.);
#2286=VECTOR('',#7524,10.);
#2287=VECTOR('',#7525,10.);
#2288=VECTOR('',#7528,10.);
#2289=VECTOR('',#7529,10.);
#2290=VECTOR('',#7532,10.);
#2291=VECTOR('',#7533,10.);
#2292=VECTOR('',#7536,10.);
#2293=VECTOR('',#7537,10.);
#2294=VECTOR('',#7540,10.);
#2295=VECTOR('',#7541,10.);
#2296=VECTOR('',#7544,10.);
#2297=VECTOR('',#7545,10.);
#2298=VECTOR('',#7548,10.);
#2299=VECTOR('',#7549,10.);
#2300=VECTOR('',#7552,10.);
#2301=VECTOR('',#7553,10.);
#2302=VECTOR('',#7556,10.);
#2303=VECTOR('',#7557,10.);
#2304=VECTOR('',#7560,10.);
#2305=VECTOR('',#7561,10.);
#2306=VECTOR('',#7564,10.);
#2307=VECTOR('',#7565,10.);
#2308=VECTOR('',#7568,10.);
#2309=VECTOR('',#7569,10.);
#2310=VECTOR('',#7572,10.);
#2311=VECTOR('',#7573,10.);
#2312=VECTOR('',#7576,10.);
#2313=VECTOR('',#7577,10.);
#2314=VECTOR('',#7580,10.);
#2315=VECTOR('',#7581,10.);
#2316=VECTOR('',#7584,10.);
#2317=VECTOR('',#7585,10.);
#2318=VECTOR('',#7588,10.);
#2319=VECTOR('',#7589,10.);
#2320=VECTOR('',#7592,10.);
#2321=VECTOR('',#7593,10.);
#2322=VECTOR('',#7596,10.);
#2323=VECTOR('',#7597,10.);
#2324=VECTOR('',#7600,10.);
#2325=VECTOR('',#7601,10.);
#2326=VECTOR('',#7604,10.);
#2327=VERTEX_POINT('',#7614);
#2328=VERTEX_POINT('',#7615);
#2329=VERTEX_POINT('',#7617);
#2330=VERTEX_POINT('',#7619);
#2331=VERTEX_POINT('',#7623);
#2332=VERTEX_POINT('',#7625);
#2333=VERTEX_POINT('',#7629);
#2334=VERTEX_POINT('',#7631);
#2335=VERTEX_POINT('',#7635);
#2336=VERTEX_POINT('',#7637);
#2337=VERTEX_POINT('',#7641);
#2338=VERTEX_POINT('',#7643);
#2339=VERTEX_POINT('',#7650);
#2340=VERTEX_POINT('',#7653);
#2341=VERTEX_POINT('',#7654);
#2342=VERTEX_POINT('',#7656);
#2343=VERTEX_POINT('',#7658);
#2344=VERTEX_POINT('',#7662);
#2345=VERTEX_POINT('',#7664);
#2346=VERTEX_POINT('',#7668);
#2347=VERTEX_POINT('',#7670);
#2348=VERTEX_POINT('',#7674);
#2349=VERTEX_POINT('',#7676);
#2350=VERTEX_POINT('',#7680);
#2351=VERTEX_POINT('',#7682);
#2352=VERTEX_POINT('',#7689);
#2353=VERTEX_POINT('',#7692);
#2354=VERTEX_POINT('',#7693);
#2355=VERTEX_POINT('',#7695);
#2356=VERTEX_POINT('',#7697);
#2357=VERTEX_POINT('',#7701);
#2358=VERTEX_POINT('',#7703);
#2359=VERTEX_POINT('',#7707);
#2360=VERTEX_POINT('',#7709);
#2361=VERTEX_POINT('',#7713);
#2362=VERTEX_POINT('',#7715);
#2363=VERTEX_POINT('',#7719);
#2364=VERTEX_POINT('',#7721);
#2365=VERTEX_POINT('',#7728);
#2366=VERTEX_POINT('',#7731);
#2367=VERTEX_POINT('',#7733);
#2368=VERTEX_POINT('',#7737);
#2369=VERTEX_POINT('',#7740);
#2370=VERTEX_POINT('',#7742);
#2371=VERTEX_POINT('',#7746);
#2372=VERTEX_POINT('',#7749);
#2373=VERTEX_POINT('',#7751);
#2374=VERTEX_POINT('',#7755);
#2375=VERTEX_POINT('',#7758);
#2376=VERTEX_POINT('',#7762);
#2377=VERTEX_POINT('',#7766);
#2378=VERTEX_POINT('',#7770);
#2379=VERTEX_POINT('',#7774);
#2380=VERTEX_POINT('',#7778);
#2381=VERTEX_POINT('',#7782);
#2382=VERTEX_POINT('',#7784);
#2383=VERTEX_POINT('',#7788);
#2384=VERTEX_POINT('',#7791);
#2385=VERTEX_POINT('',#7793);
#2386=VERTEX_POINT('',#7798);
#2387=VERTEX_POINT('',#7800);
#2388=VERTEX_POINT('',#7805);
#2389=VERTEX_POINT('',#7809);
#2390=VERTEX_POINT('',#7810);
#2391=VERTEX_POINT('',#7812);
#2392=VERTEX_POINT('',#7814);
#2393=VERTEX_POINT('',#7816);
#2394=VERTEX_POINT('',#7820);
#2395=VERTEX_POINT('',#7822);
#2396=VERTEX_POINT('',#7826);
#2397=VERTEX_POINT('',#7828);
#2398=VERTEX_POINT('',#7830);
#2399=VERTEX_POINT('',#7834);
#2400=VERTEX_POINT('',#7836);
#2401=VERTEX_POINT('',#7838);
#2402=VERTEX_POINT('',#7840);
#2403=VERTEX_POINT('',#7844);
#2404=VERTEX_POINT('',#7848);
#2405=VERTEX_POINT('',#7852);
#2406=VERTEX_POINT('',#7854);
#2407=VERTEX_POINT('',#7856);
#2408=VERTEX_POINT('',#7860);
#2409=VERTEX_POINT('',#7871);
#2410=VERTEX_POINT('',#7873);
#2411=VERTEX_POINT('',#7877);
#2412=VERTEX_POINT('',#7879);
#2413=VERTEX_POINT('',#7883);
#2414=VERTEX_POINT('',#7885);
#2415=VERTEX_POINT('',#7889);
#2416=VERTEX_POINT('',#7890);
#2417=VERTEX_POINT('',#7892);
#2418=VERTEX_POINT('',#7894);
#2419=VERTEX_POINT('',#7898);
#2420=VERTEX_POINT('',#7900);
#2421=VERTEX_POINT('',#7904);
#2422=VERTEX_POINT('',#7906);
#2423=VERTEX_POINT('',#7910);
#2424=VERTEX_POINT('',#7912);
#2425=VERTEX_POINT('',#7916);
#2426=VERTEX_POINT('',#7918);
#2427=VERTEX_POINT('',#7925);
#2428=VERTEX_POINT('',#7926);
#2429=VERTEX_POINT('',#7928);
#2430=VERTEX_POINT('',#7930);
#2431=VERTEX_POINT('',#7934);
#2432=VERTEX_POINT('',#7936);
#2433=VERTEX_POINT('',#7940);
#2434=VERTEX_POINT('',#7942);
#2435=VERTEX_POINT('',#7946);
#2436=VERTEX_POINT('',#7948);
#2437=VERTEX_POINT('',#7952);
#2438=VERTEX_POINT('',#7954);
#2439=VERTEX_POINT('',#7958);
#2440=VERTEX_POINT('',#7960);
#2441=VERTEX_POINT('',#7964);
#2442=VERTEX_POINT('',#7966);
#2443=VERTEX_POINT('',#7973);
#2444=VERTEX_POINT('',#7974);
#2445=VERTEX_POINT('',#7976);
#2446=VERTEX_POINT('',#7978);
#2447=VERTEX_POINT('',#7982);
#2448=VERTEX_POINT('',#7984);
#2449=VERTEX_POINT('',#7988);
#2450=VERTEX_POINT('',#7990);
#2451=VERTEX_POINT('',#7994);
#2452=VERTEX_POINT('',#7996);
#2453=VERTEX_POINT('',#8000);
#2454=VERTEX_POINT('',#8002);
#2455=VERTEX_POINT('',#8006);
#2456=VERTEX_POINT('',#8008);
#2457=VERTEX_POINT('',#8012);
#2458=VERTEX_POINT('',#8014);
#2459=VERTEX_POINT('',#8021);
#2460=VERTEX_POINT('',#8022);
#2461=VERTEX_POINT('',#8024);
#2462=VERTEX_POINT('',#8026);
#2463=VERTEX_POINT('',#8030);
#2464=VERTEX_POINT('',#8032);
#2465=VERTEX_POINT('',#8036);
#2466=VERTEX_POINT('',#8038);
#2467=VERTEX_POINT('',#8042);
#2468=VERTEX_POINT('',#8044);
#2469=VERTEX_POINT('',#8048);
#2470=VERTEX_POINT('',#8050);
#2471=VERTEX_POINT('',#8054);
#2472=VERTEX_POINT('',#8056);
#2473=VERTEX_POINT('',#8060);
#2474=VERTEX_POINT('',#8062);
#2475=VERTEX_POINT('',#8069);
#2476=VERTEX_POINT('',#8070);
#2477=VERTEX_POINT('',#8072);
#2478=VERTEX_POINT('',#8074);
#2479=VERTEX_POINT('',#8078);
#2480=VERTEX_POINT('',#8080);
#2481=VERTEX_POINT('',#8084);
#2482=VERTEX_POINT('',#8086);
#2483=VERTEX_POINT('',#8090);
#2484=VERTEX_POINT('',#8092);
#2485=VERTEX_POINT('',#8096);
#2486=VERTEX_POINT('',#8098);
#2487=VERTEX_POINT('',#8102);
#2488=VERTEX_POINT('',#8104);
#2489=VERTEX_POINT('',#8108);
#2490=VERTEX_POINT('',#8110);
#2491=VERTEX_POINT('',#8117);
#2492=VERTEX_POINT('',#8118);
#2493=VERTEX_POINT('',#8120);
#2494=VERTEX_POINT('',#8122);
#2495=VERTEX_POINT('',#8126);
#2496=VERTEX_POINT('',#8128);
#2497=VERTEX_POINT('',#8132);
#2498=VERTEX_POINT('',#8134);
#2499=VERTEX_POINT('',#8138);
#2500=VERTEX_POINT('',#8140);
#2501=VERTEX_POINT('',#8147);
#2502=VERTEX_POINT('',#8148);
#2503=VERTEX_POINT('',#8150);
#2504=VERTEX_POINT('',#8152);
#2505=VERTEX_POINT('',#8154);
#2506=VERTEX_POINT('',#8156);
#2507=VERTEX_POINT('',#8158);
#2508=VERTEX_POINT('',#8160);
#2509=VERTEX_POINT('',#8162);
#2510=VERTEX_POINT('',#8164);
#2511=VERTEX_POINT('',#8166);
#2512=VERTEX_POINT('',#8168);
#2513=VERTEX_POINT('',#8170);
#2514=VERTEX_POINT('',#8172);
#2515=VERTEX_POINT('',#8174);
#2516=VERTEX_POINT('',#8176);
#2517=VERTEX_POINT('',#8178);
#2518=VERTEX_POINT('',#8180);
#2519=VERTEX_POINT('',#8182);
#2520=VERTEX_POINT('',#8184);
#2521=VERTEX_POINT('',#8186);
#2522=VERTEX_POINT('',#8188);
#2523=VERTEX_POINT('',#8190);
#2524=VERTEX_POINT('',#8192);
#2525=VERTEX_POINT('',#8194);
#2526=VERTEX_POINT('',#8196);
#2527=VERTEX_POINT('',#8198);
#2528=VERTEX_POINT('',#8200);
#2529=VERTEX_POINT('',#8202);
#2530=VERTEX_POINT('',#8204);
#2531=VERTEX_POINT('',#8206);
#2532=VERTEX_POINT('',#8208);
#2533=VERTEX_POINT('',#8210);
#2534=VERTEX_POINT('',#8212);
#2535=VERTEX_POINT('',#8214);
#2536=VERTEX_POINT('',#8216);
#2537=VERTEX_POINT('',#8218);
#2538=VERTEX_POINT('',#8220);
#2539=VERTEX_POINT('',#8222);
#2540=VERTEX_POINT('',#8224);
#2541=VERTEX_POINT('',#8226);
#2542=VERTEX_POINT('',#8228);
#2543=VERTEX_POINT('',#8230);
#2544=VERTEX_POINT('',#8232);
#2545=VERTEX_POINT('',#8234);
#2546=VERTEX_POINT('',#8238);
#2547=VERTEX_POINT('',#8240);
#2548=VERTEX_POINT('',#8244);
#2549=VERTEX_POINT('',#8248);
#2550=VERTEX_POINT('',#8252);
#2551=VERTEX_POINT('',#8256);
#2552=VERTEX_POINT('',#8260);
#2553=VERTEX_POINT('',#8264);
#2554=VERTEX_POINT('',#8268);
#2555=VERTEX_POINT('',#8272);
#2556=VERTEX_POINT('',#8276);
#2557=VERTEX_POINT('',#8280);
#2558=VERTEX_POINT('',#8284);
#2559=VERTEX_POINT('',#8288);
#2560=VERTEX_POINT('',#8292);
#2561=VERTEX_POINT('',#8296);
#2562=VERTEX_POINT('',#8300);
#2563=VERTEX_POINT('',#8304);
#2564=VERTEX_POINT('',#8308);
#2565=VERTEX_POINT('',#8312);
#2566=VERTEX_POINT('',#8316);
#2567=VERTEX_POINT('',#8320);
#2568=VERTEX_POINT('',#8324);
#2569=VERTEX_POINT('',#8328);
#2570=VERTEX_POINT('',#8332);
#2571=VERTEX_POINT('',#8336);
#2572=VERTEX_POINT('',#8340);
#2573=VERTEX_POINT('',#8344);
#2574=VERTEX_POINT('',#8348);
#2575=VERTEX_POINT('',#8352);
#2576=VERTEX_POINT('',#8356);
#2577=VERTEX_POINT('',#8360);
#2578=VERTEX_POINT('',#8364);
#2579=VERTEX_POINT('',#8368);
#2580=VERTEX_POINT('',#8372);
#2581=VERTEX_POINT('',#8376);
#2582=VERTEX_POINT('',#8380);
#2583=VERTEX_POINT('',#8384);
#2584=VERTEX_POINT('',#8388);
#2585=VERTEX_POINT('',#8392);
#2586=VERTEX_POINT('',#8396);
#2587=VERTEX_POINT('',#8400);
#2588=VERTEX_POINT('',#8404);
#2589=VERTEX_POINT('',#8408);
#2590=VERTEX_POINT('',#8412);
#2591=VERTEX_POINT('',#8420);
#2592=VERTEX_POINT('',#8421);
#2593=VERTEX_POINT('',#8423);
#2594=VERTEX_POINT('',#8425);
#2595=VERTEX_POINT('',#8429);
#2596=VERTEX_POINT('',#8431);
#2597=VERTEX_POINT('',#8435);
#2598=VERTEX_POINT('',#8437);
#2599=VERTEX_POINT('',#8441);
#2600=VERTEX_POINT('',#8443);
#2601=VERTEX_POINT('',#8447);
#2602=VERTEX_POINT('',#8449);
#2603=VERTEX_POINT('',#8456);
#2604=VERTEX_POINT('',#8459);
#2605=VERTEX_POINT('',#8460);
#2606=VERTEX_POINT('',#8462);
#2607=VERTEX_POINT('',#8464);
#2608=VERTEX_POINT('',#8468);
#2609=VERTEX_POINT('',#8470);
#2610=VERTEX_POINT('',#8474);
#2611=VERTEX_POINT('',#8476);
#2612=VERTEX_POINT('',#8480);
#2613=VERTEX_POINT('',#8482);
#2614=VERTEX_POINT('',#8486);
#2615=VERTEX_POINT('',#8488);
#2616=VERTEX_POINT('',#8495);
#2617=VERTEX_POINT('',#8498);
#2618=VERTEX_POINT('',#8499);
#2619=VERTEX_POINT('',#8501);
#2620=VERTEX_POINT('',#8503);
#2621=VERTEX_POINT('',#8507);
#2622=VERTEX_POINT('',#8509);
#2623=VERTEX_POINT('',#8513);
#2624=VERTEX_POINT('',#8515);
#2625=VERTEX_POINT('',#8519);
#2626=VERTEX_POINT('',#8521);
#2627=VERTEX_POINT('',#8525);
#2628=VERTEX_POINT('',#8527);
#2629=VERTEX_POINT('',#8534);
#2630=VERTEX_POINT('',#8537);
#2631=VERTEX_POINT('',#8539);
#2632=VERTEX_POINT('',#8543);
#2633=VERTEX_POINT('',#8546);
#2634=VERTEX_POINT('',#8548);
#2635=VERTEX_POINT('',#8552);
#2636=VERTEX_POINT('',#8555);
#2637=VERTEX_POINT('',#8557);
#2638=VERTEX_POINT('',#8561);
#2639=VERTEX_POINT('',#8564);
#2640=VERTEX_POINT('',#8568);
#2641=VERTEX_POINT('',#8572);
#2642=VERTEX_POINT('',#8576);
#2643=VERTEX_POINT('',#8580);
#2644=VERTEX_POINT('',#8584);
#2645=VERTEX_POINT('',#8588);
#2646=VERTEX_POINT('',#8590);
#2647=VERTEX_POINT('',#8594);
#2648=VERTEX_POINT('',#8597);
#2649=VERTEX_POINT('',#8599);
#2650=VERTEX_POINT('',#8604);
#2651=VERTEX_POINT('',#8606);
#2652=VERTEX_POINT('',#8611);
#2653=VERTEX_POINT('',#8615);
#2654=VERTEX_POINT('',#8616);
#2655=VERTEX_POINT('',#8618);
#2656=VERTEX_POINT('',#8620);
#2657=VERTEX_POINT('',#8622);
#2658=VERTEX_POINT('',#8626);
#2659=VERTEX_POINT('',#8628);
#2660=VERTEX_POINT('',#8632);
#2661=VERTEX_POINT('',#8634);
#2662=VERTEX_POINT('',#8636);
#2663=VERTEX_POINT('',#8640);
#2664=VERTEX_POINT('',#8642);
#2665=VERTEX_POINT('',#8644);
#2666=VERTEX_POINT('',#8646);
#2667=VERTEX_POINT('',#8650);
#2668=VERTEX_POINT('',#8654);
#2669=VERTEX_POINT('',#8658);
#2670=VERTEX_POINT('',#8660);
#2671=VERTEX_POINT('',#8662);
#2672=VERTEX_POINT('',#8666);
#2673=VERTEX_POINT('',#8677);
#2674=VERTEX_POINT('',#8679);
#2675=VERTEX_POINT('',#8683);
#2676=VERTEX_POINT('',#8685);
#2677=VERTEX_POINT('',#8689);
#2678=VERTEX_POINT('',#8691);
#2679=VERTEX_POINT('',#8695);
#2680=VERTEX_POINT('',#8696);
#2681=VERTEX_POINT('',#8698);
#2682=VERTEX_POINT('',#8700);
#2683=VERTEX_POINT('',#8704);
#2684=VERTEX_POINT('',#8706);
#2685=VERTEX_POINT('',#8710);
#2686=VERTEX_POINT('',#8712);
#2687=VERTEX_POINT('',#8716);
#2688=VERTEX_POINT('',#8718);
#2689=VERTEX_POINT('',#8722);
#2690=VERTEX_POINT('',#8724);
#2691=VERTEX_POINT('',#8731);
#2692=VERTEX_POINT('',#8732);
#2693=VERTEX_POINT('',#8734);
#2694=VERTEX_POINT('',#8736);
#2695=VERTEX_POINT('',#8740);
#2696=VERTEX_POINT('',#8742);
#2697=VERTEX_POINT('',#8746);
#2698=VERTEX_POINT('',#8748);
#2699=VERTEX_POINT('',#8752);
#2700=VERTEX_POINT('',#8754);
#2701=VERTEX_POINT('',#8758);
#2702=VERTEX_POINT('',#8760);
#2703=VERTEX_POINT('',#8764);
#2704=VERTEX_POINT('',#8766);
#2705=VERTEX_POINT('',#8770);
#2706=VERTEX_POINT('',#8772);
#2707=VERTEX_POINT('',#8779);
#2708=VERTEX_POINT('',#8780);
#2709=VERTEX_POINT('',#8782);
#2710=VERTEX_POINT('',#8784);
#2711=VERTEX_POINT('',#8788);
#2712=VERTEX_POINT('',#8790);
#2713=VERTEX_POINT('',#8794);
#2714=VERTEX_POINT('',#8796);
#2715=VERTEX_POINT('',#8800);
#2716=VERTEX_POINT('',#8802);
#2717=VERTEX_POINT('',#8806);
#2718=VERTEX_POINT('',#8808);
#2719=VERTEX_POINT('',#8812);
#2720=VERTEX_POINT('',#8814);
#2721=VERTEX_POINT('',#8818);
#2722=VERTEX_POINT('',#8820);
#2723=VERTEX_POINT('',#8827);
#2724=VERTEX_POINT('',#8828);
#2725=VERTEX_POINT('',#8830);
#2726=VERTEX_POINT('',#8832);
#2727=VERTEX_POINT('',#8836);
#2728=VERTEX_POINT('',#8838);
#2729=VERTEX_POINT('',#8842);
#2730=VERTEX_POINT('',#8844);
#2731=VERTEX_POINT('',#8848);
#2732=VERTEX_POINT('',#8850);
#2733=VERTEX_POINT('',#8854);
#2734=VERTEX_POINT('',#8856);
#2735=VERTEX_POINT('',#8860);
#2736=VERTEX_POINT('',#8862);
#2737=VERTEX_POINT('',#8866);
#2738=VERTEX_POINT('',#8868);
#2739=VERTEX_POINT('',#8875);
#2740=VERTEX_POINT('',#8876);
#2741=VERTEX_POINT('',#8878);
#2742=VERTEX_POINT('',#8880);
#2743=VERTEX_POINT('',#8884);
#2744=VERTEX_POINT('',#8886);
#2745=VERTEX_POINT('',#8890);
#2746=VERTEX_POINT('',#8892);
#2747=VERTEX_POINT('',#8896);
#2748=VERTEX_POINT('',#8898);
#2749=VERTEX_POINT('',#8902);
#2750=VERTEX_POINT('',#8904);
#2751=VERTEX_POINT('',#8908);
#2752=VERTEX_POINT('',#8910);
#2753=VERTEX_POINT('',#8914);
#2754=VERTEX_POINT('',#8916);
#2755=VERTEX_POINT('',#8923);
#2756=VERTEX_POINT('',#8924);
#2757=VERTEX_POINT('',#8926);
#2758=VERTEX_POINT('',#8928);
#2759=VERTEX_POINT('',#8932);
#2760=VERTEX_POINT('',#8934);
#2761=VERTEX_POINT('',#8938);
#2762=VERTEX_POINT('',#8940);
#2763=VERTEX_POINT('',#8944);
#2764=VERTEX_POINT('',#8946);
#2765=VERTEX_POINT('',#8953);
#2766=VERTEX_POINT('',#8954);
#2767=VERTEX_POINT('',#8956);
#2768=VERTEX_POINT('',#8958);
#2769=VERTEX_POINT('',#8960);
#2770=VERTEX_POINT('',#8962);
#2771=VERTEX_POINT('',#8964);
#2772=VERTEX_POINT('',#8966);
#2773=VERTEX_POINT('',#8968);
#2774=VERTEX_POINT('',#8970);
#2775=VERTEX_POINT('',#8972);
#2776=VERTEX_POINT('',#8974);
#2777=VERTEX_POINT('',#8976);
#2778=VERTEX_POINT('',#8978);
#2779=VERTEX_POINT('',#8980);
#2780=VERTEX_POINT('',#8982);
#2781=VERTEX_POINT('',#8984);
#2782=VERTEX_POINT('',#8986);
#2783=VERTEX_POINT('',#8988);
#2784=VERTEX_POINT('',#8990);
#2785=VERTEX_POINT('',#8992);
#2786=VERTEX_POINT('',#8994);
#2787=VERTEX_POINT('',#8996);
#2788=VERTEX_POINT('',#8998);
#2789=VERTEX_POINT('',#9000);
#2790=VERTEX_POINT('',#9002);
#2791=VERTEX_POINT('',#9004);
#2792=VERTEX_POINT('',#9006);
#2793=VERTEX_POINT('',#9008);
#2794=VERTEX_POINT('',#9010);
#2795=VERTEX_POINT('',#9012);
#2796=VERTEX_POINT('',#9014);
#2797=VERTEX_POINT('',#9016);
#2798=VERTEX_POINT('',#9018);
#2799=VERTEX_POINT('',#9020);
#2800=VERTEX_POINT('',#9022);
#2801=VERTEX_POINT('',#9024);
#2802=VERTEX_POINT('',#9026);
#2803=VERTEX_POINT('',#9028);
#2804=VERTEX_POINT('',#9030);
#2805=VERTEX_POINT('',#9032);
#2806=VERTEX_POINT('',#9034);
#2807=VERTEX_POINT('',#9036);
#2808=VERTEX_POINT('',#9038);
#2809=VERTEX_POINT('',#9040);
#2810=VERTEX_POINT('',#9044);
#2811=VERTEX_POINT('',#9046);
#2812=VERTEX_POINT('',#9050);
#2813=VERTEX_POINT('',#9054);
#2814=VERTEX_POINT('',#9058);
#2815=VERTEX_POINT('',#9062);
#2816=VERTEX_POINT('',#9066);
#2817=VERTEX_POINT('',#9070);
#2818=VERTEX_POINT('',#9074);
#2819=VERTEX_POINT('',#9078);
#2820=VERTEX_POINT('',#9082);
#2821=VERTEX_POINT('',#9086);
#2822=VERTEX_POINT('',#9090);
#2823=VERTEX_POINT('',#9094);
#2824=VERTEX_POINT('',#9098);
#2825=VERTEX_POINT('',#9102);
#2826=VERTEX_POINT('',#9106);
#2827=VERTEX_POINT('',#9110);
#2828=VERTEX_POINT('',#9114);
#2829=VERTEX_POINT('',#9118);
#2830=VERTEX_POINT('',#9122);
#2831=VERTEX_POINT('',#9126);
#2832=VERTEX_POINT('',#9130);
#2833=VERTEX_POINT('',#9134);
#2834=VERTEX_POINT('',#9138);
#2835=VERTEX_POINT('',#9142);
#2836=VERTEX_POINT('',#9146);
#2837=VERTEX_POINT('',#9150);
#2838=VERTEX_POINT('',#9154);
#2839=VERTEX_POINT('',#9158);
#2840=VERTEX_POINT('',#9162);
#2841=VERTEX_POINT('',#9166);
#2842=VERTEX_POINT('',#9170);
#2843=VERTEX_POINT('',#9174);
#2844=VERTEX_POINT('',#9178);
#2845=VERTEX_POINT('',#9182);
#2846=VERTEX_POINT('',#9186);
#2847=VERTEX_POINT('',#9190);
#2848=VERTEX_POINT('',#9194);
#2849=VERTEX_POINT('',#9198);
#2850=VERTEX_POINT('',#9202);
#2851=VERTEX_POINT('',#9206);
#2852=VERTEX_POINT('',#9210);
#2853=VERTEX_POINT('',#9214);
#2854=VERTEX_POINT('',#9218);
#2855=EDGE_CURVE('',#2327,#2328,#871,.T.);
#2856=EDGE_CURVE('',#2327,#2329,#872,.T.);
#2857=EDGE_CURVE('',#2329,#2330,#873,.T.);
#2858=EDGE_CURVE('',#2328,#2330,#874,.T.);
#2859=EDGE_CURVE('',#2331,#2327,#875,.T.);
#2860=EDGE_CURVE('',#2331,#2332,#876,.T.);
#2861=EDGE_CURVE('',#2332,#2329,#877,.T.);
#2862=EDGE_CURVE('',#2333,#2331,#878,.T.);
#2863=EDGE_CURVE('',#2333,#2334,#879,.T.);
#2864=EDGE_CURVE('',#2334,#2332,#880,.T.);
#2865=EDGE_CURVE('',#2335,#2333,#881,.T.);
#2866=EDGE_CURVE('',#2335,#2336,#882,.T.);
#2867=EDGE_CURVE('',#2336,#2334,#883,.T.);
#2868=EDGE_CURVE('',#2337,#2335,#884,.T.);
#2869=EDGE_CURVE('',#2337,#2338,#885,.T.);
#2870=EDGE_CURVE('',#2338,#2336,#886,.T.);
#2871=EDGE_CURVE('',#2328,#2337,#887,.T.);
#2872=EDGE_CURVE('',#2330,#2338,#888,.T.);
#2873=EDGE_CURVE('',#2339,#2339,#145,.T.);
#2874=EDGE_CURVE('',#2340,#2341,#889,.T.);
#2875=EDGE_CURVE('',#2340,#2342,#890,.T.);
#2876=EDGE_CURVE('',#2342,#2343,#891,.T.);
#2877=EDGE_CURVE('',#2341,#2343,#892,.T.);
#2878=EDGE_CURVE('',#2344,#2340,#893,.T.);
#2879=EDGE_CURVE('',#2344,#2345,#894,.T.);
#2880=EDGE_CURVE('',#2345,#2342,#895,.T.);
#2881=EDGE_CURVE('',#2346,#2344,#896,.T.);
#2882=EDGE_CURVE('',#2346,#2347,#897,.T.);
#2883=EDGE_CURVE('',#2347,#2345,#898,.T.);
#2884=EDGE_CURVE('',#2348,#2346,#899,.T.);
#2885=EDGE_CURVE('',#2348,#2349,#900,.T.);
#2886=EDGE_CURVE('',#2349,#2347,#901,.T.);
#2887=EDGE_CURVE('',#2350,#2348,#902,.T.);
#2888=EDGE_CURVE('',#2350,#2351,#903,.T.);
#2889=EDGE_CURVE('',#2351,#2349,#904,.T.);
#2890=EDGE_CURVE('',#2341,#2350,#905,.T.);
#2891=EDGE_CURVE('',#2343,#2351,#906,.T.);
#2892=EDGE_CURVE('',#2352,#2352,#146,.T.);
#2893=EDGE_CURVE('',#2353,#2354,#907,.T.);
#2894=EDGE_CURVE('',#2353,#2355,#908,.T.);
#2895=EDGE_CURVE('',#2355,#2356,#909,.T.);
#2896=EDGE_CURVE('',#2354,#2356,#910,.T.);
#2897=EDGE_CURVE('',#2357,#2353,#911,.T.);
#2898=EDGE_CURVE('',#2357,#2358,#912,.T.);
#2899=EDGE_CURVE('',#2358,#2355,#913,.T.);
#2900=EDGE_CURVE('',#2359,#2357,#914,.T.);
#2901=EDGE_CURVE('',#2359,#2360,#915,.T.);
#2902=EDGE_CURVE('',#2360,#2358,#916,.T.);
#2903=EDGE_CURVE('',#2361,#2359,#917,.T.);
#2904=EDGE_CURVE('',#2361,#2362,#918,.T.);
#2905=EDGE_CURVE('',#2362,#2360,#919,.T.);
#2906=EDGE_CURVE('',#2363,#2361,#920,.T.);
#2907=EDGE_CURVE('',#2363,#2364,#921,.T.);
#2908=EDGE_CURVE('',#2364,#2362,#922,.T.);
#2909=EDGE_CURVE('',#2354,#2363,#923,.T.);
#2910=EDGE_CURVE('',#2356,#2364,#924,.T.);
#2911=EDGE_CURVE('',#2365,#2365,#147,.T.);
#2912=EDGE_CURVE('',#2366,#2366,#148,.T.);
#2913=EDGE_CURVE('',#2366,#2367,#925,.T.);
#2914=EDGE_CURVE('',#2367,#2367,#149,.T.);
#2915=EDGE_CURVE('',#2368,#2368,#150,.T.);
#2916=EDGE_CURVE('',#2369,#2369,#151,.T.);
#2917=EDGE_CURVE('',#2369,#2370,#926,.T.);
#2918=EDGE_CURVE('',#2370,#2370,#152,.T.);
#2919=EDGE_CURVE('',#2371,#2371,#153,.T.);
#2920=EDGE_CURVE('',#2372,#2372,#154,.T.);
#2921=EDGE_CURVE('',#2372,#2373,#927,.T.);
#2922=EDGE_CURVE('',#2373,#2373,#155,.T.);
#2923=EDGE_CURVE('',#2374,#2374,#156,.T.);
#2924=EDGE_CURVE('',#2339,#2375,#928,.T.);
#2925=EDGE_CURVE('',#2375,#2375,#157,.T.);
#2926=EDGE_CURVE('',#2376,#2376,#158,.T.);
#2927=EDGE_CURVE('',#2376,#2368,#929,.T.);
#2928=EDGE_CURVE('',#2352,#2377,#930,.T.);
#2929=EDGE_CURVE('',#2377,#2377,#159,.T.);
#2930=EDGE_CURVE('',#2378,#2378,#160,.T.);
#2931=EDGE_CURVE('',#2378,#2371,#931,.T.);
#2932=EDGE_CURVE('',#2365,#2379,#932,.T.);
#2933=EDGE_CURVE('',#2379,#2379,#161,.T.);
#2934=EDGE_CURVE('',#2380,#2380,#162,.T.);
#2935=EDGE_CURVE('',#2380,#2374,#933,.T.);
#2936=EDGE_CURVE('',#2381,#2381,#163,.T.);
#2937=EDGE_CURVE('',#2381,#2382,#934,.T.);
#2938=EDGE_CURVE('',#2382,#2382,#164,.T.);
#2939=EDGE_CURVE('',#2383,#2383,#165,.T.);
#2940=EDGE_CURVE('',#2384,#2384,#166,.T.);
#2941=EDGE_CURVE('',#2384,#2385,#935,.T.);
#2942=EDGE_CURVE('',#2385,#2385,#167,.T.);
#2943=EDGE_CURVE('',#2386,#2386,#168,.T.);
#2944=EDGE_CURVE('',#2386,#2387,#936,.T.);
#2945=EDGE_CURVE('',#2387,#2387,#169,.T.);
#2946=EDGE_CURVE('',#2388,#2388,#170,.T.);
#2947=EDGE_CURVE('',#2388,#2383,#937,.T.);
#2948=EDGE_CURVE('',#2389,#2390,#938,.T.);
#2949=EDGE_CURVE('',#2389,#2391,#939,.T.);
#2950=EDGE_CURVE('',#2392,#2391,#940,.T.);
#2951=EDGE_CURVE('',#2393,#2392,#941,.T.);
#2952=EDGE_CURVE('',#2390,#2393,#942,.T.);
#2953=EDGE_CURVE('',#2394,#2389,#943,.T.);
#2954=EDGE_CURVE('',#2394,#2395,#944,.T.);
#2955=EDGE_CURVE('',#2391,#2395,#945,.T.);
#2956=EDGE_CURVE('',#2396,#2394,#946,.T.);
#2957=EDGE_CURVE('',#2397,#2396,#947,.T.);
#2958=EDGE_CURVE('',#2398,#2397,#948,.T.);
#2959=EDGE_CURVE('',#2395,#2398,#949,.T.);
#2960=EDGE_CURVE('',#2399,#2390,#950,.T.);
#2961=EDGE_CURVE('',#2400,#2399,#951,.T.);
#2962=EDGE_CURVE('',#2401,#2400,#952,.T.);
#2963=EDGE_CURVE('',#2402,#2401,#953,.T.);
#2964=EDGE_CURVE('',#2396,#2402,#954,.T.);
#2965=EDGE_CURVE('',#2393,#2403,#955,.T.);
#2966=EDGE_CURVE('',#2399,#2403,#956,.T.);
#2967=EDGE_CURVE('',#2392,#2404,#957,.T.);
#2968=EDGE_CURVE('',#2403,#2404,#958,.T.);
#2969=EDGE_CURVE('',#2405,#2402,#959,.T.);
#2970=EDGE_CURVE('',#2401,#2406,#960,.T.);
#2971=EDGE_CURVE('',#2406,#2407,#961,.T.);
#2972=EDGE_CURVE('',#2407,#2405,#962,.T.);
#2973=EDGE_CURVE('',#2408,#2400,#963,.T.);
#2974=EDGE_CURVE('',#2406,#2408,#964,.T.);
#2975=EDGE_CURVE('',#2407,#2398,#965,.T.);
#2976=EDGE_CURVE('',#2404,#2408,#966,.T.);
#2977=EDGE_CURVE('',#2405,#2397,#967,.T.);
#2978=EDGE_CURVE('',#2409,#2409,#171,.T.);
#2979=EDGE_CURVE('',#2409,#2410,#968,.T.);
#2980=EDGE_CURVE('',#2410,#2410,#172,.T.);
#2981=EDGE_CURVE('',#2411,#2411,#173,.T.);
#2982=EDGE_CURVE('',#2411,#2412,#969,.T.);
#2983=EDGE_CURVE('',#2412,#2412,#174,.T.);
#2984=EDGE_CURVE('',#2413,#2413,#175,.T.);
#2985=EDGE_CURVE('',#2413,#2414,#970,.T.);
#2986=EDGE_CURVE('',#2414,#2414,#176,.T.);
#2987=EDGE_CURVE('',#2415,#2416,#971,.T.);
#2988=EDGE_CURVE('',#2415,#2417,#972,.T.);
#2989=EDGE_CURVE('',#2418,#2417,#973,.T.);
#2990=EDGE_CURVE('',#2416,#2418,#974,.T.);
#2991=EDGE_CURVE('',#2416,#2419,#975,.T.);
#2992=EDGE_CURVE('',#2420,#2418,#976,.T.);
#2993=EDGE_CURVE('',#2419,#2420,#977,.T.);
#2994=EDGE_CURVE('',#2419,#2421,#978,.T.);
#2995=EDGE_CURVE('',#2422,#2420,#979,.T.);
#2996=EDGE_CURVE('',#2421,#2422,#980,.T.);
#2997=EDGE_CURVE('',#2421,#2423,#981,.T.);
#2998=EDGE_CURVE('',#2424,#2422,#982,.T.);
#2999=EDGE_CURVE('',#2424,#2423,#983,.T.);
#3000=EDGE_CURVE('',#2425,#2415,#984,.T.);
#3001=EDGE_CURVE('',#2425,#2426,#985,.T.);
#3002=EDGE_CURVE('',#2417,#2426,#986,.T.);
#3003=EDGE_CURVE('',#2423,#2425,#987,.T.);
#3004=EDGE_CURVE('',#2426,#2424,#988,.T.);
#3005=EDGE_CURVE('',#2427,#2428,#989,.T.);
#3006=EDGE_CURVE('',#2427,#2429,#990,.T.);
#3007=EDGE_CURVE('',#2430,#2429,#991,.T.);
#3008=EDGE_CURVE('',#2428,#2430,#992,.T.);
#3009=EDGE_CURVE('',#2428,#2431,#993,.T.);
#3010=EDGE_CURVE('',#2432,#2430,#994,.T.);
#3011=EDGE_CURVE('',#2431,#2432,#995,.T.);
#3012=EDGE_CURVE('',#2431,#2433,#996,.T.);
#3013=EDGE_CURVE('',#2434,#2432,#997,.T.);
#3014=EDGE_CURVE('',#2433,#2434,#998,.T.);
#3015=EDGE_CURVE('',#2433,#2435,#999,.T.);
#3016=EDGE_CURVE('',#2436,#2434,#1000,.T.);
#3017=EDGE_CURVE('',#2435,#2436,#1001,.T.);
#3018=EDGE_CURVE('',#2435,#2437,#1002,.T.);
#3019=EDGE_CURVE('',#2438,#2436,#1003,.T.);
#3020=EDGE_CURVE('',#2438,#2437,#1004,.T.);
#3021=EDGE_CURVE('',#2439,#2427,#1005,.T.);
#3022=EDGE_CURVE('',#2439,#2440,#1006,.T.);
#3023=EDGE_CURVE('',#2429,#2440,#1007,.T.);
#3024=EDGE_CURVE('',#2441,#2439,#1008,.T.);
#3025=EDGE_CURVE('',#2441,#2442,#1009,.T.);
#3026=EDGE_CURVE('',#2440,#2442,#1010,.T.);
#3027=EDGE_CURVE('',#2437,#2441,#1011,.T.);
#3028=EDGE_CURVE('',#2442,#2438,#1012,.T.);
#3029=EDGE_CURVE('',#2443,#2444,#1013,.T.);
#3030=EDGE_CURVE('',#2443,#2445,#1014,.T.);
#3031=EDGE_CURVE('',#2446,#2445,#1015,.T.);
#3032=EDGE_CURVE('',#2444,#2446,#1016,.T.);
#3033=EDGE_CURVE('',#2444,#2447,#1017,.T.);
#3034=EDGE_CURVE('',#2448,#2446,#1018,.T.);
#3035=EDGE_CURVE('',#2447,#2448,#1019,.T.);
#3036=EDGE_CURVE('',#2447,#2449,#1020,.T.);
#3037=EDGE_CURVE('',#2450,#2448,#1021,.T.);
#3038=EDGE_CURVE('',#2449,#2450,#1022,.T.);
#3039=EDGE_CURVE('',#2449,#2451,#1023,.T.);
#3040=EDGE_CURVE('',#2452,#2450,#1024,.T.);
#3041=EDGE_CURVE('',#2451,#2452,#1025,.T.);
#3042=EDGE_CURVE('',#2451,#2453,#1026,.T.);
#3043=EDGE_CURVE('',#2454,#2452,#1027,.T.);
#3044=EDGE_CURVE('',#2454,#2453,#1028,.T.);
#3045=EDGE_CURVE('',#2455,#2443,#1029,.T.);
#3046=EDGE_CURVE('',#2455,#2456,#1030,.T.);
#3047=EDGE_CURVE('',#2445,#2456,#1031,.T.);
#3048=EDGE_CURVE('',#2457,#2455,#1032,.T.);
#3049=EDGE_CURVE('',#2457,#2458,#1033,.T.);
#3050=EDGE_CURVE('',#2456,#2458,#1034,.T.);
#3051=EDGE_CURVE('',#2453,#2457,#1035,.T.);
#3052=EDGE_CURVE('',#2458,#2454,#1036,.T.);
#3053=EDGE_CURVE('',#2459,#2460,#1037,.T.);
#3054=EDGE_CURVE('',#2459,#2461,#1038,.T.);
#3055=EDGE_CURVE('',#2462,#2461,#1039,.T.);
#3056=EDGE_CURVE('',#2460,#2462,#1040,.T.);
#3057=EDGE_CURVE('',#2460,#2463,#1041,.T.);
#3058=EDGE_CURVE('',#2464,#2462,#1042,.T.);
#3059=EDGE_CURVE('',#2463,#2464,#1043,.T.);
#3060=EDGE_CURVE('',#2463,#2465,#1044,.T.);
#3061=EDGE_CURVE('',#2466,#2464,#1045,.T.);
#3062=EDGE_CURVE('',#2465,#2466,#1046,.T.);
#3063=EDGE_CURVE('',#2465,#2467,#1047,.T.);
#3064=EDGE_CURVE('',#2468,#2466,#1048,.T.);
#3065=EDGE_CURVE('',#2467,#2468,#1049,.T.);
#3066=EDGE_CURVE('',#2467,#2469,#1050,.T.);
#3067=EDGE_CURVE('',#2470,#2468,#1051,.T.);
#3068=EDGE_CURVE('',#2470,#2469,#1052,.T.);
#3069=EDGE_CURVE('',#2471,#2459,#1053,.T.);
#3070=EDGE_CURVE('',#2471,#2472,#1054,.T.);
#3071=EDGE_CURVE('',#2461,#2472,#1055,.T.);
#3072=EDGE_CURVE('',#2473,#2471,#1056,.T.);
#3073=EDGE_CURVE('',#2473,#2474,#1057,.T.);
#3074=EDGE_CURVE('',#2472,#2474,#1058,.T.);
#3075=EDGE_CURVE('',#2469,#2473,#1059,.T.);
#3076=EDGE_CURVE('',#2474,#2470,#1060,.T.);
#3077=EDGE_CURVE('',#2475,#2476,#1061,.T.);
#3078=EDGE_CURVE('',#2475,#2477,#1062,.T.);
#3079=EDGE_CURVE('',#2478,#2477,#1063,.T.);
#3080=EDGE_CURVE('',#2476,#2478,#1064,.T.);
#3081=EDGE_CURVE('',#2476,#2479,#1065,.T.);
#3082=EDGE_CURVE('',#2480,#2478,#1066,.T.);
#3083=EDGE_CURVE('',#2479,#2480,#1067,.T.);
#3084=EDGE_CURVE('',#2479,#2481,#1068,.T.);
#3085=EDGE_CURVE('',#2482,#2480,#1069,.T.);
#3086=EDGE_CURVE('',#2481,#2482,#1070,.T.);
#3087=EDGE_CURVE('',#2481,#2483,#1071,.T.);
#3088=EDGE_CURVE('',#2484,#2482,#1072,.T.);
#3089=EDGE_CURVE('',#2483,#2484,#1073,.T.);
#3090=EDGE_CURVE('',#2483,#2485,#1074,.T.);
#3091=EDGE_CURVE('',#2486,#2484,#1075,.T.);
#3092=EDGE_CURVE('',#2486,#2485,#1076,.T.);
#3093=EDGE_CURVE('',#2487,#2475,#1077,.T.);
#3094=EDGE_CURVE('',#2487,#2488,#1078,.T.);
#3095=EDGE_CURVE('',#2477,#2488,#1079,.T.);
#3096=EDGE_CURVE('',#2489,#2487,#1080,.T.);
#3097=EDGE_CURVE('',#2489,#2490,#1081,.T.);
#3098=EDGE_CURVE('',#2488,#2490,#1082,.T.);
#3099=EDGE_CURVE('',#2485,#2489,#1083,.T.);
#3100=EDGE_CURVE('',#2490,#2486,#1084,.T.);
#3101=EDGE_CURVE('',#2491,#2492,#1085,.T.);
#3102=EDGE_CURVE('',#2491,#2493,#1086,.T.);
#3103=EDGE_CURVE('',#2494,#2493,#1087,.T.);
#3104=EDGE_CURVE('',#2492,#2494,#1088,.T.);
#3105=EDGE_CURVE('',#2492,#2495,#1089,.T.);
#3106=EDGE_CURVE('',#2496,#2494,#1090,.T.);
#3107=EDGE_CURVE('',#2495,#2496,#1091,.T.);
#3108=EDGE_CURVE('',#2495,#2497,#1092,.T.);
#3109=EDGE_CURVE('',#2498,#2496,#1093,.T.);
#3110=EDGE_CURVE('',#2498,#2497,#1094,.T.);
#3111=EDGE_CURVE('',#2499,#2491,#1095,.T.);
#3112=EDGE_CURVE('',#2499,#2500,#1096,.T.);
#3113=EDGE_CURVE('',#2493,#2500,#1097,.T.);
#3114=EDGE_CURVE('',#2497,#2499,#1098,.T.);
#3115=EDGE_CURVE('',#2500,#2498,#1099,.T.);
#3116=EDGE_CURVE('',#2501,#2502,#1100,.T.);
#3117=EDGE_CURVE('',#2502,#2503,#1101,.T.);
#3118=EDGE_CURVE('',#2503,#2504,#1102,.T.);
#3119=EDGE_CURVE('',#2504,#2505,#1103,.T.);
#3120=EDGE_CURVE('',#2505,#2506,#1104,.T.);
#3121=EDGE_CURVE('',#2506,#2507,#1105,.T.);
#3122=EDGE_CURVE('',#2507,#2508,#1106,.T.);
#3123=EDGE_CURVE('',#2508,#2509,#1107,.T.);
#3124=EDGE_CURVE('',#2509,#2510,#1108,.T.);
#3125=EDGE_CURVE('',#2510,#2511,#1109,.T.);
#3126=EDGE_CURVE('',#2511,#2512,#1110,.T.);
#3127=EDGE_CURVE('',#2512,#2513,#1111,.T.);
#3128=EDGE_CURVE('',#2513,#2514,#1112,.T.);
#3129=EDGE_CURVE('',#2514,#2515,#1113,.T.);
#3130=EDGE_CURVE('',#2515,#2516,#1114,.T.);
#3131=EDGE_CURVE('',#2516,#2517,#1115,.T.);
#3132=EDGE_CURVE('',#2517,#2518,#1116,.T.);
#3133=EDGE_CURVE('',#2518,#2519,#1117,.T.);
#3134=EDGE_CURVE('',#2519,#2520,#1118,.T.);
#3135=EDGE_CURVE('',#2520,#2521,#1119,.T.);
#3136=EDGE_CURVE('',#2521,#2522,#1120,.T.);
#3137=EDGE_CURVE('',#2522,#2523,#1121,.T.);
#3138=EDGE_CURVE('',#2523,#2524,#1122,.T.);
#3139=EDGE_CURVE('',#2524,#2525,#1123,.T.);
#3140=EDGE_CURVE('',#2525,#2526,#1124,.T.);
#3141=EDGE_CURVE('',#2526,#2527,#1125,.T.);
#3142=EDGE_CURVE('',#2527,#2528,#1126,.T.);
#3143=EDGE_CURVE('',#2528,#2529,#1127,.T.);
#3144=EDGE_CURVE('',#2529,#2530,#1128,.T.);
#3145=EDGE_CURVE('',#2530,#2531,#1129,.T.);
#3146=EDGE_CURVE('',#2531,#2532,#1130,.T.);
#3147=EDGE_CURVE('',#2532,#2533,#1131,.T.);
#3148=EDGE_CURVE('',#2533,#2534,#1132,.T.);
#3149=EDGE_CURVE('',#2534,#2535,#1133,.T.);
#3150=EDGE_CURVE('',#2535,#2536,#1134,.T.);
#3151=EDGE_CURVE('',#2536,#2537,#1135,.T.);
#3152=EDGE_CURVE('',#2537,#2538,#1136,.T.);
#3153=EDGE_CURVE('',#2538,#2539,#1137,.T.);
#3154=EDGE_CURVE('',#2539,#2540,#1138,.T.);
#3155=EDGE_CURVE('',#2540,#2541,#1139,.T.);
#3156=EDGE_CURVE('',#2541,#2542,#1140,.T.);
#3157=EDGE_CURVE('',#2542,#2543,#1141,.T.);
#3158=EDGE_CURVE('',#2543,#2544,#1142,.T.);
#3159=EDGE_CURVE('',#2544,#2545,#1143,.T.);
#3160=EDGE_CURVE('',#2545,#2501,#1144,.T.);
#3161=EDGE_CURVE('',#2546,#2502,#1145,.T.);
#3162=EDGE_CURVE('',#2547,#2546,#1146,.T.);
#3163=EDGE_CURVE('',#2503,#2547,#1147,.T.);
#3164=EDGE_CURVE('',#2548,#2547,#1148,.T.);
#3165=EDGE_CURVE('',#2504,#2548,#1149,.T.);
#3166=EDGE_CURVE('',#2549,#2548,#1150,.T.);
#3167=EDGE_CURVE('',#2505,#2549,#1151,.T.);
#3168=EDGE_CURVE('',#2550,#2549,#1152,.T.);
#3169=EDGE_CURVE('',#2506,#2550,#1153,.T.);
#3170=EDGE_CURVE('',#2551,#2550,#1154,.T.);
#3171=EDGE_CURVE('',#2507,#2551,#1155,.T.);
#3172=EDGE_CURVE('',#2552,#2551,#1156,.T.);
#3173=EDGE_CURVE('',#2508,#2552,#1157,.T.);
#3174=EDGE_CURVE('',#2553,#2552,#1158,.T.);
#3175=EDGE_CURVE('',#2509,#2553,#1159,.T.);
#3176=EDGE_CURVE('',#2554,#2553,#1160,.T.);
#3177=EDGE_CURVE('',#2510,#2554,#1161,.T.);
#3178=EDGE_CURVE('',#2555,#2554,#1162,.T.);
#3179=EDGE_CURVE('',#2511,#2555,#1163,.T.);
#3180=EDGE_CURVE('',#2556,#2555,#1164,.T.);
#3181=EDGE_CURVE('',#2512,#2556,#1165,.T.);
#3182=EDGE_CURVE('',#2557,#2556,#1166,.T.);
#3183=EDGE_CURVE('',#2513,#2557,#1167,.T.);
#3184=EDGE_CURVE('',#2558,#2557,#1168,.T.);
#3185=EDGE_CURVE('',#2514,#2558,#1169,.T.);
#3186=EDGE_CURVE('',#2559,#2558,#1170,.T.);
#3187=EDGE_CURVE('',#2515,#2559,#1171,.T.);
#3188=EDGE_CURVE('',#2560,#2559,#1172,.T.);
#3189=EDGE_CURVE('',#2516,#2560,#1173,.T.);
#3190=EDGE_CURVE('',#2561,#2560,#1174,.T.);
#3191=EDGE_CURVE('',#2517,#2561,#1175,.T.);
#3192=EDGE_CURVE('',#2562,#2561,#1176,.T.);
#3193=EDGE_CURVE('',#2518,#2562,#1177,.T.);
#3194=EDGE_CURVE('',#2563,#2562,#1178,.T.);
#3195=EDGE_CURVE('',#2519,#2563,#1179,.T.);
#3196=EDGE_CURVE('',#2564,#2563,#1180,.T.);
#3197=EDGE_CURVE('',#2520,#2564,#1181,.T.);
#3198=EDGE_CURVE('',#2565,#2564,#1182,.T.);
#3199=EDGE_CURVE('',#2521,#2565,#1183,.T.);
#3200=EDGE_CURVE('',#2566,#2565,#1184,.T.);
#3201=EDGE_CURVE('',#2522,#2566,#1185,.T.);
#3202=EDGE_CURVE('',#2567,#2566,#1186,.T.);
#3203=EDGE_CURVE('',#2523,#2567,#1187,.T.);
#3204=EDGE_CURVE('',#2568,#2567,#1188,.T.);
#3205=EDGE_CURVE('',#2524,#2568,#1189,.T.);
#3206=EDGE_CURVE('',#2569,#2568,#1190,.T.);
#3207=EDGE_CURVE('',#2525,#2569,#1191,.T.);
#3208=EDGE_CURVE('',#2570,#2569,#1192,.T.);
#3209=EDGE_CURVE('',#2526,#2570,#1193,.T.);
#3210=EDGE_CURVE('',#2571,#2570,#1194,.T.);
#3211=EDGE_CURVE('',#2527,#2571,#1195,.T.);
#3212=EDGE_CURVE('',#2572,#2571,#1196,.T.);
#3213=EDGE_CURVE('',#2528,#2572,#1197,.T.);
#3214=EDGE_CURVE('',#2573,#2572,#1198,.T.);
#3215=EDGE_CURVE('',#2529,#2573,#1199,.T.);
#3216=EDGE_CURVE('',#2574,#2573,#1200,.T.);
#3217=EDGE_CURVE('',#2530,#2574,#1201,.T.);
#3218=EDGE_CURVE('',#2575,#2574,#1202,.T.);
#3219=EDGE_CURVE('',#2531,#2575,#1203,.T.);
#3220=EDGE_CURVE('',#2576,#2575,#1204,.T.);
#3221=EDGE_CURVE('',#2532,#2576,#1205,.T.);
#3222=EDGE_CURVE('',#2577,#2576,#1206,.T.);
#3223=EDGE_CURVE('',#2533,#2577,#1207,.T.);
#3224=EDGE_CURVE('',#2578,#2577,#1208,.T.);
#3225=EDGE_CURVE('',#2534,#2578,#1209,.T.);
#3226=EDGE_CURVE('',#2579,#2578,#1210,.T.);
#3227=EDGE_CURVE('',#2535,#2579,#1211,.T.);
#3228=EDGE_CURVE('',#2580,#2579,#1212,.T.);
#3229=EDGE_CURVE('',#2536,#2580,#1213,.T.);
#3230=EDGE_CURVE('',#2581,#2580,#1214,.T.);
#3231=EDGE_CURVE('',#2537,#2581,#1215,.T.);
#3232=EDGE_CURVE('',#2582,#2581,#1216,.T.);
#3233=EDGE_CURVE('',#2538,#2582,#1217,.T.);
#3234=EDGE_CURVE('',#2583,#2582,#1218,.T.);
#3235=EDGE_CURVE('',#2539,#2583,#1219,.T.);
#3236=EDGE_CURVE('',#2584,#2583,#1220,.T.);
#3237=EDGE_CURVE('',#2540,#2584,#1221,.T.);
#3238=EDGE_CURVE('',#2585,#2584,#1222,.T.);
#3239=EDGE_CURVE('',#2541,#2585,#1223,.T.);
#3240=EDGE_CURVE('',#2586,#2585,#1224,.T.);
#3241=EDGE_CURVE('',#2542,#2586,#1225,.T.);
#3242=EDGE_CURVE('',#2587,#2586,#1226,.T.);
#3243=EDGE_CURVE('',#2543,#2587,#1227,.T.);
#3244=EDGE_CURVE('',#2588,#2587,#1228,.T.);
#3245=EDGE_CURVE('',#2544,#2588,#1229,.T.);
#3246=EDGE_CURVE('',#2589,#2588,#1230,.T.);
#3247=EDGE_CURVE('',#2545,#2589,#1231,.T.);
#3248=EDGE_CURVE('',#2590,#2589,#1232,.T.);
#3249=EDGE_CURVE('',#2501,#2590,#1233,.T.);
#3250=EDGE_CURVE('',#2546,#2590,#1234,.T.);
#3251=EDGE_CURVE('',#2591,#2592,#1235,.T.);
#3252=EDGE_CURVE('',#2591,#2593,#1236,.T.);
#3253=EDGE_CURVE('',#2593,#2594,#1237,.T.);
#3254=EDGE_CURVE('',#2592,#2594,#1238,.T.);
#3255=EDGE_CURVE('',#2595,#2591,#1239,.T.);
#3256=EDGE_CURVE('',#2595,#2596,#1240,.T.);
#3257=EDGE_CURVE('',#2596,#2593,#1241,.T.);
#3258=EDGE_CURVE('',#2597,#2595,#1242,.T.);
#3259=EDGE_CURVE('',#2597,#2598,#1243,.T.);
#3260=EDGE_CURVE('',#2598,#2596,#1244,.T.);
#3261=EDGE_CURVE('',#2599,#2597,#1245,.T.);
#3262=EDGE_CURVE('',#2599,#2600,#1246,.T.);
#3263=EDGE_CURVE('',#2600,#2598,#1247,.T.);
#3264=EDGE_CURVE('',#2601,#2599,#1248,.T.);
#3265=EDGE_CURVE('',#2601,#2602,#1249,.T.);
#3266=EDGE_CURVE('',#2602,#2600,#1250,.T.);
#3267=EDGE_CURVE('',#2592,#2601,#1251,.T.);
#3268=EDGE_CURVE('',#2594,#2602,#1252,.T.);
#3269=EDGE_CURVE('',#2603,#2603,#177,.T.);
#3270=EDGE_CURVE('',#2604,#2605,#1253,.T.);
#3271=EDGE_CURVE('',#2604,#2606,#1254,.T.);
#3272=EDGE_CURVE('',#2606,#2607,#1255,.T.);
#3273=EDGE_CURVE('',#2605,#2607,#1256,.T.);
#3274=EDGE_CURVE('',#2608,#2604,#1257,.T.);
#3275=EDGE_CURVE('',#2608,#2609,#1258,.T.);
#3276=EDGE_CURVE('',#2609,#2606,#1259,.T.);
#3277=EDGE_CURVE('',#2610,#2608,#1260,.T.);
#3278=EDGE_CURVE('',#2610,#2611,#1261,.T.);
#3279=EDGE_CURVE('',#2611,#2609,#1262,.T.);
#3280=EDGE_CURVE('',#2612,#2610,#1263,.T.);
#3281=EDGE_CURVE('',#2612,#2613,#1264,.T.);
#3282=EDGE_CURVE('',#2613,#2611,#1265,.T.);
#3283=EDGE_CURVE('',#2614,#2612,#1266,.T.);
#3284=EDGE_CURVE('',#2614,#2615,#1267,.T.);
#3285=EDGE_CURVE('',#2615,#2613,#1268,.T.);
#3286=EDGE_CURVE('',#2605,#2614,#1269,.T.);
#3287=EDGE_CURVE('',#2607,#2615,#1270,.T.);
#3288=EDGE_CURVE('',#2616,#2616,#178,.T.);
#3289=EDGE_CURVE('',#2617,#2618,#1271,.T.);
#3290=EDGE_CURVE('',#2617,#2619,#1272,.T.);
#3291=EDGE_CURVE('',#2619,#2620,#1273,.T.);
#3292=EDGE_CURVE('',#2618,#2620,#1274,.T.);
#3293=EDGE_CURVE('',#2621,#2617,#1275,.T.);
#3294=EDGE_CURVE('',#2621,#2622,#1276,.T.);
#3295=EDGE_CURVE('',#2622,#2619,#1277,.T.);
#3296=EDGE_CURVE('',#2623,#2621,#1278,.T.);
#3297=EDGE_CURVE('',#2623,#2624,#1279,.T.);
#3298=EDGE_CURVE('',#2624,#2622,#1280,.T.);
#3299=EDGE_CURVE('',#2625,#2623,#1281,.T.);
#3300=EDGE_CURVE('',#2625,#2626,#1282,.T.);
#3301=EDGE_CURVE('',#2626,#2624,#1283,.T.);
#3302=EDGE_CURVE('',#2627,#2625,#1284,.T.);
#3303=EDGE_CURVE('',#2627,#2628,#1285,.T.);
#3304=EDGE_CURVE('',#2628,#2626,#1286,.T.);
#3305=EDGE_CURVE('',#2618,#2627,#1287,.T.);
#3306=EDGE_CURVE('',#2620,#2628,#1288,.T.);
#3307=EDGE_CURVE('',#2629,#2629,#179,.T.);
#3308=EDGE_CURVE('',#2630,#2630,#180,.T.);
#3309=EDGE_CURVE('',#2630,#2631,#1289,.T.);
#3310=EDGE_CURVE('',#2631,#2631,#181,.T.);
#3311=EDGE_CURVE('',#2632,#2632,#182,.T.);
#3312=EDGE_CURVE('',#2633,#2633,#183,.T.);
#3313=EDGE_CURVE('',#2633,#2634,#1290,.T.);
#3314=EDGE_CURVE('',#2634,#2634,#184,.T.);
#3315=EDGE_CURVE('',#2635,#2635,#185,.T.);
#3316=EDGE_CURVE('',#2636,#2636,#186,.T.);
#3317=EDGE_CURVE('',#2636,#2637,#1291,.T.);
#3318=EDGE_CURVE('',#2637,#2637,#187,.T.);
#3319=EDGE_CURVE('',#2638,#2638,#188,.T.);
#3320=EDGE_CURVE('',#2632,#2639,#1292,.T.);
#3321=EDGE_CURVE('',#2639,#2639,#189,.T.);
#3322=EDGE_CURVE('',#2640,#2640,#190,.T.);
#3323=EDGE_CURVE('',#2640,#2603,#1293,.T.);
#3324=EDGE_CURVE('',#2635,#2641,#1294,.T.);
#3325=EDGE_CURVE('',#2641,#2641,#191,.T.);
#3326=EDGE_CURVE('',#2642,#2642,#192,.T.);
#3327=EDGE_CURVE('',#2642,#2616,#1295,.T.);
#3328=EDGE_CURVE('',#2638,#2643,#1296,.T.);
#3329=EDGE_CURVE('',#2643,#2643,#193,.T.);
#3330=EDGE_CURVE('',#2644,#2644,#194,.T.);
#3331=EDGE_CURVE('',#2644,#2629,#1297,.T.);
#3332=EDGE_CURVE('',#2645,#2645,#195,.T.);
#3333=EDGE_CURVE('',#2645,#2646,#1298,.T.);
#3334=EDGE_CURVE('',#2646,#2646,#196,.T.);
#3335=EDGE_CURVE('',#2647,#2647,#197,.T.);
#3336=EDGE_CURVE('',#2648,#2648,#198,.T.);
#3337=EDGE_CURVE('',#2648,#2649,#1299,.T.);
#3338=EDGE_CURVE('',#2649,#2649,#199,.T.);
#3339=EDGE_CURVE('',#2650,#2650,#200,.T.);
#3340=EDGE_CURVE('',#2650,#2651,#1300,.T.);
#3341=EDGE_CURVE('',#2651,#2651,#201,.T.);
#3342=EDGE_CURVE('',#2652,#2652,#202,.T.);
#3343=EDGE_CURVE('',#2652,#2647,#1301,.T.);
#3344=EDGE_CURVE('',#2653,#2654,#1302,.T.);
#3345=EDGE_CURVE('',#2653,#2655,#1303,.T.);
#3346=EDGE_CURVE('',#2656,#2655,#1304,.T.);
#3347=EDGE_CURVE('',#2657,#2656,#1305,.T.);
#3348=EDGE_CURVE('',#2654,#2657,#1306,.T.);
#3349=EDGE_CURVE('',#2658,#2653,#1307,.T.);
#3350=EDGE_CURVE('',#2658,#2659,#1308,.T.);
#3351=EDGE_CURVE('',#2655,#2659,#1309,.T.);
#3352=EDGE_CURVE('',#2660,#2658,#1310,.T.);
#3353=EDGE_CURVE('',#2661,#2660,#1311,.T.);
#3354=EDGE_CURVE('',#2662,#2661,#1312,.T.);
#3355=EDGE_CURVE('',#2659,#2662,#1313,.T.);
#3356=EDGE_CURVE('',#2663,#2654,#1314,.T.);
#3357=EDGE_CURVE('',#2664,#2663,#1315,.T.);
#3358=EDGE_CURVE('',#2665,#2664,#1316,.T.);
#3359=EDGE_CURVE('',#2666,#2665,#1317,.T.);
#3360=EDGE_CURVE('',#2660,#2666,#1318,.T.);
#3361=EDGE_CURVE('',#2657,#2667,#1319,.T.);
#3362=EDGE_CURVE('',#2663,#2667,#1320,.T.);
#3363=EDGE_CURVE('',#2656,#2668,#1321,.T.);
#3364=EDGE_CURVE('',#2667,#2668,#1322,.T.);
#3365=EDGE_CURVE('',#2669,#2666,#1323,.T.);
#3366=EDGE_CURVE('',#2665,#2670,#1324,.T.);
#3367=EDGE_CURVE('',#2670,#2671,#1325,.T.);
#3368=EDGE_CURVE('',#2671,#2669,#1326,.T.);
#3369=EDGE_CURVE('',#2672,#2664,#1327,.T.);
#3370=EDGE_CURVE('',#2670,#2672,#1328,.T.);
#3371=EDGE_CURVE('',#2671,#2662,#1329,.T.);
#3372=EDGE_CURVE('',#2668,#2672,#1330,.T.);
#3373=EDGE_CURVE('',#2669,#2661,#1331,.T.);
#3374=EDGE_CURVE('',#2673,#2673,#203,.T.);
#3375=EDGE_CURVE('',#2673,#2674,#1332,.T.);
#3376=EDGE_CURVE('',#2674,#2674,#204,.T.);
#3377=EDGE_CURVE('',#2675,#2675,#205,.T.);
#3378=EDGE_CURVE('',#2675,#2676,#1333,.T.);
#3379=EDGE_CURVE('',#2676,#2676,#206,.T.);
#3380=EDGE_CURVE('',#2677,#2677,#207,.T.);
#3381=EDGE_CURVE('',#2677,#2678,#1334,.T.);
#3382=EDGE_CURVE('',#2678,#2678,#208,.T.);
#3383=EDGE_CURVE('',#2679,#2680,#1335,.T.);
#3384=EDGE_CURVE('',#2679,#2681,#1336,.T.);
#3385=EDGE_CURVE('',#2682,#2681,#1337,.T.);
#3386=EDGE_CURVE('',#2680,#2682,#1338,.T.);
#3387=EDGE_CURVE('',#2680,#2683,#1339,.T.);
#3388=EDGE_CURVE('',#2684,#2682,#1340,.T.);
#3389=EDGE_CURVE('',#2683,#2684,#1341,.T.);
#3390=EDGE_CURVE('',#2683,#2685,#1342,.T.);
#3391=EDGE_CURVE('',#2686,#2684,#1343,.T.);
#3392=EDGE_CURVE('',#2685,#2686,#1344,.T.);
#3393=EDGE_CURVE('',#2685,#2687,#1345,.T.);
#3394=EDGE_CURVE('',#2688,#2686,#1346,.T.);
#3395=EDGE_CURVE('',#2688,#2687,#1347,.T.);
#3396=EDGE_CURVE('',#2689,#2679,#1348,.T.);
#3397=EDGE_CURVE('',#2689,#2690,#1349,.T.);
#3398=EDGE_CURVE('',#2681,#2690,#1350,.T.);
#3399=EDGE_CURVE('',#2687,#2689,#1351,.T.);
#3400=EDGE_CURVE('',#2690,#2688,#1352,.T.);
#3401=EDGE_CURVE('',#2691,#2692,#1353,.T.);
#3402=EDGE_CURVE('',#2691,#2693,#1354,.T.);
#3403=EDGE_CURVE('',#2694,#2693,#1355,.T.);
#3404=EDGE_CURVE('',#2692,#2694,#1356,.T.);
#3405=EDGE_CURVE('',#2692,#2695,#1357,.T.);
#3406=EDGE_CURVE('',#2696,#2694,#1358,.T.);
#3407=EDGE_CURVE('',#2695,#2696,#1359,.T.);
#3408=EDGE_CURVE('',#2695,#2697,#1360,.T.);
#3409=EDGE_CURVE('',#2698,#2696,#1361,.T.);
#3410=EDGE_CURVE('',#2697,#2698,#1362,.T.);
#3411=EDGE_CURVE('',#2697,#2699,#1363,.T.);
#3412=EDGE_CURVE('',#2700,#2698,#1364,.T.);
#3413=EDGE_CURVE('',#2699,#2700,#1365,.T.);
#3414=EDGE_CURVE('',#2699,#2701,#1366,.T.);
#3415=EDGE_CURVE('',#2702,#2700,#1367,.T.);
#3416=EDGE_CURVE('',#2702,#2701,#1368,.T.);
#3417=EDGE_CURVE('',#2703,#2691,#1369,.T.);
#3418=EDGE_CURVE('',#2703,#2704,#1370,.T.);
#3419=EDGE_CURVE('',#2693,#2704,#1371,.T.);
#3420=EDGE_CURVE('',#2705,#2703,#1372,.T.);
#3421=EDGE_CURVE('',#2705,#2706,#1373,.T.);
#3422=EDGE_CURVE('',#2704,#2706,#1374,.T.);
#3423=EDGE_CURVE('',#2701,#2705,#1375,.T.);
#3424=EDGE_CURVE('',#2706,#2702,#1376,.T.);
#3425=EDGE_CURVE('',#2707,#2708,#1377,.T.);
#3426=EDGE_CURVE('',#2707,#2709,#1378,.T.);
#3427=EDGE_CURVE('',#2710,#2709,#1379,.T.);
#3428=EDGE_CURVE('',#2708,#2710,#1380,.T.);
#3429=EDGE_CURVE('',#2708,#2711,#1381,.T.);
#3430=EDGE_CURVE('',#2712,#2710,#1382,.T.);
#3431=EDGE_CURVE('',#2711,#2712,#1383,.T.);
#3432=EDGE_CURVE('',#2711,#2713,#1384,.T.);
#3433=EDGE_CURVE('',#2714,#2712,#1385,.T.);
#3434=EDGE_CURVE('',#2713,#2714,#1386,.T.);
#3435=EDGE_CURVE('',#2713,#2715,#1387,.T.);
#3436=EDGE_CURVE('',#2716,#2714,#1388,.T.);
#3437=EDGE_CURVE('',#2715,#2716,#1389,.T.);
#3438=EDGE_CURVE('',#2715,#2717,#1390,.T.);
#3439=EDGE_CURVE('',#2718,#2716,#1391,.T.);
#3440=EDGE_CURVE('',#2718,#2717,#1392,.T.);
#3441=EDGE_CURVE('',#2719,#2707,#1393,.T.);
#3442=EDGE_CURVE('',#2719,#2720,#1394,.T.);
#3443=EDGE_CURVE('',#2709,#2720,#1395,.T.);
#3444=EDGE_CURVE('',#2721,#2719,#1396,.T.);
#3445=EDGE_CURVE('',#2721,#2722,#1397,.T.);
#3446=EDGE_CURVE('',#2720,#2722,#1398,.T.);
#3447=EDGE_CURVE('',#2717,#2721,#1399,.T.);
#3448=EDGE_CURVE('',#2722,#2718,#1400,.T.);
#3449=EDGE_CURVE('',#2723,#2724,#1401,.T.);
#3450=EDGE_CURVE('',#2723,#2725,#1402,.T.);
#3451=EDGE_CURVE('',#2726,#2725,#1403,.T.);
#3452=EDGE_CURVE('',#2724,#2726,#1404,.T.);
#3453=EDGE_CURVE('',#2724,#2727,#1405,.T.);
#3454=EDGE_CURVE('',#2728,#2726,#1406,.T.);
#3455=EDGE_CURVE('',#2727,#2728,#1407,.T.);
#3456=EDGE_CURVE('',#2727,#2729,#1408,.T.);
#3457=EDGE_CURVE('',#2730,#2728,#1409,.T.);
#3458=EDGE_CURVE('',#2729,#2730,#1410,.T.);
#3459=EDGE_CURVE('',#2729,#2731,#1411,.T.);
#3460=EDGE_CURVE('',#2732,#2730,#1412,.T.);
#3461=EDGE_CURVE('',#2731,#2732,#1413,.T.);
#3462=EDGE_CURVE('',#2731,#2733,#1414,.T.);
#3463=EDGE_CURVE('',#2734,#2732,#1415,.T.);
#3464=EDGE_CURVE('',#2734,#2733,#1416,.T.);
#3465=EDGE_CURVE('',#2735,#2723,#1417,.T.);
#3466=EDGE_CURVE('',#2735,#2736,#1418,.T.);
#3467=EDGE_CURVE('',#2725,#2736,#1419,.T.);
#3468=EDGE_CURVE('',#2737,#2735,#1420,.T.);
#3469=EDGE_CURVE('',#2737,#2738,#1421,.T.);
#3470=EDGE_CURVE('',#2736,#2738,#1422,.T.);
#3471=EDGE_CURVE('',#2733,#2737,#1423,.T.);
#3472=EDGE_CURVE('',#2738,#2734,#1424,.T.);
#3473=EDGE_CURVE('',#2739,#2740,#1425,.T.);
#3474=EDGE_CURVE('',#2739,#2741,#1426,.T.);
#3475=EDGE_CURVE('',#2742,#2741,#1427,.T.);
#3476=EDGE_CURVE('',#2740,#2742,#1428,.T.);
#3477=EDGE_CURVE('',#2740,#2743,#1429,.T.);
#3478=EDGE_CURVE('',#2744,#2742,#1430,.T.);
#3479=EDGE_CURVE('',#2743,#2744,#1431,.T.);
#3480=EDGE_CURVE('',#2743,#2745,#1432,.T.);
#3481=EDGE_CURVE('',#2746,#2744,#1433,.T.);
#3482=EDGE_CURVE('',#2745,#2746,#1434,.T.);
#3483=EDGE_CURVE('',#2745,#2747,#1435,.T.);
#3484=EDGE_CURVE('',#2748,#2746,#1436,.T.);
#3485=EDGE_CURVE('',#2747,#2748,#1437,.T.);
#3486=EDGE_CURVE('',#2747,#2749,#1438,.T.);
#3487=EDGE_CURVE('',#2750,#2748,#1439,.T.);
#3488=EDGE_CURVE('',#2750,#2749,#1440,.T.);
#3489=EDGE_CURVE('',#2751,#2739,#1441,.T.);
#3490=EDGE_CURVE('',#2751,#2752,#1442,.T.);
#3491=EDGE_CURVE('',#2741,#2752,#1443,.T.);
#3492=EDGE_CURVE('',#2753,#2751,#1444,.T.);
#3493=EDGE_CURVE('',#2753,#2754,#1445,.T.);
#3494=EDGE_CURVE('',#2752,#2754,#1446,.T.);
#3495=EDGE_CURVE('',#2749,#2753,#1447,.T.);
#3496=EDGE_CURVE('',#2754,#2750,#1448,.T.);
#3497=EDGE_CURVE('',#2755,#2756,#1449,.T.);
#3498=EDGE_CURVE('',#2755,#2757,#1450,.T.);
#3499=EDGE_CURVE('',#2758,#2757,#1451,.T.);
#3500=EDGE_CURVE('',#2756,#2758,#1452,.T.);
#3501=EDGE_CURVE('',#2756,#2759,#1453,.T.);
#3502=EDGE_CURVE('',#2760,#2758,#1454,.T.);
#3503=EDGE_CURVE('',#2759,#2760,#1455,.T.);
#3504=EDGE_CURVE('',#2759,#2761,#1456,.T.);
#3505=EDGE_CURVE('',#2762,#2760,#1457,.T.);
#3506=EDGE_CURVE('',#2762,#2761,#1458,.T.);
#3507=EDGE_CURVE('',#2763,#2755,#1459,.T.);
#3508=EDGE_CURVE('',#2763,#2764,#1460,.T.);
#3509=EDGE_CURVE('',#2757,#2764,#1461,.T.);
#3510=EDGE_CURVE('',#2761,#2763,#1462,.T.);
#3511=EDGE_CURVE('',#2764,#2762,#1463,.T.);
#3512=EDGE_CURVE('',#2765,#2766,#1464,.T.);
#3513=EDGE_CURVE('',#2766,#2767,#1465,.T.);
#3514=EDGE_CURVE('',#2767,#2768,#1466,.T.);
#3515=EDGE_CURVE('',#2768,#2769,#1467,.T.);
#3516=EDGE_CURVE('',#2769,#2770,#1468,.T.);
#3517=EDGE_CURVE('',#2770,#2771,#1469,.T.);
#3518=EDGE_CURVE('',#2771,#2772,#1470,.T.);
#3519=EDGE_CURVE('',#2772,#2773,#1471,.T.);
#3520=EDGE_CURVE('',#2773,#2774,#1472,.T.);
#3521=EDGE_CURVE('',#2774,#2775,#1473,.T.);
#3522=EDGE_CURVE('',#2775,#2776,#1474,.T.);
#3523=EDGE_CURVE('',#2776,#2777,#1475,.T.);
#3524=EDGE_CURVE('',#2777,#2778,#1476,.T.);
#3525=EDGE_CURVE('',#2778,#2779,#1477,.T.);
#3526=EDGE_CURVE('',#2779,#2780,#1478,.T.);
#3527=EDGE_CURVE('',#2780,#2781,#1479,.T.);
#3528=EDGE_CURVE('',#2781,#2782,#1480,.T.);
#3529=EDGE_CURVE('',#2782,#2783,#1481,.T.);
#3530=EDGE_CURVE('',#2783,#2784,#1482,.T.);
#3531=EDGE_CURVE('',#2784,#2785,#1483,.T.);
#3532=EDGE_CURVE('',#2785,#2786,#1484,.T.);
#3533=EDGE_CURVE('',#2786,#2787,#1485,.T.);
#3534=EDGE_CURVE('',#2787,#2788,#1486,.T.);
#3535=EDGE_CURVE('',#2788,#2789,#1487,.T.);
#3536=EDGE_CURVE('',#2789,#2790,#1488,.T.);
#3537=EDGE_CURVE('',#2790,#2791,#1489,.T.);
#3538=EDGE_CURVE('',#2791,#2792,#1490,.T.);
#3539=EDGE_CURVE('',#2792,#2793,#1491,.T.);
#3540=EDGE_CURVE('',#2793,#2794,#1492,.T.);
#3541=EDGE_CURVE('',#2794,#2795,#1493,.T.);
#3542=EDGE_CURVE('',#2795,#2796,#1494,.T.);
#3543=EDGE_CURVE('',#2796,#2797,#1495,.T.);
#3544=EDGE_CURVE('',#2797,#2798,#1496,.T.);
#3545=EDGE_CURVE('',#2798,#2799,#1497,.T.);
#3546=EDGE_CURVE('',#2799,#2800,#1498,.T.);
#3547=EDGE_CURVE('',#2800,#2801,#1499,.T.);
#3548=EDGE_CURVE('',#2801,#2802,#1500,.T.);
#3549=EDGE_CURVE('',#2802,#2803,#1501,.T.);
#3550=EDGE_CURVE('',#2803,#2804,#1502,.T.);
#3551=EDGE_CURVE('',#2804,#2805,#1503,.T.);
#3552=EDGE_CURVE('',#2805,#2806,#1504,.T.);
#3553=EDGE_CURVE('',#2806,#2807,#1505,.T.);
#3554=EDGE_CURVE('',#2807,#2808,#1506,.T.);
#3555=EDGE_CURVE('',#2808,#2809,#1507,.T.);
#3556=EDGE_CURVE('',#2809,#2765,#1508,.T.);
#3557=EDGE_CURVE('',#2810,#2766,#1509,.T.);
#3558=EDGE_CURVE('',#2811,#2810,#1510,.T.);
#3559=EDGE_CURVE('',#2767,#2811,#1511,.T.);
#3560=EDGE_CURVE('',#2812,#2811,#1512,.T.);
#3561=EDGE_CURVE('',#2768,#2812,#1513,.T.);
#3562=EDGE_CURVE('',#2813,#2812,#1514,.T.);
#3563=EDGE_CURVE('',#2769,#2813,#1515,.T.);
#3564=EDGE_CURVE('',#2814,#2813,#1516,.T.);
#3565=EDGE_CURVE('',#2770,#2814,#1517,.T.);
#3566=EDGE_CURVE('',#2815,#2814,#1518,.T.);
#3567=EDGE_CURVE('',#2771,#2815,#1519,.T.);
#3568=EDGE_CURVE('',#2816,#2815,#1520,.T.);
#3569=EDGE_CURVE('',#2772,#2816,#1521,.T.);
#3570=EDGE_CURVE('',#2817,#2816,#1522,.T.);
#3571=EDGE_CURVE('',#2773,#2817,#1523,.T.);
#3572=EDGE_CURVE('',#2818,#2817,#1524,.T.);
#3573=EDGE_CURVE('',#2774,#2818,#1525,.T.);
#3574=EDGE_CURVE('',#2819,#2818,#1526,.T.);
#3575=EDGE_CURVE('',#2775,#2819,#1527,.T.);
#3576=EDGE_CURVE('',#2820,#2819,#1528,.T.);
#3577=EDGE_CURVE('',#2776,#2820,#1529,.T.);
#3578=EDGE_CURVE('',#2821,#2820,#1530,.T.);
#3579=EDGE_CURVE('',#2777,#2821,#1531,.T.);
#3580=EDGE_CURVE('',#2822,#2821,#1532,.T.);
#3581=EDGE_CURVE('',#2778,#2822,#1533,.T.);
#3582=EDGE_CURVE('',#2823,#2822,#1534,.T.);
#3583=EDGE_CURVE('',#2779,#2823,#1535,.T.);
#3584=EDGE_CURVE('',#2824,#2823,#1536,.T.);
#3585=EDGE_CURVE('',#2780,#2824,#1537,.T.);
#3586=EDGE_CURVE('',#2825,#2824,#1538,.T.);
#3587=EDGE_CURVE('',#2781,#2825,#1539,.T.);
#3588=EDGE_CURVE('',#2826,#2825,#1540,.T.);
#3589=EDGE_CURVE('',#2782,#2826,#1541,.T.);
#3590=EDGE_CURVE('',#2827,#2826,#1542,.T.);
#3591=EDGE_CURVE('',#2783,#2827,#1543,.T.);
#3592=EDGE_CURVE('',#2828,#2827,#1544,.T.);
#3593=EDGE_CURVE('',#2784,#2828,#1545,.T.);
#3594=EDGE_CURVE('',#2829,#2828,#1546,.T.);
#3595=EDGE_CURVE('',#2785,#2829,#1547,.T.);
#3596=EDGE_CURVE('',#2830,#2829,#1548,.T.);
#3597=EDGE_CURVE('',#2786,#2830,#1549,.T.);
#3598=EDGE_CURVE('',#2831,#2830,#1550,.T.);
#3599=EDGE_CURVE('',#2787,#2831,#1551,.T.);
#3600=EDGE_CURVE('',#2832,#2831,#1552,.T.);
#3601=EDGE_CURVE('',#2788,#2832,#1553,.T.);
#3602=EDGE_CURVE('',#2833,#2832,#1554,.T.);
#3603=EDGE_CURVE('',#2789,#2833,#1555,.T.);
#3604=EDGE_CURVE('',#2834,#2833,#1556,.T.);
#3605=EDGE_CURVE('',#2790,#2834,#1557,.T.);
#3606=EDGE_CURVE('',#2835,#2834,#1558,.T.);
#3607=EDGE_CURVE('',#2791,#2835,#1559,.T.);
#3608=EDGE_CURVE('',#2836,#2835,#1560,.T.);
#3609=EDGE_CURVE('',#2792,#2836,#1561,.T.);
#3610=EDGE_CURVE('',#2837,#2836,#1562,.T.);
#3611=EDGE_CURVE('',#2793,#2837,#1563,.T.);
#3612=EDGE_CURVE('',#2838,#2837,#1564,.T.);
#3613=EDGE_CURVE('',#2794,#2838,#1565,.T.);
#3614=EDGE_CURVE('',#2839,#2838,#1566,.T.);
#3615=EDGE_CURVE('',#2795,#2839,#1567,.T.);
#3616=EDGE_CURVE('',#2840,#2839,#1568,.T.);
#3617=EDGE_CURVE('',#2796,#2840,#1569,.T.);
#3618=EDGE_CURVE('',#2841,#2840,#1570,.T.);
#3619=EDGE_CURVE('',#2797,#2841,#1571,.T.);
#3620=EDGE_CURVE('',#2842,#2841,#1572,.T.);
#3621=EDGE_CURVE('',#2798,#2842,#1573,.T.);
#3622=EDGE_CURVE('',#2843,#2842,#1574,.T.);
#3623=EDGE_CURVE('',#2799,#2843,#1575,.T.);
#3624=EDGE_CURVE('',#2844,#2843,#1576,.T.);
#3625=EDGE_CURVE('',#2800,#2844,#1577,.T.);
#3626=EDGE_CURVE('',#2845,#2844,#1578,.T.);
#3627=EDGE_CURVE('',#2801,#2845,#1579,.T.);
#3628=EDGE_CURVE('',#2846,#2845,#1580,.T.);
#3629=EDGE_CURVE('',#2802,#2846,#1581,.T.);
#3630=EDGE_CURVE('',#2847,#2846,#1582,.T.);
#3631=EDGE_CURVE('',#2803,#2847,#1583,.T.);
#3632=EDGE_CURVE('',#2848,#2847,#1584,.T.);
#3633=EDGE_CURVE('',#2804,#2848,#1585,.T.);
#3634=EDGE_CURVE('',#2849,#2848,#1586,.T.);
#3635=EDGE_CURVE('',#2805,#2849,#1587,.T.);
#3636=EDGE_CURVE('',#2850,#2849,#1588,.T.);
#3637=EDGE_CURVE('',#2806,#2850,#1589,.T.);
#3638=EDGE_CURVE('',#2851,#2850,#1590,.T.);
#3639=EDGE_CURVE('',#2807,#2851,#1591,.T.);
#3640=EDGE_CURVE('',#2852,#2851,#1592,.T.);
#3641=EDGE_CURVE('',#2808,#2852,#1593,.T.);
#3642=EDGE_CURVE('',#2853,#2852,#1594,.T.);
#3643=EDGE_CURVE('',#2809,#2853,#1595,.T.);
#3644=EDGE_CURVE('',#2854,#2853,#1596,.T.);
#3645=EDGE_CURVE('',#2765,#2854,#1597,.T.);
#3646=EDGE_CURVE('',#2810,#2854,#1598,.T.);
#3647=ORIENTED_EDGE('',*,*,#2855,.F.);
#3648=ORIENTED_EDGE('',*,*,#2856,.T.);
#3649=ORIENTED_EDGE('',*,*,#2857,.T.);
#3650=ORIENTED_EDGE('',*,*,#2858,.F.);
#3651=ORIENTED_EDGE('',*,*,#2859,.F.);
#3652=ORIENTED_EDGE('',*,*,#2860,.T.);
#3653=ORIENTED_EDGE('',*,*,#2861,.T.);
#3654=ORIENTED_EDGE('',*,*,#2856,.F.);
#3655=ORIENTED_EDGE('',*,*,#2862,.F.);
#3656=ORIENTED_EDGE('',*,*,#2863,.T.);
#3657=ORIENTED_EDGE('',*,*,#2864,.T.);
#3658=ORIENTED_EDGE('',*,*,#2860,.F.);
#3659=ORIENTED_EDGE('',*,*,#2865,.F.);
#3660=ORIENTED_EDGE('',*,*,#2866,.T.);
#3661=ORIENTED_EDGE('',*,*,#2867,.T.);
#3662=ORIENTED_EDGE('',*,*,#2863,.F.);
#3663=ORIENTED_EDGE('',*,*,#2868,.F.);
#3664=ORIENTED_EDGE('',*,*,#2869,.T.);
#3665=ORIENTED_EDGE('',*,*,#2870,.T.);
#3666=ORIENTED_EDGE('',*,*,#2866,.F.);
#3667=ORIENTED_EDGE('',*,*,#2871,.F.);
#3668=ORIENTED_EDGE('',*,*,#2858,.T.);
#3669=ORIENTED_EDGE('',*,*,#2872,.T.);
#3670=ORIENTED_EDGE('',*,*,#2869,.F.);
#3671=ORIENTED_EDGE('',*,*,#2872,.F.);
#3672=ORIENTED_EDGE('',*,*,#2857,.F.);
#3673=ORIENTED_EDGE('',*,*,#2861,.F.);
#3674=ORIENTED_EDGE('',*,*,#2864,.F.);
#3675=ORIENTED_EDGE('',*,*,#2867,.F.);
#3676=ORIENTED_EDGE('',*,*,#2870,.F.);
#3677=ORIENTED_EDGE('',*,*,#2873,.F.);
#3678=ORIENTED_EDGE('',*,*,#2874,.F.);
#3679=ORIENTED_EDGE('',*,*,#2875,.T.);
#3680=ORIENTED_EDGE('',*,*,#2876,.T.);
#3681=ORIENTED_EDGE('',*,*,#2877,.F.);
#3682=ORIENTED_EDGE('',*,*,#2878,.F.);
#3683=ORIENTED_EDGE('',*,*,#2879,.T.);
#3684=ORIENTED_EDGE('',*,*,#2880,.T.);
#3685=ORIENTED_EDGE('',*,*,#2875,.F.);
#3686=ORIENTED_EDGE('',*,*,#2881,.F.);
#3687=ORIENTED_EDGE('',*,*,#2882,.T.);
#3688=ORIENTED_EDGE('',*,*,#2883,.T.);
#3689=ORIENTED_EDGE('',*,*,#2879,.F.);
#3690=ORIENTED_EDGE('',*,*,#2884,.F.);
#3691=ORIENTED_EDGE('',*,*,#2885,.T.);
#3692=ORIENTED_EDGE('',*,*,#2886,.T.);
#3693=ORIENTED_EDGE('',*,*,#2882,.F.);
#3694=ORIENTED_EDGE('',*,*,#2887,.F.);
#3695=ORIENTED_EDGE('',*,*,#2888,.T.);
#3696=ORIENTED_EDGE('',*,*,#2889,.T.);
#3697=ORIENTED_EDGE('',*,*,#2885,.F.);
#3698=ORIENTED_EDGE('',*,*,#2890,.F.);
#3699=ORIENTED_EDGE('',*,*,#2877,.T.);
#3700=ORIENTED_EDGE('',*,*,#2891,.T.);
#3701=ORIENTED_EDGE('',*,*,#2888,.F.);
#3702=ORIENTED_EDGE('',*,*,#2891,.F.);
#3703=ORIENTED_EDGE('',*,*,#2876,.F.);
#3704=ORIENTED_EDGE('',*,*,#2880,.F.);
#3705=ORIENTED_EDGE('',*,*,#2883,.F.);
#3706=ORIENTED_EDGE('',*,*,#2886,.F.);
#3707=ORIENTED_EDGE('',*,*,#2889,.F.);
#3708=ORIENTED_EDGE('',*,*,#2892,.F.);
#3709=ORIENTED_EDGE('',*,*,#2893,.F.);
#3710=ORIENTED_EDGE('',*,*,#2894,.T.);
#3711=ORIENTED_EDGE('',*,*,#2895,.T.);
#3712=ORIENTED_EDGE('',*,*,#2896,.F.);
#3713=ORIENTED_EDGE('',*,*,#2897,.F.);
#3714=ORIENTED_EDGE('',*,*,#2898,.T.);
#3715=ORIENTED_EDGE('',*,*,#2899,.T.);
#3716=ORIENTED_EDGE('',*,*,#2894,.F.);
#3717=ORIENTED_EDGE('',*,*,#2900,.F.);
#3718=ORIENTED_EDGE('',*,*,#2901,.T.);
#3719=ORIENTED_EDGE('',*,*,#2902,.T.);
#3720=ORIENTED_EDGE('',*,*,#2898,.F.);
#3721=ORIENTED_EDGE('',*,*,#2903,.F.);
#3722=ORIENTED_EDGE('',*,*,#2904,.T.);
#3723=ORIENTED_EDGE('',*,*,#2905,.T.);
#3724=ORIENTED_EDGE('',*,*,#2901,.F.);
#3725=ORIENTED_EDGE('',*,*,#2906,.F.);
#3726=ORIENTED_EDGE('',*,*,#2907,.T.);
#3727=ORIENTED_EDGE('',*,*,#2908,.T.);
#3728=ORIENTED_EDGE('',*,*,#2904,.F.);
#3729=ORIENTED_EDGE('',*,*,#2909,.F.);
#3730=ORIENTED_EDGE('',*,*,#2896,.T.);
#3731=ORIENTED_EDGE('',*,*,#2910,.T.);
#3732=ORIENTED_EDGE('',*,*,#2907,.F.);
#3733=ORIENTED_EDGE('',*,*,#2910,.F.);
#3734=ORIENTED_EDGE('',*,*,#2895,.F.);
#3735=ORIENTED_EDGE('',*,*,#2899,.F.);
#3736=ORIENTED_EDGE('',*,*,#2902,.F.);
#3737=ORIENTED_EDGE('',*,*,#2905,.F.);
#3738=ORIENTED_EDGE('',*,*,#2908,.F.);
#3739=ORIENTED_EDGE('',*,*,#2911,.F.);
#3740=ORIENTED_EDGE('',*,*,#2912,.F.);
#3741=ORIENTED_EDGE('',*,*,#2913,.T.);
#3742=ORIENTED_EDGE('',*,*,#2914,.T.);
#3743=ORIENTED_EDGE('',*,*,#2913,.F.);
#3744=ORIENTED_EDGE('',*,*,#2914,.F.);
#3745=ORIENTED_EDGE('',*,*,#2915,.F.);
#3746=ORIENTED_EDGE('',*,*,#2916,.F.);
#3747=ORIENTED_EDGE('',*,*,#2917,.T.);
#3748=ORIENTED_EDGE('',*,*,#2918,.T.);
#3749=ORIENTED_EDGE('',*,*,#2917,.F.);
#3750=ORIENTED_EDGE('',*,*,#2918,.F.);
#3751=ORIENTED_EDGE('',*,*,#2919,.F.);
#3752=ORIENTED_EDGE('',*,*,#2920,.F.);
#3753=ORIENTED_EDGE('',*,*,#2921,.T.);
#3754=ORIENTED_EDGE('',*,*,#2922,.T.);
#3755=ORIENTED_EDGE('',*,*,#2921,.F.);
#3756=ORIENTED_EDGE('',*,*,#2922,.F.);
#3757=ORIENTED_EDGE('',*,*,#2923,.F.);
#3758=ORIENTED_EDGE('',*,*,#2873,.T.);
#3759=ORIENTED_EDGE('',*,*,#2924,.T.);
#3760=ORIENTED_EDGE('',*,*,#2925,.F.);
#3761=ORIENTED_EDGE('',*,*,#2924,.F.);
#3762=ORIENTED_EDGE('',*,*,#2926,.F.);
#3763=ORIENTED_EDGE('',*,*,#2927,.T.);
#3764=ORIENTED_EDGE('',*,*,#2915,.T.);
#3765=ORIENTED_EDGE('',*,*,#2927,.F.);
#3766=ORIENTED_EDGE('',*,*,#2892,.T.);
#3767=ORIENTED_EDGE('',*,*,#2928,.T.);
#3768=ORIENTED_EDGE('',*,*,#2929,.F.);
#3769=ORIENTED_EDGE('',*,*,#2928,.F.);
#3770=ORIENTED_EDGE('',*,*,#2930,.F.);
#3771=ORIENTED_EDGE('',*,*,#2931,.T.);
#3772=ORIENTED_EDGE('',*,*,#2919,.T.);
#3773=ORIENTED_EDGE('',*,*,#2931,.F.);
#3774=ORIENTED_EDGE('',*,*,#2911,.T.);
#3775=ORIENTED_EDGE('',*,*,#2932,.T.);
#3776=ORIENTED_EDGE('',*,*,#2933,.F.);
#3777=ORIENTED_EDGE('',*,*,#2932,.F.);
#3778=ORIENTED_EDGE('',*,*,#2934,.F.);
#3779=ORIENTED_EDGE('',*,*,#2935,.T.);
#3780=ORIENTED_EDGE('',*,*,#2923,.T.);
#3781=ORIENTED_EDGE('',*,*,#2935,.F.);
#3782=ORIENTED_EDGE('',*,*,#2936,.F.);
#3783=ORIENTED_EDGE('',*,*,#2937,.T.);
#3784=ORIENTED_EDGE('',*,*,#2938,.F.);
#3785=ORIENTED_EDGE('',*,*,#2937,.F.);
#3786=ORIENTED_EDGE('',*,*,#2936,.T.);
#3787=ORIENTED_EDGE('',*,*,#2939,.F.);
#3788=ORIENTED_EDGE('',*,*,#2940,.F.);
#3789=ORIENTED_EDGE('',*,*,#2941,.T.);
#3790=ORIENTED_EDGE('',*,*,#2942,.T.);
#3791=ORIENTED_EDGE('',*,*,#2941,.F.);
#3792=ORIENTED_EDGE('',*,*,#2942,.F.);
#3793=ORIENTED_EDGE('',*,*,#2943,.F.);
#3794=ORIENTED_EDGE('',*,*,#2944,.T.);
#3795=ORIENTED_EDGE('',*,*,#2945,.T.);
#3796=ORIENTED_EDGE('',*,*,#2944,.F.);
#3797=ORIENTED_EDGE('',*,*,#2945,.F.);
#3798=ORIENTED_EDGE('',*,*,#2946,.F.);
#3799=ORIENTED_EDGE('',*,*,#2947,.T.);
#3800=ORIENTED_EDGE('',*,*,#2939,.T.);
#3801=ORIENTED_EDGE('',*,*,#2947,.F.);
#3802=ORIENTED_EDGE('',*,*,#2948,.F.);
#3803=ORIENTED_EDGE('',*,*,#2949,.T.);
#3804=ORIENTED_EDGE('',*,*,#2950,.F.);
#3805=ORIENTED_EDGE('',*,*,#2951,.F.);
#3806=ORIENTED_EDGE('',*,*,#2952,.F.);
#3807=ORIENTED_EDGE('',*,*,#2926,.T.);
#3808=ORIENTED_EDGE('',*,*,#2930,.T.);
#3809=ORIENTED_EDGE('',*,*,#2934,.T.);
#3810=ORIENTED_EDGE('',*,*,#2953,.F.);
#3811=ORIENTED_EDGE('',*,*,#2954,.T.);
#3812=ORIENTED_EDGE('',*,*,#2955,.F.);
#3813=ORIENTED_EDGE('',*,*,#2949,.F.);
#3814=ORIENTED_EDGE('',*,*,#2938,.T.);
#3815=ORIENTED_EDGE('',*,*,#2956,.F.);
#3816=ORIENTED_EDGE('',*,*,#2957,.F.);
#3817=ORIENTED_EDGE('',*,*,#2958,.F.);
#3818=ORIENTED_EDGE('',*,*,#2959,.F.);
#3819=ORIENTED_EDGE('',*,*,#2954,.F.);
#3820=ORIENTED_EDGE('',*,*,#2925,.T.);
#3821=ORIENTED_EDGE('',*,*,#2929,.T.);
#3822=ORIENTED_EDGE('',*,*,#2933,.T.);
#3823=ORIENTED_EDGE('',*,*,#2956,.T.);
#3824=ORIENTED_EDGE('',*,*,#2953,.T.);
#3825=ORIENTED_EDGE('',*,*,#2948,.T.);
#3826=ORIENTED_EDGE('',*,*,#2960,.F.);
#3827=ORIENTED_EDGE('',*,*,#2961,.F.);
#3828=ORIENTED_EDGE('',*,*,#2962,.F.);
#3829=ORIENTED_EDGE('',*,*,#2963,.F.);
#3830=ORIENTED_EDGE('',*,*,#2964,.F.);
#3831=ORIENTED_EDGE('',*,*,#2952,.T.);
#3832=ORIENTED_EDGE('',*,*,#2965,.T.);
#3833=ORIENTED_EDGE('',*,*,#2966,.F.);
#3834=ORIENTED_EDGE('',*,*,#2960,.T.);
#3835=ORIENTED_EDGE('',*,*,#2951,.T.);
#3836=ORIENTED_EDGE('',*,*,#2967,.T.);
#3837=ORIENTED_EDGE('',*,*,#2968,.F.);
#3838=ORIENTED_EDGE('',*,*,#2965,.F.);
#3839=ORIENTED_EDGE('',*,*,#2969,.T.);
#3840=ORIENTED_EDGE('',*,*,#2963,.T.);
#3841=ORIENTED_EDGE('',*,*,#2970,.T.);
#3842=ORIENTED_EDGE('',*,*,#2971,.T.);
#3843=ORIENTED_EDGE('',*,*,#2972,.T.);
#3844=ORIENTED_EDGE('',*,*,#2893,.T.);
#3845=ORIENTED_EDGE('',*,*,#2909,.T.);
#3846=ORIENTED_EDGE('',*,*,#2906,.T.);
#3847=ORIENTED_EDGE('',*,*,#2903,.T.);
#3848=ORIENTED_EDGE('',*,*,#2900,.T.);
#3849=ORIENTED_EDGE('',*,*,#2897,.T.);
#3850=ORIENTED_EDGE('',*,*,#2874,.T.);
#3851=ORIENTED_EDGE('',*,*,#2890,.T.);
#3852=ORIENTED_EDGE('',*,*,#2887,.T.);
#3853=ORIENTED_EDGE('',*,*,#2884,.T.);
#3854=ORIENTED_EDGE('',*,*,#2881,.T.);
#3855=ORIENTED_EDGE('',*,*,#2878,.T.);
#3856=ORIENTED_EDGE('',*,*,#2855,.T.);
#3857=ORIENTED_EDGE('',*,*,#2871,.T.);
#3858=ORIENTED_EDGE('',*,*,#2868,.T.);
#3859=ORIENTED_EDGE('',*,*,#2865,.T.);
#3860=ORIENTED_EDGE('',*,*,#2862,.T.);
#3861=ORIENTED_EDGE('',*,*,#2859,.T.);
#3862=ORIENTED_EDGE('',*,*,#2962,.T.);
#3863=ORIENTED_EDGE('',*,*,#2973,.F.);
#3864=ORIENTED_EDGE('',*,*,#2974,.F.);
#3865=ORIENTED_EDGE('',*,*,#2970,.F.);
#3866=ORIENTED_EDGE('',*,*,#2940,.T.);
#3867=ORIENTED_EDGE('',*,*,#2943,.T.);
#3868=ORIENTED_EDGE('',*,*,#2946,.T.);
#3869=ORIENTED_EDGE('',*,*,#2959,.T.);
#3870=ORIENTED_EDGE('',*,*,#2975,.F.);
#3871=ORIENTED_EDGE('',*,*,#2971,.F.);
#3872=ORIENTED_EDGE('',*,*,#2974,.T.);
#3873=ORIENTED_EDGE('',*,*,#2976,.F.);
#3874=ORIENTED_EDGE('',*,*,#2967,.F.);
#3875=ORIENTED_EDGE('',*,*,#2950,.T.);
#3876=ORIENTED_EDGE('',*,*,#2955,.T.);
#3877=ORIENTED_EDGE('',*,*,#2958,.T.);
#3878=ORIENTED_EDGE('',*,*,#2977,.F.);
#3879=ORIENTED_EDGE('',*,*,#2972,.F.);
#3880=ORIENTED_EDGE('',*,*,#2975,.T.);
#3881=ORIENTED_EDGE('',*,*,#2957,.T.);
#3882=ORIENTED_EDGE('',*,*,#2964,.T.);
#3883=ORIENTED_EDGE('',*,*,#2969,.F.);
#3884=ORIENTED_EDGE('',*,*,#2977,.T.);
#3885=ORIENTED_EDGE('',*,*,#2966,.T.);
#3886=ORIENTED_EDGE('',*,*,#2968,.T.);
#3887=ORIENTED_EDGE('',*,*,#2976,.T.);
#3888=ORIENTED_EDGE('',*,*,#2973,.T.);
#3889=ORIENTED_EDGE('',*,*,#2961,.T.);
#3890=ORIENTED_EDGE('',*,*,#2920,.T.);
#3891=ORIENTED_EDGE('',*,*,#2916,.T.);
#3892=ORIENTED_EDGE('',*,*,#2912,.T.);
#3893=ORIENTED_EDGE('',*,*,#2978,.F.);
#3894=ORIENTED_EDGE('',*,*,#2979,.T.);
#3895=ORIENTED_EDGE('',*,*,#2980,.F.);
#3896=ORIENTED_EDGE('',*,*,#2979,.F.);
#3897=ORIENTED_EDGE('',*,*,#2981,.F.);
#3898=ORIENTED_EDGE('',*,*,#2982,.T.);
#3899=ORIENTED_EDGE('',*,*,#2983,.F.);
#3900=ORIENTED_EDGE('',*,*,#2982,.F.);
#3901=ORIENTED_EDGE('',*,*,#2984,.F.);
#3902=ORIENTED_EDGE('',*,*,#2985,.T.);
#3903=ORIENTED_EDGE('',*,*,#2986,.F.);
#3904=ORIENTED_EDGE('',*,*,#2985,.F.);
#3905=ORIENTED_EDGE('',*,*,#2987,.F.);
#3906=ORIENTED_EDGE('',*,*,#2988,.T.);
#3907=ORIENTED_EDGE('',*,*,#2989,.F.);
#3908=ORIENTED_EDGE('',*,*,#2990,.F.);
#3909=ORIENTED_EDGE('',*,*,#2991,.F.);
#3910=ORIENTED_EDGE('',*,*,#2990,.T.);
#3911=ORIENTED_EDGE('',*,*,#2992,.F.);
#3912=ORIENTED_EDGE('',*,*,#2993,.F.);
#3913=ORIENTED_EDGE('',*,*,#2994,.F.);
#3914=ORIENTED_EDGE('',*,*,#2993,.T.);
#3915=ORIENTED_EDGE('',*,*,#2995,.F.);
#3916=ORIENTED_EDGE('',*,*,#2996,.F.);
#3917=ORIENTED_EDGE('',*,*,#2997,.F.);
#3918=ORIENTED_EDGE('',*,*,#2996,.T.);
#3919=ORIENTED_EDGE('',*,*,#2998,.F.);
#3920=ORIENTED_EDGE('',*,*,#2999,.T.);
#3921=ORIENTED_EDGE('',*,*,#3000,.F.);
#3922=ORIENTED_EDGE('',*,*,#3001,.T.);
#3923=ORIENTED_EDGE('',*,*,#3002,.F.);
#3924=ORIENTED_EDGE('',*,*,#2988,.F.);
#3925=ORIENTED_EDGE('',*,*,#3003,.F.);
#3926=ORIENTED_EDGE('',*,*,#2999,.F.);
#3927=ORIENTED_EDGE('',*,*,#3004,.F.);
#3928=ORIENTED_EDGE('',*,*,#3001,.F.);
#3929=ORIENTED_EDGE('',*,*,#3005,.F.);
#3930=ORIENTED_EDGE('',*,*,#3006,.T.);
#3931=ORIENTED_EDGE('',*,*,#3007,.F.);
#3932=ORIENTED_EDGE('',*,*,#3008,.F.);
#3933=ORIENTED_EDGE('',*,*,#3009,.F.);
#3934=ORIENTED_EDGE('',*,*,#3008,.T.);
#3935=ORIENTED_EDGE('',*,*,#3010,.F.);
#3936=ORIENTED_EDGE('',*,*,#3011,.F.);
#3937=ORIENTED_EDGE('',*,*,#3012,.F.);
#3938=ORIENTED_EDGE('',*,*,#3011,.T.);
#3939=ORIENTED_EDGE('',*,*,#3013,.F.);
#3940=ORIENTED_EDGE('',*,*,#3014,.F.);
#3941=ORIENTED_EDGE('',*,*,#3015,.F.);
#3942=ORIENTED_EDGE('',*,*,#3014,.T.);
#3943=ORIENTED_EDGE('',*,*,#3016,.F.);
#3944=ORIENTED_EDGE('',*,*,#3017,.F.);
#3945=ORIENTED_EDGE('',*,*,#3018,.F.);
#3946=ORIENTED_EDGE('',*,*,#3017,.T.);
#3947=ORIENTED_EDGE('',*,*,#3019,.F.);
#3948=ORIENTED_EDGE('',*,*,#3020,.T.);
#3949=ORIENTED_EDGE('',*,*,#3021,.F.);
#3950=ORIENTED_EDGE('',*,*,#3022,.T.);
#3951=ORIENTED_EDGE('',*,*,#3023,.F.);
#3952=ORIENTED_EDGE('',*,*,#3006,.F.);
#3953=ORIENTED_EDGE('',*,*,#3024,.F.);
#3954=ORIENTED_EDGE('',*,*,#3025,.T.);
#3955=ORIENTED_EDGE('',*,*,#3026,.F.);
#3956=ORIENTED_EDGE('',*,*,#3022,.F.);
#3957=ORIENTED_EDGE('',*,*,#3027,.F.);
#3958=ORIENTED_EDGE('',*,*,#3020,.F.);
#3959=ORIENTED_EDGE('',*,*,#3028,.F.);
#3960=ORIENTED_EDGE('',*,*,#3025,.F.);
#3961=ORIENTED_EDGE('',*,*,#3029,.F.);
#3962=ORIENTED_EDGE('',*,*,#3030,.T.);
#3963=ORIENTED_EDGE('',*,*,#3031,.F.);
#3964=ORIENTED_EDGE('',*,*,#3032,.F.);
#3965=ORIENTED_EDGE('',*,*,#3033,.F.);
#3966=ORIENTED_EDGE('',*,*,#3032,.T.);
#3967=ORIENTED_EDGE('',*,*,#3034,.F.);
#3968=ORIENTED_EDGE('',*,*,#3035,.F.);
#3969=ORIENTED_EDGE('',*,*,#3036,.F.);
#3970=ORIENTED_EDGE('',*,*,#3035,.T.);
#3971=ORIENTED_EDGE('',*,*,#3037,.F.);
#3972=ORIENTED_EDGE('',*,*,#3038,.F.);
#3973=ORIENTED_EDGE('',*,*,#3039,.F.);
#3974=ORIENTED_EDGE('',*,*,#3038,.T.);
#3975=ORIENTED_EDGE('',*,*,#3040,.F.);
#3976=ORIENTED_EDGE('',*,*,#3041,.F.);
#3977=ORIENTED_EDGE('',*,*,#3042,.F.);
#3978=ORIENTED_EDGE('',*,*,#3041,.T.);
#3979=ORIENTED_EDGE('',*,*,#3043,.F.);
#3980=ORIENTED_EDGE('',*,*,#3044,.T.);
#3981=ORIENTED_EDGE('',*,*,#3045,.F.);
#3982=ORIENTED_EDGE('',*,*,#3046,.T.);
#3983=ORIENTED_EDGE('',*,*,#3047,.F.);
#3984=ORIENTED_EDGE('',*,*,#3030,.F.);
#3985=ORIENTED_EDGE('',*,*,#3048,.F.);
#3986=ORIENTED_EDGE('',*,*,#3049,.T.);
#3987=ORIENTED_EDGE('',*,*,#3050,.F.);
#3988=ORIENTED_EDGE('',*,*,#3046,.F.);
#3989=ORIENTED_EDGE('',*,*,#3051,.F.);
#3990=ORIENTED_EDGE('',*,*,#3044,.F.);
#3991=ORIENTED_EDGE('',*,*,#3052,.F.);
#3992=ORIENTED_EDGE('',*,*,#3049,.F.);
#3993=ORIENTED_EDGE('',*,*,#3053,.F.);
#3994=ORIENTED_EDGE('',*,*,#3054,.T.);
#3995=ORIENTED_EDGE('',*,*,#3055,.F.);
#3996=ORIENTED_EDGE('',*,*,#3056,.F.);
#3997=ORIENTED_EDGE('',*,*,#3057,.F.);
#3998=ORIENTED_EDGE('',*,*,#3056,.T.);
#3999=ORIENTED_EDGE('',*,*,#3058,.F.);
#4000=ORIENTED_EDGE('',*,*,#3059,.F.);
#4001=ORIENTED_EDGE('',*,*,#3060,.F.);
#4002=ORIENTED_EDGE('',*,*,#3059,.T.);
#4003=ORIENTED_EDGE('',*,*,#3061,.F.);
#4004=ORIENTED_EDGE('',*,*,#3062,.F.);
#4005=ORIENTED_EDGE('',*,*,#3063,.F.);
#4006=ORIENTED_EDGE('',*,*,#3062,.T.);
#4007=ORIENTED_EDGE('',*,*,#3064,.F.);
#4008=ORIENTED_EDGE('',*,*,#3065,.F.);
#4009=ORIENTED_EDGE('',*,*,#3066,.F.);
#4010=ORIENTED_EDGE('',*,*,#3065,.T.);
#4011=ORIENTED_EDGE('',*,*,#3067,.F.);
#4012=ORIENTED_EDGE('',*,*,#3068,.T.);
#4013=ORIENTED_EDGE('',*,*,#3069,.F.);
#4014=ORIENTED_EDGE('',*,*,#3070,.T.);
#4015=ORIENTED_EDGE('',*,*,#3071,.F.);
#4016=ORIENTED_EDGE('',*,*,#3054,.F.);
#4017=ORIENTED_EDGE('',*,*,#3072,.F.);
#4018=ORIENTED_EDGE('',*,*,#3073,.T.);
#4019=ORIENTED_EDGE('',*,*,#3074,.F.);
#4020=ORIENTED_EDGE('',*,*,#3070,.F.);
#4021=ORIENTED_EDGE('',*,*,#3075,.F.);
#4022=ORIENTED_EDGE('',*,*,#3068,.F.);
#4023=ORIENTED_EDGE('',*,*,#3076,.F.);
#4024=ORIENTED_EDGE('',*,*,#3073,.F.);
#4025=ORIENTED_EDGE('',*,*,#3077,.F.);
#4026=ORIENTED_EDGE('',*,*,#3078,.T.);
#4027=ORIENTED_EDGE('',*,*,#3079,.F.);
#4028=ORIENTED_EDGE('',*,*,#3080,.F.);
#4029=ORIENTED_EDGE('',*,*,#3081,.F.);
#4030=ORIENTED_EDGE('',*,*,#3080,.T.);
#4031=ORIENTED_EDGE('',*,*,#3082,.F.);
#4032=ORIENTED_EDGE('',*,*,#3083,.F.);
#4033=ORIENTED_EDGE('',*,*,#3084,.F.);
#4034=ORIENTED_EDGE('',*,*,#3083,.T.);
#4035=ORIENTED_EDGE('',*,*,#3085,.F.);
#4036=ORIENTED_EDGE('',*,*,#3086,.F.);
#4037=ORIENTED_EDGE('',*,*,#3087,.F.);
#4038=ORIENTED_EDGE('',*,*,#3086,.T.);
#4039=ORIENTED_EDGE('',*,*,#3088,.F.);
#4040=ORIENTED_EDGE('',*,*,#3089,.F.);
#4041=ORIENTED_EDGE('',*,*,#3090,.F.);
#4042=ORIENTED_EDGE('',*,*,#3089,.T.);
#4043=ORIENTED_EDGE('',*,*,#3091,.F.);
#4044=ORIENTED_EDGE('',*,*,#3092,.T.);
#4045=ORIENTED_EDGE('',*,*,#3093,.F.);
#4046=ORIENTED_EDGE('',*,*,#3094,.T.);
#4047=ORIENTED_EDGE('',*,*,#3095,.F.);
#4048=ORIENTED_EDGE('',*,*,#3078,.F.);
#4049=ORIENTED_EDGE('',*,*,#3096,.F.);
#4050=ORIENTED_EDGE('',*,*,#3097,.T.);
#4051=ORIENTED_EDGE('',*,*,#3098,.F.);
#4052=ORIENTED_EDGE('',*,*,#3094,.F.);
#4053=ORIENTED_EDGE('',*,*,#3099,.F.);
#4054=ORIENTED_EDGE('',*,*,#3092,.F.);
#4055=ORIENTED_EDGE('',*,*,#3100,.F.);
#4056=ORIENTED_EDGE('',*,*,#3097,.F.);
#4057=ORIENTED_EDGE('',*,*,#3101,.F.);
#4058=ORIENTED_EDGE('',*,*,#3102,.T.);
#4059=ORIENTED_EDGE('',*,*,#3103,.F.);
#4060=ORIENTED_EDGE('',*,*,#3104,.F.);
#4061=ORIENTED_EDGE('',*,*,#3105,.F.);
#4062=ORIENTED_EDGE('',*,*,#3104,.T.);
#4063=ORIENTED_EDGE('',*,*,#3106,.F.);
#4064=ORIENTED_EDGE('',*,*,#3107,.F.);
#4065=ORIENTED_EDGE('',*,*,#3108,.F.);
#4066=ORIENTED_EDGE('',*,*,#3107,.T.);
#4067=ORIENTED_EDGE('',*,*,#3109,.F.);
#4068=ORIENTED_EDGE('',*,*,#3110,.T.);
#4069=ORIENTED_EDGE('',*,*,#3111,.F.);
#4070=ORIENTED_EDGE('',*,*,#3112,.T.);
#4071=ORIENTED_EDGE('',*,*,#3113,.F.);
#4072=ORIENTED_EDGE('',*,*,#3102,.F.);
#4073=ORIENTED_EDGE('',*,*,#3114,.F.);
#4074=ORIENTED_EDGE('',*,*,#3110,.F.);
#4075=ORIENTED_EDGE('',*,*,#3115,.F.);
#4076=ORIENTED_EDGE('',*,*,#3112,.F.);
#4077=ORIENTED_EDGE('',*,*,#3116,.T.);
#4078=ORIENTED_EDGE('',*,*,#3117,.T.);
#4079=ORIENTED_EDGE('',*,*,#3118,.T.);
#4080=ORIENTED_EDGE('',*,*,#3119,.T.);
#4081=ORIENTED_EDGE('',*,*,#3120,.T.);
#4082=ORIENTED_EDGE('',*,*,#3121,.T.);
#4083=ORIENTED_EDGE('',*,*,#3122,.T.);
#4084=ORIENTED_EDGE('',*,*,#3123,.T.);
#4085=ORIENTED_EDGE('',*,*,#3124,.T.);
#4086=ORIENTED_EDGE('',*,*,#3125,.T.);
#4087=ORIENTED_EDGE('',*,*,#3126,.T.);
#4088=ORIENTED_EDGE('',*,*,#3127,.T.);
#4089=ORIENTED_EDGE('',*,*,#3128,.T.);
#4090=ORIENTED_EDGE('',*,*,#3129,.T.);
#4091=ORIENTED_EDGE('',*,*,#3130,.T.);
#4092=ORIENTED_EDGE('',*,*,#3131,.T.);
#4093=ORIENTED_EDGE('',*,*,#3132,.T.);
#4094=ORIENTED_EDGE('',*,*,#3133,.T.);
#4095=ORIENTED_EDGE('',*,*,#3134,.T.);
#4096=ORIENTED_EDGE('',*,*,#3135,.T.);
#4097=ORIENTED_EDGE('',*,*,#3136,.T.);
#4098=ORIENTED_EDGE('',*,*,#3137,.T.);
#4099=ORIENTED_EDGE('',*,*,#3138,.T.);
#4100=ORIENTED_EDGE('',*,*,#3139,.T.);
#4101=ORIENTED_EDGE('',*,*,#3140,.T.);
#4102=ORIENTED_EDGE('',*,*,#3141,.T.);
#4103=ORIENTED_EDGE('',*,*,#3142,.T.);
#4104=ORIENTED_EDGE('',*,*,#3143,.T.);
#4105=ORIENTED_EDGE('',*,*,#3144,.T.);
#4106=ORIENTED_EDGE('',*,*,#3145,.T.);
#4107=ORIENTED_EDGE('',*,*,#3146,.T.);
#4108=ORIENTED_EDGE('',*,*,#3147,.T.);
#4109=ORIENTED_EDGE('',*,*,#3148,.T.);
#4110=ORIENTED_EDGE('',*,*,#3149,.T.);
#4111=ORIENTED_EDGE('',*,*,#3150,.T.);
#4112=ORIENTED_EDGE('',*,*,#3151,.T.);
#4113=ORIENTED_EDGE('',*,*,#3152,.T.);
#4114=ORIENTED_EDGE('',*,*,#3153,.T.);
#4115=ORIENTED_EDGE('',*,*,#3154,.T.);
#4116=ORIENTED_EDGE('',*,*,#3155,.T.);
#4117=ORIENTED_EDGE('',*,*,#3156,.T.);
#4118=ORIENTED_EDGE('',*,*,#3157,.T.);
#4119=ORIENTED_EDGE('',*,*,#3158,.T.);
#4120=ORIENTED_EDGE('',*,*,#3159,.T.);
#4121=ORIENTED_EDGE('',*,*,#3160,.T.);
#4122=ORIENTED_EDGE('',*,*,#2997,.T.);
#4123=ORIENTED_EDGE('',*,*,#3003,.T.);
#4124=ORIENTED_EDGE('',*,*,#3000,.T.);
#4125=ORIENTED_EDGE('',*,*,#2987,.T.);
#4126=ORIENTED_EDGE('',*,*,#2991,.T.);
#4127=ORIENTED_EDGE('',*,*,#2994,.T.);
#4128=ORIENTED_EDGE('',*,*,#3018,.T.);
#4129=ORIENTED_EDGE('',*,*,#3027,.T.);
#4130=ORIENTED_EDGE('',*,*,#3024,.T.);
#4131=ORIENTED_EDGE('',*,*,#3021,.T.);
#4132=ORIENTED_EDGE('',*,*,#3005,.T.);
#4133=ORIENTED_EDGE('',*,*,#3009,.T.);
#4134=ORIENTED_EDGE('',*,*,#3012,.T.);
#4135=ORIENTED_EDGE('',*,*,#3015,.T.);
#4136=ORIENTED_EDGE('',*,*,#3042,.T.);
#4137=ORIENTED_EDGE('',*,*,#3051,.T.);
#4138=ORIENTED_EDGE('',*,*,#3048,.T.);
#4139=ORIENTED_EDGE('',*,*,#3045,.T.);
#4140=ORIENTED_EDGE('',*,*,#3029,.T.);
#4141=ORIENTED_EDGE('',*,*,#3033,.T.);
#4142=ORIENTED_EDGE('',*,*,#3036,.T.);
#4143=ORIENTED_EDGE('',*,*,#3039,.T.);
#4144=ORIENTED_EDGE('',*,*,#3066,.T.);
#4145=ORIENTED_EDGE('',*,*,#3075,.T.);
#4146=ORIENTED_EDGE('',*,*,#3072,.T.);
#4147=ORIENTED_EDGE('',*,*,#3069,.T.);
#4148=ORIENTED_EDGE('',*,*,#3053,.T.);
#4149=ORIENTED_EDGE('',*,*,#3057,.T.);
#4150=ORIENTED_EDGE('',*,*,#3060,.T.);
#4151=ORIENTED_EDGE('',*,*,#3063,.T.);
#4152=ORIENTED_EDGE('',*,*,#3090,.T.);
#4153=ORIENTED_EDGE('',*,*,#3099,.T.);
#4154=ORIENTED_EDGE('',*,*,#3096,.T.);
#4155=ORIENTED_EDGE('',*,*,#3093,.T.);
#4156=ORIENTED_EDGE('',*,*,#3077,.T.);
#4157=ORIENTED_EDGE('',*,*,#3081,.T.);
#4158=ORIENTED_EDGE('',*,*,#3084,.T.);
#4159=ORIENTED_EDGE('',*,*,#3087,.T.);
#4160=ORIENTED_EDGE('',*,*,#3108,.T.);
#4161=ORIENTED_EDGE('',*,*,#3114,.T.);
#4162=ORIENTED_EDGE('',*,*,#3111,.T.);
#4163=ORIENTED_EDGE('',*,*,#3101,.T.);
#4164=ORIENTED_EDGE('',*,*,#3105,.T.);
#4165=ORIENTED_EDGE('',*,*,#2984,.T.);
#4166=ORIENTED_EDGE('',*,*,#2981,.T.);
#4167=ORIENTED_EDGE('',*,*,#2978,.T.);
#4168=ORIENTED_EDGE('',*,*,#3161,.F.);
#4169=ORIENTED_EDGE('',*,*,#3162,.F.);
#4170=ORIENTED_EDGE('',*,*,#3163,.F.);
#4171=ORIENTED_EDGE('',*,*,#3117,.F.);
#4172=ORIENTED_EDGE('',*,*,#3163,.T.);
#4173=ORIENTED_EDGE('',*,*,#3164,.F.);
#4174=ORIENTED_EDGE('',*,*,#3165,.F.);
#4175=ORIENTED_EDGE('',*,*,#3118,.F.);
#4176=ORIENTED_EDGE('',*,*,#3165,.T.);
#4177=ORIENTED_EDGE('',*,*,#3166,.F.);
#4178=ORIENTED_EDGE('',*,*,#3167,.F.);
#4179=ORIENTED_EDGE('',*,*,#3119,.F.);
#4180=ORIENTED_EDGE('',*,*,#3167,.T.);
#4181=ORIENTED_EDGE('',*,*,#3168,.F.);
#4182=ORIENTED_EDGE('',*,*,#3169,.F.);
#4183=ORIENTED_EDGE('',*,*,#3120,.F.);
#4184=ORIENTED_EDGE('',*,*,#3169,.T.);
#4185=ORIENTED_EDGE('',*,*,#3170,.F.);
#4186=ORIENTED_EDGE('',*,*,#3171,.F.);
#4187=ORIENTED_EDGE('',*,*,#3121,.F.);
#4188=ORIENTED_EDGE('',*,*,#3171,.T.);
#4189=ORIENTED_EDGE('',*,*,#3172,.F.);
#4190=ORIENTED_EDGE('',*,*,#3173,.F.);
#4191=ORIENTED_EDGE('',*,*,#3122,.F.);
#4192=ORIENTED_EDGE('',*,*,#3173,.T.);
#4193=ORIENTED_EDGE('',*,*,#3174,.F.);
#4194=ORIENTED_EDGE('',*,*,#3175,.F.);
#4195=ORIENTED_EDGE('',*,*,#3123,.F.);
#4196=ORIENTED_EDGE('',*,*,#3175,.T.);
#4197=ORIENTED_EDGE('',*,*,#3176,.F.);
#4198=ORIENTED_EDGE('',*,*,#3177,.F.);
#4199=ORIENTED_EDGE('',*,*,#3124,.F.);
#4200=ORIENTED_EDGE('',*,*,#3177,.T.);
#4201=ORIENTED_EDGE('',*,*,#3178,.F.);
#4202=ORIENTED_EDGE('',*,*,#3179,.F.);
#4203=ORIENTED_EDGE('',*,*,#3125,.F.);
#4204=ORIENTED_EDGE('',*,*,#3179,.T.);
#4205=ORIENTED_EDGE('',*,*,#3180,.F.);
#4206=ORIENTED_EDGE('',*,*,#3181,.F.);
#4207=ORIENTED_EDGE('',*,*,#3126,.F.);
#4208=ORIENTED_EDGE('',*,*,#3181,.T.);
#4209=ORIENTED_EDGE('',*,*,#3182,.F.);
#4210=ORIENTED_EDGE('',*,*,#3183,.F.);
#4211=ORIENTED_EDGE('',*,*,#3127,.F.);
#4212=ORIENTED_EDGE('',*,*,#3183,.T.);
#4213=ORIENTED_EDGE('',*,*,#3184,.F.);
#4214=ORIENTED_EDGE('',*,*,#3185,.F.);
#4215=ORIENTED_EDGE('',*,*,#3128,.F.);
#4216=ORIENTED_EDGE('',*,*,#3185,.T.);
#4217=ORIENTED_EDGE('',*,*,#3186,.F.);
#4218=ORIENTED_EDGE('',*,*,#3187,.F.);
#4219=ORIENTED_EDGE('',*,*,#3129,.F.);
#4220=ORIENTED_EDGE('',*,*,#3187,.T.);
#4221=ORIENTED_EDGE('',*,*,#3188,.F.);
#4222=ORIENTED_EDGE('',*,*,#3189,.F.);
#4223=ORIENTED_EDGE('',*,*,#3130,.F.);
#4224=ORIENTED_EDGE('',*,*,#3189,.T.);
#4225=ORIENTED_EDGE('',*,*,#3190,.F.);
#4226=ORIENTED_EDGE('',*,*,#3191,.F.);
#4227=ORIENTED_EDGE('',*,*,#3131,.F.);
#4228=ORIENTED_EDGE('',*,*,#3191,.T.);
#4229=ORIENTED_EDGE('',*,*,#3192,.F.);
#4230=ORIENTED_EDGE('',*,*,#3193,.F.);
#4231=ORIENTED_EDGE('',*,*,#3132,.F.);
#4232=ORIENTED_EDGE('',*,*,#3193,.T.);
#4233=ORIENTED_EDGE('',*,*,#3194,.F.);
#4234=ORIENTED_EDGE('',*,*,#3195,.F.);
#4235=ORIENTED_EDGE('',*,*,#3133,.F.);
#4236=ORIENTED_EDGE('',*,*,#3195,.T.);
#4237=ORIENTED_EDGE('',*,*,#3196,.F.);
#4238=ORIENTED_EDGE('',*,*,#3197,.F.);
#4239=ORIENTED_EDGE('',*,*,#3134,.F.);
#4240=ORIENTED_EDGE('',*,*,#3197,.T.);
#4241=ORIENTED_EDGE('',*,*,#3198,.F.);
#4242=ORIENTED_EDGE('',*,*,#3199,.F.);
#4243=ORIENTED_EDGE('',*,*,#3135,.F.);
#4244=ORIENTED_EDGE('',*,*,#3199,.T.);
#4245=ORIENTED_EDGE('',*,*,#3200,.F.);
#4246=ORIENTED_EDGE('',*,*,#3201,.F.);
#4247=ORIENTED_EDGE('',*,*,#3136,.F.);
#4248=ORIENTED_EDGE('',*,*,#3201,.T.);
#4249=ORIENTED_EDGE('',*,*,#3202,.F.);
#4250=ORIENTED_EDGE('',*,*,#3203,.F.);
#4251=ORIENTED_EDGE('',*,*,#3137,.F.);
#4252=ORIENTED_EDGE('',*,*,#3203,.T.);
#4253=ORIENTED_EDGE('',*,*,#3204,.F.);
#4254=ORIENTED_EDGE('',*,*,#3205,.F.);
#4255=ORIENTED_EDGE('',*,*,#3138,.F.);
#4256=ORIENTED_EDGE('',*,*,#3205,.T.);
#4257=ORIENTED_EDGE('',*,*,#3206,.F.);
#4258=ORIENTED_EDGE('',*,*,#3207,.F.);
#4259=ORIENTED_EDGE('',*,*,#3139,.F.);
#4260=ORIENTED_EDGE('',*,*,#3207,.T.);
#4261=ORIENTED_EDGE('',*,*,#3208,.F.);
#4262=ORIENTED_EDGE('',*,*,#3209,.F.);
#4263=ORIENTED_EDGE('',*,*,#3140,.F.);
#4264=ORIENTED_EDGE('',*,*,#3209,.T.);
#4265=ORIENTED_EDGE('',*,*,#3210,.F.);
#4266=ORIENTED_EDGE('',*,*,#3211,.F.);
#4267=ORIENTED_EDGE('',*,*,#3141,.F.);
#4268=ORIENTED_EDGE('',*,*,#3211,.T.);
#4269=ORIENTED_EDGE('',*,*,#3212,.F.);
#4270=ORIENTED_EDGE('',*,*,#3213,.F.);
#4271=ORIENTED_EDGE('',*,*,#3142,.F.);
#4272=ORIENTED_EDGE('',*,*,#3213,.T.);
#4273=ORIENTED_EDGE('',*,*,#3214,.F.);
#4274=ORIENTED_EDGE('',*,*,#3215,.F.);
#4275=ORIENTED_EDGE('',*,*,#3143,.F.);
#4276=ORIENTED_EDGE('',*,*,#3215,.T.);
#4277=ORIENTED_EDGE('',*,*,#3216,.F.);
#4278=ORIENTED_EDGE('',*,*,#3217,.F.);
#4279=ORIENTED_EDGE('',*,*,#3144,.F.);
#4280=ORIENTED_EDGE('',*,*,#3217,.T.);
#4281=ORIENTED_EDGE('',*,*,#3218,.F.);
#4282=ORIENTED_EDGE('',*,*,#3219,.F.);
#4283=ORIENTED_EDGE('',*,*,#3145,.F.);
#4284=ORIENTED_EDGE('',*,*,#3219,.T.);
#4285=ORIENTED_EDGE('',*,*,#3220,.F.);
#4286=ORIENTED_EDGE('',*,*,#3221,.F.);
#4287=ORIENTED_EDGE('',*,*,#3146,.F.);
#4288=ORIENTED_EDGE('',*,*,#3221,.T.);
#4289=ORIENTED_EDGE('',*,*,#3222,.F.);
#4290=ORIENTED_EDGE('',*,*,#3223,.F.);
#4291=ORIENTED_EDGE('',*,*,#3147,.F.);
#4292=ORIENTED_EDGE('',*,*,#3223,.T.);
#4293=ORIENTED_EDGE('',*,*,#3224,.F.);
#4294=ORIENTED_EDGE('',*,*,#3225,.F.);
#4295=ORIENTED_EDGE('',*,*,#3148,.F.);
#4296=ORIENTED_EDGE('',*,*,#3225,.T.);
#4297=ORIENTED_EDGE('',*,*,#3226,.F.);
#4298=ORIENTED_EDGE('',*,*,#3227,.F.);
#4299=ORIENTED_EDGE('',*,*,#3149,.F.);
#4300=ORIENTED_EDGE('',*,*,#3227,.T.);
#4301=ORIENTED_EDGE('',*,*,#3228,.F.);
#4302=ORIENTED_EDGE('',*,*,#3229,.F.);
#4303=ORIENTED_EDGE('',*,*,#3150,.F.);
#4304=ORIENTED_EDGE('',*,*,#3229,.T.);
#4305=ORIENTED_EDGE('',*,*,#3230,.F.);
#4306=ORIENTED_EDGE('',*,*,#3231,.F.);
#4307=ORIENTED_EDGE('',*,*,#3151,.F.);
#4308=ORIENTED_EDGE('',*,*,#3231,.T.);
#4309=ORIENTED_EDGE('',*,*,#3232,.F.);
#4310=ORIENTED_EDGE('',*,*,#3233,.F.);
#4311=ORIENTED_EDGE('',*,*,#3152,.F.);
#4312=ORIENTED_EDGE('',*,*,#3233,.T.);
#4313=ORIENTED_EDGE('',*,*,#3234,.F.);
#4314=ORIENTED_EDGE('',*,*,#3235,.F.);
#4315=ORIENTED_EDGE('',*,*,#3153,.F.);
#4316=ORIENTED_EDGE('',*,*,#3235,.T.);
#4317=ORIENTED_EDGE('',*,*,#3236,.F.);
#4318=ORIENTED_EDGE('',*,*,#3237,.F.);
#4319=ORIENTED_EDGE('',*,*,#3154,.F.);
#4320=ORIENTED_EDGE('',*,*,#3237,.T.);
#4321=ORIENTED_EDGE('',*,*,#3238,.F.);
#4322=ORIENTED_EDGE('',*,*,#3239,.F.);
#4323=ORIENTED_EDGE('',*,*,#3155,.F.);
#4324=ORIENTED_EDGE('',*,*,#3239,.T.);
#4325=ORIENTED_EDGE('',*,*,#3240,.F.);
#4326=ORIENTED_EDGE('',*,*,#3241,.F.);
#4327=ORIENTED_EDGE('',*,*,#3156,.F.);
#4328=ORIENTED_EDGE('',*,*,#3241,.T.);
#4329=ORIENTED_EDGE('',*,*,#3242,.F.);
#4330=ORIENTED_EDGE('',*,*,#3243,.F.);
#4331=ORIENTED_EDGE('',*,*,#3157,.F.);
#4332=ORIENTED_EDGE('',*,*,#3243,.T.);
#4333=ORIENTED_EDGE('',*,*,#3244,.F.);
#4334=ORIENTED_EDGE('',*,*,#3245,.F.);
#4335=ORIENTED_EDGE('',*,*,#3158,.F.);
#4336=ORIENTED_EDGE('',*,*,#3245,.T.);
#4337=ORIENTED_EDGE('',*,*,#3246,.F.);
#4338=ORIENTED_EDGE('',*,*,#3247,.F.);
#4339=ORIENTED_EDGE('',*,*,#3159,.F.);
#4340=ORIENTED_EDGE('',*,*,#3247,.T.);
#4341=ORIENTED_EDGE('',*,*,#3248,.F.);
#4342=ORIENTED_EDGE('',*,*,#3249,.F.);
#4343=ORIENTED_EDGE('',*,*,#3160,.F.);
#4344=ORIENTED_EDGE('',*,*,#3249,.T.);
#4345=ORIENTED_EDGE('',*,*,#3250,.F.);
#4346=ORIENTED_EDGE('',*,*,#3161,.T.);
#4347=ORIENTED_EDGE('',*,*,#3116,.F.);
#4348=ORIENTED_EDGE('',*,*,#3250,.T.);
#4349=ORIENTED_EDGE('',*,*,#3248,.T.);
#4350=ORIENTED_EDGE('',*,*,#3246,.T.);
#4351=ORIENTED_EDGE('',*,*,#3244,.T.);
#4352=ORIENTED_EDGE('',*,*,#3242,.T.);
#4353=ORIENTED_EDGE('',*,*,#3240,.T.);
#4354=ORIENTED_EDGE('',*,*,#3238,.T.);
#4355=ORIENTED_EDGE('',*,*,#3236,.T.);
#4356=ORIENTED_EDGE('',*,*,#3234,.T.);
#4357=ORIENTED_EDGE('',*,*,#3232,.T.);
#4358=ORIENTED_EDGE('',*,*,#3230,.T.);
#4359=ORIENTED_EDGE('',*,*,#3228,.T.);
#4360=ORIENTED_EDGE('',*,*,#3226,.T.);
#4361=ORIENTED_EDGE('',*,*,#3224,.T.);
#4362=ORIENTED_EDGE('',*,*,#3222,.T.);
#4363=ORIENTED_EDGE('',*,*,#3220,.T.);
#4364=ORIENTED_EDGE('',*,*,#3218,.T.);
#4365=ORIENTED_EDGE('',*,*,#3216,.T.);
#4366=ORIENTED_EDGE('',*,*,#3214,.T.);
#4367=ORIENTED_EDGE('',*,*,#3212,.T.);
#4368=ORIENTED_EDGE('',*,*,#3210,.T.);
#4369=ORIENTED_EDGE('',*,*,#3208,.T.);
#4370=ORIENTED_EDGE('',*,*,#3206,.T.);
#4371=ORIENTED_EDGE('',*,*,#3204,.T.);
#4372=ORIENTED_EDGE('',*,*,#3202,.T.);
#4373=ORIENTED_EDGE('',*,*,#3200,.T.);
#4374=ORIENTED_EDGE('',*,*,#3198,.T.);
#4375=ORIENTED_EDGE('',*,*,#3196,.T.);
#4376=ORIENTED_EDGE('',*,*,#3194,.T.);
#4377=ORIENTED_EDGE('',*,*,#3192,.T.);
#4378=ORIENTED_EDGE('',*,*,#3190,.T.);
#4379=ORIENTED_EDGE('',*,*,#3188,.T.);
#4380=ORIENTED_EDGE('',*,*,#3186,.T.);
#4381=ORIENTED_EDGE('',*,*,#3184,.T.);
#4382=ORIENTED_EDGE('',*,*,#3182,.T.);
#4383=ORIENTED_EDGE('',*,*,#3180,.T.);
#4384=ORIENTED_EDGE('',*,*,#3178,.T.);
#4385=ORIENTED_EDGE('',*,*,#3176,.T.);
#4386=ORIENTED_EDGE('',*,*,#3174,.T.);
#4387=ORIENTED_EDGE('',*,*,#3172,.T.);
#4388=ORIENTED_EDGE('',*,*,#3170,.T.);
#4389=ORIENTED_EDGE('',*,*,#3168,.T.);
#4390=ORIENTED_EDGE('',*,*,#3166,.T.);
#4391=ORIENTED_EDGE('',*,*,#3164,.T.);
#4392=ORIENTED_EDGE('',*,*,#3162,.T.);
#4393=ORIENTED_EDGE('',*,*,#2998,.T.);
#4394=ORIENTED_EDGE('',*,*,#2995,.T.);
#4395=ORIENTED_EDGE('',*,*,#2992,.T.);
#4396=ORIENTED_EDGE('',*,*,#2989,.T.);
#4397=ORIENTED_EDGE('',*,*,#3002,.T.);
#4398=ORIENTED_EDGE('',*,*,#3004,.T.);
#4399=ORIENTED_EDGE('',*,*,#3019,.T.);
#4400=ORIENTED_EDGE('',*,*,#3016,.T.);
#4401=ORIENTED_EDGE('',*,*,#3013,.T.);
#4402=ORIENTED_EDGE('',*,*,#3010,.T.);
#4403=ORIENTED_EDGE('',*,*,#3007,.T.);
#4404=ORIENTED_EDGE('',*,*,#3023,.T.);
#4405=ORIENTED_EDGE('',*,*,#3026,.T.);
#4406=ORIENTED_EDGE('',*,*,#3028,.T.);
#4407=ORIENTED_EDGE('',*,*,#3043,.T.);
#4408=ORIENTED_EDGE('',*,*,#3040,.T.);
#4409=ORIENTED_EDGE('',*,*,#3037,.T.);
#4410=ORIENTED_EDGE('',*,*,#3034,.T.);
#4411=ORIENTED_EDGE('',*,*,#3031,.T.);
#4412=ORIENTED_EDGE('',*,*,#3047,.T.);
#4413=ORIENTED_EDGE('',*,*,#3050,.T.);
#4414=ORIENTED_EDGE('',*,*,#3052,.T.);
#4415=ORIENTED_EDGE('',*,*,#3067,.T.);
#4416=ORIENTED_EDGE('',*,*,#3064,.T.);
#4417=ORIENTED_EDGE('',*,*,#3061,.T.);
#4418=ORIENTED_EDGE('',*,*,#3058,.T.);
#4419=ORIENTED_EDGE('',*,*,#3055,.T.);
#4420=ORIENTED_EDGE('',*,*,#3071,.T.);
#4421=ORIENTED_EDGE('',*,*,#3074,.T.);
#4422=ORIENTED_EDGE('',*,*,#3076,.T.);
#4423=ORIENTED_EDGE('',*,*,#3091,.T.);
#4424=ORIENTED_EDGE('',*,*,#3088,.T.);
#4425=ORIENTED_EDGE('',*,*,#3085,.T.);
#4426=ORIENTED_EDGE('',*,*,#3082,.T.);
#4427=ORIENTED_EDGE('',*,*,#3079,.T.);
#4428=ORIENTED_EDGE('',*,*,#3095,.T.);
#4429=ORIENTED_EDGE('',*,*,#3098,.T.);
#4430=ORIENTED_EDGE('',*,*,#3100,.T.);
#4431=ORIENTED_EDGE('',*,*,#3109,.T.);
#4432=ORIENTED_EDGE('',*,*,#3106,.T.);
#4433=ORIENTED_EDGE('',*,*,#3103,.T.);
#4434=ORIENTED_EDGE('',*,*,#3113,.T.);
#4435=ORIENTED_EDGE('',*,*,#3115,.T.);
#4436=ORIENTED_EDGE('',*,*,#2986,.T.);
#4437=ORIENTED_EDGE('',*,*,#2983,.T.);
#4438=ORIENTED_EDGE('',*,*,#2980,.T.);
#4439=ORIENTED_EDGE('',*,*,#3251,.F.);
#4440=ORIENTED_EDGE('',*,*,#3252,.T.);
#4441=ORIENTED_EDGE('',*,*,#3253,.T.);
#4442=ORIENTED_EDGE('',*,*,#3254,.F.);
#4443=ORIENTED_EDGE('',*,*,#3255,.F.);
#4444=ORIENTED_EDGE('',*,*,#3256,.T.);
#4445=ORIENTED_EDGE('',*,*,#3257,.T.);
#4446=ORIENTED_EDGE('',*,*,#3252,.F.);
#4447=ORIENTED_EDGE('',*,*,#3258,.F.);
#4448=ORIENTED_EDGE('',*,*,#3259,.T.);
#4449=ORIENTED_EDGE('',*,*,#3260,.T.);
#4450=ORIENTED_EDGE('',*,*,#3256,.F.);
#4451=ORIENTED_EDGE('',*,*,#3261,.F.);
#4452=ORIENTED_EDGE('',*,*,#3262,.T.);
#4453=ORIENTED_EDGE('',*,*,#3263,.T.);
#4454=ORIENTED_EDGE('',*,*,#3259,.F.);
#4455=ORIENTED_EDGE('',*,*,#3264,.F.);
#4456=ORIENTED_EDGE('',*,*,#3265,.T.);
#4457=ORIENTED_EDGE('',*,*,#3266,.T.);
#4458=ORIENTED_EDGE('',*,*,#3262,.F.);
#4459=ORIENTED_EDGE('',*,*,#3267,.F.);
#4460=ORIENTED_EDGE('',*,*,#3254,.T.);
#4461=ORIENTED_EDGE('',*,*,#3268,.T.);
#4462=ORIENTED_EDGE('',*,*,#3265,.F.);
#4463=ORIENTED_EDGE('',*,*,#3268,.F.);
#4464=ORIENTED_EDGE('',*,*,#3253,.F.);
#4465=ORIENTED_EDGE('',*,*,#3257,.F.);
#4466=ORIENTED_EDGE('',*,*,#3260,.F.);
#4467=ORIENTED_EDGE('',*,*,#3263,.F.);
#4468=ORIENTED_EDGE('',*,*,#3266,.F.);
#4469=ORIENTED_EDGE('',*,*,#3269,.F.);
#4470=ORIENTED_EDGE('',*,*,#3270,.F.);
#4471=ORIENTED_EDGE('',*,*,#3271,.T.);
#4472=ORIENTED_EDGE('',*,*,#3272,.T.);
#4473=ORIENTED_EDGE('',*,*,#3273,.F.);
#4474=ORIENTED_EDGE('',*,*,#3274,.F.);
#4475=ORIENTED_EDGE('',*,*,#3275,.T.);
#4476=ORIENTED_EDGE('',*,*,#3276,.T.);
#4477=ORIENTED_EDGE('',*,*,#3271,.F.);
#4478=ORIENTED_EDGE('',*,*,#3277,.F.);
#4479=ORIENTED_EDGE('',*,*,#3278,.T.);
#4480=ORIENTED_EDGE('',*,*,#3279,.T.);
#4481=ORIENTED_EDGE('',*,*,#3275,.F.);
#4482=ORIENTED_EDGE('',*,*,#3280,.F.);
#4483=ORIENTED_EDGE('',*,*,#3281,.T.);
#4484=ORIENTED_EDGE('',*,*,#3282,.T.);
#4485=ORIENTED_EDGE('',*,*,#3278,.F.);
#4486=ORIENTED_EDGE('',*,*,#3283,.F.);
#4487=ORIENTED_EDGE('',*,*,#3284,.T.);
#4488=ORIENTED_EDGE('',*,*,#3285,.T.);
#4489=ORIENTED_EDGE('',*,*,#3281,.F.);
#4490=ORIENTED_EDGE('',*,*,#3286,.F.);
#4491=ORIENTED_EDGE('',*,*,#3273,.T.);
#4492=ORIENTED_EDGE('',*,*,#3287,.T.);
#4493=ORIENTED_EDGE('',*,*,#3284,.F.);
#4494=ORIENTED_EDGE('',*,*,#3287,.F.);
#4495=ORIENTED_EDGE('',*,*,#3272,.F.);
#4496=ORIENTED_EDGE('',*,*,#3276,.F.);
#4497=ORIENTED_EDGE('',*,*,#3279,.F.);
#4498=ORIENTED_EDGE('',*,*,#3282,.F.);
#4499=ORIENTED_EDGE('',*,*,#3285,.F.);
#4500=ORIENTED_EDGE('',*,*,#3288,.F.);
#4501=ORIENTED_EDGE('',*,*,#3289,.F.);
#4502=ORIENTED_EDGE('',*,*,#3290,.T.);
#4503=ORIENTED_EDGE('',*,*,#3291,.T.);
#4504=ORIENTED_EDGE('',*,*,#3292,.F.);
#4505=ORIENTED_EDGE('',*,*,#3293,.F.);
#4506=ORIENTED_EDGE('',*,*,#3294,.T.);
#4507=ORIENTED_EDGE('',*,*,#3295,.T.);
#4508=ORIENTED_EDGE('',*,*,#3290,.F.);
#4509=ORIENTED_EDGE('',*,*,#3296,.F.);
#4510=ORIENTED_EDGE('',*,*,#3297,.T.);
#4511=ORIENTED_EDGE('',*,*,#3298,.T.);
#4512=ORIENTED_EDGE('',*,*,#3294,.F.);
#4513=ORIENTED_EDGE('',*,*,#3299,.F.);
#4514=ORIENTED_EDGE('',*,*,#3300,.T.);
#4515=ORIENTED_EDGE('',*,*,#3301,.T.);
#4516=ORIENTED_EDGE('',*,*,#3297,.F.);
#4517=ORIENTED_EDGE('',*,*,#3302,.F.);
#4518=ORIENTED_EDGE('',*,*,#3303,.T.);
#4519=ORIENTED_EDGE('',*,*,#3304,.T.);
#4520=ORIENTED_EDGE('',*,*,#3300,.F.);
#4521=ORIENTED_EDGE('',*,*,#3305,.F.);
#4522=ORIENTED_EDGE('',*,*,#3292,.T.);
#4523=ORIENTED_EDGE('',*,*,#3306,.T.);
#4524=ORIENTED_EDGE('',*,*,#3303,.F.);
#4525=ORIENTED_EDGE('',*,*,#3306,.F.);
#4526=ORIENTED_EDGE('',*,*,#3291,.F.);
#4527=ORIENTED_EDGE('',*,*,#3295,.F.);
#4528=ORIENTED_EDGE('',*,*,#3298,.F.);
#4529=ORIENTED_EDGE('',*,*,#3301,.F.);
#4530=ORIENTED_EDGE('',*,*,#3304,.F.);
#4531=ORIENTED_EDGE('',*,*,#3307,.F.);
#4532=ORIENTED_EDGE('',*,*,#3308,.F.);
#4533=ORIENTED_EDGE('',*,*,#3309,.T.);
#4534=ORIENTED_EDGE('',*,*,#3310,.T.);
#4535=ORIENTED_EDGE('',*,*,#3309,.F.);
#4536=ORIENTED_EDGE('',*,*,#3310,.F.);
#4537=ORIENTED_EDGE('',*,*,#3311,.F.);
#4538=ORIENTED_EDGE('',*,*,#3312,.F.);
#4539=ORIENTED_EDGE('',*,*,#3313,.T.);
#4540=ORIENTED_EDGE('',*,*,#3314,.T.);
#4541=ORIENTED_EDGE('',*,*,#3313,.F.);
#4542=ORIENTED_EDGE('',*,*,#3314,.F.);
#4543=ORIENTED_EDGE('',*,*,#3315,.F.);
#4544=ORIENTED_EDGE('',*,*,#3316,.F.);
#4545=ORIENTED_EDGE('',*,*,#3317,.T.);
#4546=ORIENTED_EDGE('',*,*,#3318,.T.);
#4547=ORIENTED_EDGE('',*,*,#3317,.F.);
#4548=ORIENTED_EDGE('',*,*,#3318,.F.);
#4549=ORIENTED_EDGE('',*,*,#3319,.F.);
#4550=ORIENTED_EDGE('',*,*,#3311,.T.);
#4551=ORIENTED_EDGE('',*,*,#3320,.T.);
#4552=ORIENTED_EDGE('',*,*,#3321,.F.);
#4553=ORIENTED_EDGE('',*,*,#3320,.F.);
#4554=ORIENTED_EDGE('',*,*,#3322,.F.);
#4555=ORIENTED_EDGE('',*,*,#3323,.T.);
#4556=ORIENTED_EDGE('',*,*,#3269,.T.);
#4557=ORIENTED_EDGE('',*,*,#3323,.F.);
#4558=ORIENTED_EDGE('',*,*,#3315,.T.);
#4559=ORIENTED_EDGE('',*,*,#3324,.T.);
#4560=ORIENTED_EDGE('',*,*,#3325,.F.);
#4561=ORIENTED_EDGE('',*,*,#3324,.F.);
#4562=ORIENTED_EDGE('',*,*,#3326,.F.);
#4563=ORIENTED_EDGE('',*,*,#3327,.T.);
#4564=ORIENTED_EDGE('',*,*,#3288,.T.);
#4565=ORIENTED_EDGE('',*,*,#3327,.F.);
#4566=ORIENTED_EDGE('',*,*,#3319,.T.);
#4567=ORIENTED_EDGE('',*,*,#3328,.T.);
#4568=ORIENTED_EDGE('',*,*,#3329,.F.);
#4569=ORIENTED_EDGE('',*,*,#3328,.F.);
#4570=ORIENTED_EDGE('',*,*,#3330,.F.);
#4571=ORIENTED_EDGE('',*,*,#3331,.T.);
#4572=ORIENTED_EDGE('',*,*,#3307,.T.);
#4573=ORIENTED_EDGE('',*,*,#3331,.F.);
#4574=ORIENTED_EDGE('',*,*,#3332,.F.);
#4575=ORIENTED_EDGE('',*,*,#3333,.T.);
#4576=ORIENTED_EDGE('',*,*,#3334,.F.);
#4577=ORIENTED_EDGE('',*,*,#3333,.F.);
#4578=ORIENTED_EDGE('',*,*,#3332,.T.);
#4579=ORIENTED_EDGE('',*,*,#3335,.F.);
#4580=ORIENTED_EDGE('',*,*,#3336,.F.);
#4581=ORIENTED_EDGE('',*,*,#3337,.T.);
#4582=ORIENTED_EDGE('',*,*,#3338,.T.);
#4583=ORIENTED_EDGE('',*,*,#3337,.F.);
#4584=ORIENTED_EDGE('',*,*,#3338,.F.);
#4585=ORIENTED_EDGE('',*,*,#3339,.F.);
#4586=ORIENTED_EDGE('',*,*,#3340,.T.);
#4587=ORIENTED_EDGE('',*,*,#3341,.T.);
#4588=ORIENTED_EDGE('',*,*,#3340,.F.);
#4589=ORIENTED_EDGE('',*,*,#3341,.F.);
#4590=ORIENTED_EDGE('',*,*,#3342,.F.);
#4591=ORIENTED_EDGE('',*,*,#3343,.T.);
#4592=ORIENTED_EDGE('',*,*,#3335,.T.);
#4593=ORIENTED_EDGE('',*,*,#3343,.F.);
#4594=ORIENTED_EDGE('',*,*,#3344,.F.);
#4595=ORIENTED_EDGE('',*,*,#3345,.T.);
#4596=ORIENTED_EDGE('',*,*,#3346,.F.);
#4597=ORIENTED_EDGE('',*,*,#3347,.F.);
#4598=ORIENTED_EDGE('',*,*,#3348,.F.);
#4599=ORIENTED_EDGE('',*,*,#3322,.T.);
#4600=ORIENTED_EDGE('',*,*,#3326,.T.);
#4601=ORIENTED_EDGE('',*,*,#3330,.T.);
#4602=ORIENTED_EDGE('',*,*,#3349,.F.);
#4603=ORIENTED_EDGE('',*,*,#3350,.T.);
#4604=ORIENTED_EDGE('',*,*,#3351,.F.);
#4605=ORIENTED_EDGE('',*,*,#3345,.F.);
#4606=ORIENTED_EDGE('',*,*,#3334,.T.);
#4607=ORIENTED_EDGE('',*,*,#3352,.F.);
#4608=ORIENTED_EDGE('',*,*,#3353,.F.);
#4609=ORIENTED_EDGE('',*,*,#3354,.F.);
#4610=ORIENTED_EDGE('',*,*,#3355,.F.);
#4611=ORIENTED_EDGE('',*,*,#3350,.F.);
#4612=ORIENTED_EDGE('',*,*,#3321,.T.);
#4613=ORIENTED_EDGE('',*,*,#3325,.T.);
#4614=ORIENTED_EDGE('',*,*,#3329,.T.);
#4615=ORIENTED_EDGE('',*,*,#3352,.T.);
#4616=ORIENTED_EDGE('',*,*,#3349,.T.);
#4617=ORIENTED_EDGE('',*,*,#3344,.T.);
#4618=ORIENTED_EDGE('',*,*,#3356,.F.);
#4619=ORIENTED_EDGE('',*,*,#3357,.F.);
#4620=ORIENTED_EDGE('',*,*,#3358,.F.);
#4621=ORIENTED_EDGE('',*,*,#3359,.F.);
#4622=ORIENTED_EDGE('',*,*,#3360,.F.);
#4623=ORIENTED_EDGE('',*,*,#3348,.T.);
#4624=ORIENTED_EDGE('',*,*,#3361,.T.);
#4625=ORIENTED_EDGE('',*,*,#3362,.F.);
#4626=ORIENTED_EDGE('',*,*,#3356,.T.);
#4627=ORIENTED_EDGE('',*,*,#3347,.T.);
#4628=ORIENTED_EDGE('',*,*,#3363,.T.);
#4629=ORIENTED_EDGE('',*,*,#3364,.F.);
#4630=ORIENTED_EDGE('',*,*,#3361,.F.);
#4631=ORIENTED_EDGE('',*,*,#3365,.T.);
#4632=ORIENTED_EDGE('',*,*,#3359,.T.);
#4633=ORIENTED_EDGE('',*,*,#3366,.T.);
#4634=ORIENTED_EDGE('',*,*,#3367,.T.);
#4635=ORIENTED_EDGE('',*,*,#3368,.T.);
#4636=ORIENTED_EDGE('',*,*,#3316,.T.);
#4637=ORIENTED_EDGE('',*,*,#3312,.T.);
#4638=ORIENTED_EDGE('',*,*,#3308,.T.);
#4639=ORIENTED_EDGE('',*,*,#3358,.T.);
#4640=ORIENTED_EDGE('',*,*,#3369,.F.);
#4641=ORIENTED_EDGE('',*,*,#3370,.F.);
#4642=ORIENTED_EDGE('',*,*,#3366,.F.);
#4643=ORIENTED_EDGE('',*,*,#3336,.T.);
#4644=ORIENTED_EDGE('',*,*,#3339,.T.);
#4645=ORIENTED_EDGE('',*,*,#3342,.T.);
#4646=ORIENTED_EDGE('',*,*,#3355,.T.);
#4647=ORIENTED_EDGE('',*,*,#3371,.F.);
#4648=ORIENTED_EDGE('',*,*,#3367,.F.);
#4649=ORIENTED_EDGE('',*,*,#3370,.T.);
#4650=ORIENTED_EDGE('',*,*,#3372,.F.);
#4651=ORIENTED_EDGE('',*,*,#3363,.F.);
#4652=ORIENTED_EDGE('',*,*,#3346,.T.);
#4653=ORIENTED_EDGE('',*,*,#3351,.T.);
#4654=ORIENTED_EDGE('',*,*,#3354,.T.);
#4655=ORIENTED_EDGE('',*,*,#3373,.F.);
#4656=ORIENTED_EDGE('',*,*,#3368,.F.);
#4657=ORIENTED_EDGE('',*,*,#3371,.T.);
#4658=ORIENTED_EDGE('',*,*,#3353,.T.);
#4659=ORIENTED_EDGE('',*,*,#3360,.T.);
#4660=ORIENTED_EDGE('',*,*,#3365,.F.);
#4661=ORIENTED_EDGE('',*,*,#3373,.T.);
#4662=ORIENTED_EDGE('',*,*,#3362,.T.);
#4663=ORIENTED_EDGE('',*,*,#3364,.T.);
#4664=ORIENTED_EDGE('',*,*,#3372,.T.);
#4665=ORIENTED_EDGE('',*,*,#3369,.T.);
#4666=ORIENTED_EDGE('',*,*,#3357,.T.);
#4667=ORIENTED_EDGE('',*,*,#3289,.T.);
#4668=ORIENTED_EDGE('',*,*,#3305,.T.);
#4669=ORIENTED_EDGE('',*,*,#3302,.T.);
#4670=ORIENTED_EDGE('',*,*,#3299,.T.);
#4671=ORIENTED_EDGE('',*,*,#3296,.T.);
#4672=ORIENTED_EDGE('',*,*,#3293,.T.);
#4673=ORIENTED_EDGE('',*,*,#3270,.T.);
#4674=ORIENTED_EDGE('',*,*,#3286,.T.);
#4675=ORIENTED_EDGE('',*,*,#3283,.T.);
#4676=ORIENTED_EDGE('',*,*,#3280,.T.);
#4677=ORIENTED_EDGE('',*,*,#3277,.T.);
#4678=ORIENTED_EDGE('',*,*,#3274,.T.);
#4679=ORIENTED_EDGE('',*,*,#3251,.T.);
#4680=ORIENTED_EDGE('',*,*,#3267,.T.);
#4681=ORIENTED_EDGE('',*,*,#3264,.T.);
#4682=ORIENTED_EDGE('',*,*,#3261,.T.);
#4683=ORIENTED_EDGE('',*,*,#3258,.T.);
#4684=ORIENTED_EDGE('',*,*,#3255,.T.);
#4685=ORIENTED_EDGE('',*,*,#3374,.F.);
#4686=ORIENTED_EDGE('',*,*,#3375,.T.);
#4687=ORIENTED_EDGE('',*,*,#3376,.F.);
#4688=ORIENTED_EDGE('',*,*,#3375,.F.);
#4689=ORIENTED_EDGE('',*,*,#3377,.F.);
#4690=ORIENTED_EDGE('',*,*,#3378,.T.);
#4691=ORIENTED_EDGE('',*,*,#3379,.F.);
#4692=ORIENTED_EDGE('',*,*,#3378,.F.);
#4693=ORIENTED_EDGE('',*,*,#3380,.F.);
#4694=ORIENTED_EDGE('',*,*,#3381,.T.);
#4695=ORIENTED_EDGE('',*,*,#3382,.F.);
#4696=ORIENTED_EDGE('',*,*,#3381,.F.);
#4697=ORIENTED_EDGE('',*,*,#3383,.F.);
#4698=ORIENTED_EDGE('',*,*,#3384,.T.);
#4699=ORIENTED_EDGE('',*,*,#3385,.F.);
#4700=ORIENTED_EDGE('',*,*,#3386,.F.);
#4701=ORIENTED_EDGE('',*,*,#3387,.F.);
#4702=ORIENTED_EDGE('',*,*,#3386,.T.);
#4703=ORIENTED_EDGE('',*,*,#3388,.F.);
#4704=ORIENTED_EDGE('',*,*,#3389,.F.);
#4705=ORIENTED_EDGE('',*,*,#3390,.F.);
#4706=ORIENTED_EDGE('',*,*,#3389,.T.);
#4707=ORIENTED_EDGE('',*,*,#3391,.F.);
#4708=ORIENTED_EDGE('',*,*,#3392,.F.);
#4709=ORIENTED_EDGE('',*,*,#3393,.F.);
#4710=ORIENTED_EDGE('',*,*,#3392,.T.);
#4711=ORIENTED_EDGE('',*,*,#3394,.F.);
#4712=ORIENTED_EDGE('',*,*,#3395,.T.);
#4713=ORIENTED_EDGE('',*,*,#3396,.F.);
#4714=ORIENTED_EDGE('',*,*,#3397,.T.);
#4715=ORIENTED_EDGE('',*,*,#3398,.F.);
#4716=ORIENTED_EDGE('',*,*,#3384,.F.);
#4717=ORIENTED_EDGE('',*,*,#3399,.F.);
#4718=ORIENTED_EDGE('',*,*,#3395,.F.);
#4719=ORIENTED_EDGE('',*,*,#3400,.F.);
#4720=ORIENTED_EDGE('',*,*,#3397,.F.);
#4721=ORIENTED_EDGE('',*,*,#3401,.F.);
#4722=ORIENTED_EDGE('',*,*,#3402,.T.);
#4723=ORIENTED_EDGE('',*,*,#3403,.F.);
#4724=ORIENTED_EDGE('',*,*,#3404,.F.);
#4725=ORIENTED_EDGE('',*,*,#3405,.F.);
#4726=ORIENTED_EDGE('',*,*,#3404,.T.);
#4727=ORIENTED_EDGE('',*,*,#3406,.F.);
#4728=ORIENTED_EDGE('',*,*,#3407,.F.);
#4729=ORIENTED_EDGE('',*,*,#3408,.F.);
#4730=ORIENTED_EDGE('',*,*,#3407,.T.);
#4731=ORIENTED_EDGE('',*,*,#3409,.F.);
#4732=ORIENTED_EDGE('',*,*,#3410,.F.);
#4733=ORIENTED_EDGE('',*,*,#3411,.F.);
#4734=ORIENTED_EDGE('',*,*,#3410,.T.);
#4735=ORIENTED_EDGE('',*,*,#3412,.F.);
#4736=ORIENTED_EDGE('',*,*,#3413,.F.);
#4737=ORIENTED_EDGE('',*,*,#3414,.F.);
#4738=ORIENTED_EDGE('',*,*,#3413,.T.);
#4739=ORIENTED_EDGE('',*,*,#3415,.F.);
#4740=ORIENTED_EDGE('',*,*,#3416,.T.);
#4741=ORIENTED_EDGE('',*,*,#3417,.F.);
#4742=ORIENTED_EDGE('',*,*,#3418,.T.);
#4743=ORIENTED_EDGE('',*,*,#3419,.F.);
#4744=ORIENTED_EDGE('',*,*,#3402,.F.);
#4745=ORIENTED_EDGE('',*,*,#3420,.F.);
#4746=ORIENTED_EDGE('',*,*,#3421,.T.);
#4747=ORIENTED_EDGE('',*,*,#3422,.F.);
#4748=ORIENTED_EDGE('',*,*,#3418,.F.);
#4749=ORIENTED_EDGE('',*,*,#3423,.F.);
#4750=ORIENTED_EDGE('',*,*,#3416,.F.);
#4751=ORIENTED_EDGE('',*,*,#3424,.F.);
#4752=ORIENTED_EDGE('',*,*,#3421,.F.);
#4753=ORIENTED_EDGE('',*,*,#3425,.F.);
#4754=ORIENTED_EDGE('',*,*,#3426,.T.);
#4755=ORIENTED_EDGE('',*,*,#3427,.F.);
#4756=ORIENTED_EDGE('',*,*,#3428,.F.);
#4757=ORIENTED_EDGE('',*,*,#3429,.F.);
#4758=ORIENTED_EDGE('',*,*,#3428,.T.);
#4759=ORIENTED_EDGE('',*,*,#3430,.F.);
#4760=ORIENTED_EDGE('',*,*,#3431,.F.);
#4761=ORIENTED_EDGE('',*,*,#3432,.F.);
#4762=ORIENTED_EDGE('',*,*,#3431,.T.);
#4763=ORIENTED_EDGE('',*,*,#3433,.F.);
#4764=ORIENTED_EDGE('',*,*,#3434,.F.);
#4765=ORIENTED_EDGE('',*,*,#3435,.F.);
#4766=ORIENTED_EDGE('',*,*,#3434,.T.);
#4767=ORIENTED_EDGE('',*,*,#3436,.F.);
#4768=ORIENTED_EDGE('',*,*,#3437,.F.);
#4769=ORIENTED_EDGE('',*,*,#3438,.F.);
#4770=ORIENTED_EDGE('',*,*,#3437,.T.);
#4771=ORIENTED_EDGE('',*,*,#3439,.F.);
#4772=ORIENTED_EDGE('',*,*,#3440,.T.);
#4773=ORIENTED_EDGE('',*,*,#3441,.F.);
#4774=ORIENTED_EDGE('',*,*,#3442,.T.);
#4775=ORIENTED_EDGE('',*,*,#3443,.F.);
#4776=ORIENTED_EDGE('',*,*,#3426,.F.);
#4777=ORIENTED_EDGE('',*,*,#3444,.F.);
#4778=ORIENTED_EDGE('',*,*,#3445,.T.);
#4779=ORIENTED_EDGE('',*,*,#3446,.F.);
#4780=ORIENTED_EDGE('',*,*,#3442,.F.);
#4781=ORIENTED_EDGE('',*,*,#3447,.F.);
#4782=ORIENTED_EDGE('',*,*,#3440,.F.);
#4783=ORIENTED_EDGE('',*,*,#3448,.F.);
#4784=ORIENTED_EDGE('',*,*,#3445,.F.);
#4785=ORIENTED_EDGE('',*,*,#3449,.F.);
#4786=ORIENTED_EDGE('',*,*,#3450,.T.);
#4787=ORIENTED_EDGE('',*,*,#3451,.F.);
#4788=ORIENTED_EDGE('',*,*,#3452,.F.);
#4789=ORIENTED_EDGE('',*,*,#3453,.F.);
#4790=ORIENTED_EDGE('',*,*,#3452,.T.);
#4791=ORIENTED_EDGE('',*,*,#3454,.F.);
#4792=ORIENTED_EDGE('',*,*,#3455,.F.);
#4793=ORIENTED_EDGE('',*,*,#3456,.F.);
#4794=ORIENTED_EDGE('',*,*,#3455,.T.);
#4795=ORIENTED_EDGE('',*,*,#3457,.F.);
#4796=ORIENTED_EDGE('',*,*,#3458,.F.);
#4797=ORIENTED_EDGE('',*,*,#3459,.F.);
#4798=ORIENTED_EDGE('',*,*,#3458,.T.);
#4799=ORIENTED_EDGE('',*,*,#3460,.F.);
#4800=ORIENTED_EDGE('',*,*,#3461,.F.);
#4801=ORIENTED_EDGE('',*,*,#3462,.F.);
#4802=ORIENTED_EDGE('',*,*,#3461,.T.);
#4803=ORIENTED_EDGE('',*,*,#3463,.F.);
#4804=ORIENTED_EDGE('',*,*,#3464,.T.);
#4805=ORIENTED_EDGE('',*,*,#3465,.F.);
#4806=ORIENTED_EDGE('',*,*,#3466,.T.);
#4807=ORIENTED_EDGE('',*,*,#3467,.F.);
#4808=ORIENTED_EDGE('',*,*,#3450,.F.);
#4809=ORIENTED_EDGE('',*,*,#3468,.F.);
#4810=ORIENTED_EDGE('',*,*,#3469,.T.);
#4811=ORIENTED_EDGE('',*,*,#3470,.F.);
#4812=ORIENTED_EDGE('',*,*,#3466,.F.);
#4813=ORIENTED_EDGE('',*,*,#3471,.F.);
#4814=ORIENTED_EDGE('',*,*,#3464,.F.);
#4815=ORIENTED_EDGE('',*,*,#3472,.F.);
#4816=ORIENTED_EDGE('',*,*,#3469,.F.);
#4817=ORIENTED_EDGE('',*,*,#3473,.F.);
#4818=ORIENTED_EDGE('',*,*,#3474,.T.);
#4819=ORIENTED_EDGE('',*,*,#3475,.F.);
#4820=ORIENTED_EDGE('',*,*,#3476,.F.);
#4821=ORIENTED_EDGE('',*,*,#3477,.F.);
#4822=ORIENTED_EDGE('',*,*,#3476,.T.);
#4823=ORIENTED_EDGE('',*,*,#3478,.F.);
#4824=ORIENTED_EDGE('',*,*,#3479,.F.);
#4825=ORIENTED_EDGE('',*,*,#3480,.F.);
#4826=ORIENTED_EDGE('',*,*,#3479,.T.);
#4827=ORIENTED_EDGE('',*,*,#3481,.F.);
#4828=ORIENTED_EDGE('',*,*,#3482,.F.);
#4829=ORIENTED_EDGE('',*,*,#3483,.F.);
#4830=ORIENTED_EDGE('',*,*,#3482,.T.);
#4831=ORIENTED_EDGE('',*,*,#3484,.F.);
#4832=ORIENTED_EDGE('',*,*,#3485,.F.);
#4833=ORIENTED_EDGE('',*,*,#3486,.F.);
#4834=ORIENTED_EDGE('',*,*,#3485,.T.);
#4835=ORIENTED_EDGE('',*,*,#3487,.F.);
#4836=ORIENTED_EDGE('',*,*,#3488,.T.);
#4837=ORIENTED_EDGE('',*,*,#3489,.F.);
#4838=ORIENTED_EDGE('',*,*,#3490,.T.);
#4839=ORIENTED_EDGE('',*,*,#3491,.F.);
#4840=ORIENTED_EDGE('',*,*,#3474,.F.);
#4841=ORIENTED_EDGE('',*,*,#3492,.F.);
#4842=ORIENTED_EDGE('',*,*,#3493,.T.);
#4843=ORIENTED_EDGE('',*,*,#3494,.F.);
#4844=ORIENTED_EDGE('',*,*,#3490,.F.);
#4845=ORIENTED_EDGE('',*,*,#3495,.F.);
#4846=ORIENTED_EDGE('',*,*,#3488,.F.);
#4847=ORIENTED_EDGE('',*,*,#3496,.F.);
#4848=ORIENTED_EDGE('',*,*,#3493,.F.);
#4849=ORIENTED_EDGE('',*,*,#3497,.F.);
#4850=ORIENTED_EDGE('',*,*,#3498,.T.);
#4851=ORIENTED_EDGE('',*,*,#3499,.F.);
#4852=ORIENTED_EDGE('',*,*,#3500,.F.);
#4853=ORIENTED_EDGE('',*,*,#3501,.F.);
#4854=ORIENTED_EDGE('',*,*,#3500,.T.);
#4855=ORIENTED_EDGE('',*,*,#3502,.F.);
#4856=ORIENTED_EDGE('',*,*,#3503,.F.);
#4857=ORIENTED_EDGE('',*,*,#3504,.F.);
#4858=ORIENTED_EDGE('',*,*,#3503,.T.);
#4859=ORIENTED_EDGE('',*,*,#3505,.F.);
#4860=ORIENTED_EDGE('',*,*,#3506,.T.);
#4861=ORIENTED_EDGE('',*,*,#3507,.F.);
#4862=ORIENTED_EDGE('',*,*,#3508,.T.);
#4863=ORIENTED_EDGE('',*,*,#3509,.F.);
#4864=ORIENTED_EDGE('',*,*,#3498,.F.);
#4865=ORIENTED_EDGE('',*,*,#3510,.F.);
#4866=ORIENTED_EDGE('',*,*,#3506,.F.);
#4867=ORIENTED_EDGE('',*,*,#3511,.F.);
#4868=ORIENTED_EDGE('',*,*,#3508,.F.);
#4869=ORIENTED_EDGE('',*,*,#3512,.T.);
#4870=ORIENTED_EDGE('',*,*,#3513,.T.);
#4871=ORIENTED_EDGE('',*,*,#3514,.T.);
#4872=ORIENTED_EDGE('',*,*,#3515,.T.);
#4873=ORIENTED_EDGE('',*,*,#3516,.T.);
#4874=ORIENTED_EDGE('',*,*,#3517,.T.);
#4875=ORIENTED_EDGE('',*,*,#3518,.T.);
#4876=ORIENTED_EDGE('',*,*,#3519,.T.);
#4877=ORIENTED_EDGE('',*,*,#3520,.T.);
#4878=ORIENTED_EDGE('',*,*,#3521,.T.);
#4879=ORIENTED_EDGE('',*,*,#3522,.T.);
#4880=ORIENTED_EDGE('',*,*,#3523,.T.);
#4881=ORIENTED_EDGE('',*,*,#3524,.T.);
#4882=ORIENTED_EDGE('',*,*,#3525,.T.);
#4883=ORIENTED_EDGE('',*,*,#3526,.T.);
#4884=ORIENTED_EDGE('',*,*,#3527,.T.);
#4885=ORIENTED_EDGE('',*,*,#3528,.T.);
#4886=ORIENTED_EDGE('',*,*,#3529,.T.);
#4887=ORIENTED_EDGE('',*,*,#3530,.T.);
#4888=ORIENTED_EDGE('',*,*,#3531,.T.);
#4889=ORIENTED_EDGE('',*,*,#3532,.T.);
#4890=ORIENTED_EDGE('',*,*,#3533,.T.);
#4891=ORIENTED_EDGE('',*,*,#3534,.T.);
#4892=ORIENTED_EDGE('',*,*,#3535,.T.);
#4893=ORIENTED_EDGE('',*,*,#3536,.T.);
#4894=ORIENTED_EDGE('',*,*,#3537,.T.);
#4895=ORIENTED_EDGE('',*,*,#3538,.T.);
#4896=ORIENTED_EDGE('',*,*,#3539,.T.);
#4897=ORIENTED_EDGE('',*,*,#3540,.T.);
#4898=ORIENTED_EDGE('',*,*,#3541,.T.);
#4899=ORIENTED_EDGE('',*,*,#3542,.T.);
#4900=ORIENTED_EDGE('',*,*,#3543,.T.);
#4901=ORIENTED_EDGE('',*,*,#3544,.T.);
#4902=ORIENTED_EDGE('',*,*,#3545,.T.);
#4903=ORIENTED_EDGE('',*,*,#3546,.T.);
#4904=ORIENTED_EDGE('',*,*,#3547,.T.);
#4905=ORIENTED_EDGE('',*,*,#3548,.T.);
#4906=ORIENTED_EDGE('',*,*,#3549,.T.);
#4907=ORIENTED_EDGE('',*,*,#3550,.T.);
#4908=ORIENTED_EDGE('',*,*,#3551,.T.);
#4909=ORIENTED_EDGE('',*,*,#3552,.T.);
#4910=ORIENTED_EDGE('',*,*,#3553,.T.);
#4911=ORIENTED_EDGE('',*,*,#3554,.T.);
#4912=ORIENTED_EDGE('',*,*,#3555,.T.);
#4913=ORIENTED_EDGE('',*,*,#3556,.T.);
#4914=ORIENTED_EDGE('',*,*,#3393,.T.);
#4915=ORIENTED_EDGE('',*,*,#3399,.T.);
#4916=ORIENTED_EDGE('',*,*,#3396,.T.);
#4917=ORIENTED_EDGE('',*,*,#3383,.T.);
#4918=ORIENTED_EDGE('',*,*,#3387,.T.);
#4919=ORIENTED_EDGE('',*,*,#3390,.T.);
#4920=ORIENTED_EDGE('',*,*,#3414,.T.);
#4921=ORIENTED_EDGE('',*,*,#3423,.T.);
#4922=ORIENTED_EDGE('',*,*,#3420,.T.);
#4923=ORIENTED_EDGE('',*,*,#3417,.T.);
#4924=ORIENTED_EDGE('',*,*,#3401,.T.);
#4925=ORIENTED_EDGE('',*,*,#3405,.T.);
#4926=ORIENTED_EDGE('',*,*,#3408,.T.);
#4927=ORIENTED_EDGE('',*,*,#3411,.T.);
#4928=ORIENTED_EDGE('',*,*,#3438,.T.);
#4929=ORIENTED_EDGE('',*,*,#3447,.T.);
#4930=ORIENTED_EDGE('',*,*,#3444,.T.);
#4931=ORIENTED_EDGE('',*,*,#3441,.T.);
#4932=ORIENTED_EDGE('',*,*,#3425,.T.);
#4933=ORIENTED_EDGE('',*,*,#3429,.T.);
#4934=ORIENTED_EDGE('',*,*,#3432,.T.);
#4935=ORIENTED_EDGE('',*,*,#3435,.T.);
#4936=ORIENTED_EDGE('',*,*,#3462,.T.);
#4937=ORIENTED_EDGE('',*,*,#3471,.T.);
#4938=ORIENTED_EDGE('',*,*,#3468,.T.);
#4939=ORIENTED_EDGE('',*,*,#3465,.T.);
#4940=ORIENTED_EDGE('',*,*,#3449,.T.);
#4941=ORIENTED_EDGE('',*,*,#3453,.T.);
#4942=ORIENTED_EDGE('',*,*,#3456,.T.);
#4943=ORIENTED_EDGE('',*,*,#3459,.T.);
#4944=ORIENTED_EDGE('',*,*,#3486,.T.);
#4945=ORIENTED_EDGE('',*,*,#3495,.T.);
#4946=ORIENTED_EDGE('',*,*,#3492,.T.);
#4947=ORIENTED_EDGE('',*,*,#3489,.T.);
#4948=ORIENTED_EDGE('',*,*,#3473,.T.);
#4949=ORIENTED_EDGE('',*,*,#3477,.T.);
#4950=ORIENTED_EDGE('',*,*,#3480,.T.);
#4951=ORIENTED_EDGE('',*,*,#3483,.T.);
#4952=ORIENTED_EDGE('',*,*,#3504,.T.);
#4953=ORIENTED_EDGE('',*,*,#3510,.T.);
#4954=ORIENTED_EDGE('',*,*,#3507,.T.);
#4955=ORIENTED_EDGE('',*,*,#3497,.T.);
#4956=ORIENTED_EDGE('',*,*,#3501,.T.);
#4957=ORIENTED_EDGE('',*,*,#3380,.T.);
#4958=ORIENTED_EDGE('',*,*,#3377,.T.);
#4959=ORIENTED_EDGE('',*,*,#3374,.T.);
#4960=ORIENTED_EDGE('',*,*,#3557,.F.);
#4961=ORIENTED_EDGE('',*,*,#3558,.F.);
#4962=ORIENTED_EDGE('',*,*,#3559,.F.);
#4963=ORIENTED_EDGE('',*,*,#3513,.F.);
#4964=ORIENTED_EDGE('',*,*,#3559,.T.);
#4965=ORIENTED_EDGE('',*,*,#3560,.F.);
#4966=ORIENTED_EDGE('',*,*,#3561,.F.);
#4967=ORIENTED_EDGE('',*,*,#3514,.F.);
#4968=ORIENTED_EDGE('',*,*,#3561,.T.);
#4969=ORIENTED_EDGE('',*,*,#3562,.F.);
#4970=ORIENTED_EDGE('',*,*,#3563,.F.);
#4971=ORIENTED_EDGE('',*,*,#3515,.F.);
#4972=ORIENTED_EDGE('',*,*,#3563,.T.);
#4973=ORIENTED_EDGE('',*,*,#3564,.F.);
#4974=ORIENTED_EDGE('',*,*,#3565,.F.);
#4975=ORIENTED_EDGE('',*,*,#3516,.F.);
#4976=ORIENTED_EDGE('',*,*,#3565,.T.);
#4977=ORIENTED_EDGE('',*,*,#3566,.F.);
#4978=ORIENTED_EDGE('',*,*,#3567,.F.);
#4979=ORIENTED_EDGE('',*,*,#3517,.F.);
#4980=ORIENTED_EDGE('',*,*,#3567,.T.);
#4981=ORIENTED_EDGE('',*,*,#3568,.F.);
#4982=ORIENTED_EDGE('',*,*,#3569,.F.);
#4983=ORIENTED_EDGE('',*,*,#3518,.F.);
#4984=ORIENTED_EDGE('',*,*,#3569,.T.);
#4985=ORIENTED_EDGE('',*,*,#3570,.F.);
#4986=ORIENTED_EDGE('',*,*,#3571,.F.);
#4987=ORIENTED_EDGE('',*,*,#3519,.F.);
#4988=ORIENTED_EDGE('',*,*,#3571,.T.);
#4989=ORIENTED_EDGE('',*,*,#3572,.F.);
#4990=ORIENTED_EDGE('',*,*,#3573,.F.);
#4991=ORIENTED_EDGE('',*,*,#3520,.F.);
#4992=ORIENTED_EDGE('',*,*,#3573,.T.);
#4993=ORIENTED_EDGE('',*,*,#3574,.F.);
#4994=ORIENTED_EDGE('',*,*,#3575,.F.);
#4995=ORIENTED_EDGE('',*,*,#3521,.F.);
#4996=ORIENTED_EDGE('',*,*,#3575,.T.);
#4997=ORIENTED_EDGE('',*,*,#3576,.F.);
#4998=ORIENTED_EDGE('',*,*,#3577,.F.);
#4999=ORIENTED_EDGE('',*,*,#3522,.F.);
#5000=ORIENTED_EDGE('',*,*,#3577,.T.);
#5001=ORIENTED_EDGE('',*,*,#3578,.F.);
#5002=ORIENTED_EDGE('',*,*,#3579,.F.);
#5003=ORIENTED_EDGE('',*,*,#3523,.F.);
#5004=ORIENTED_EDGE('',*,*,#3579,.T.);
#5005=ORIENTED_EDGE('',*,*,#3580,.F.);
#5006=ORIENTED_EDGE('',*,*,#3581,.F.);
#5007=ORIENTED_EDGE('',*,*,#3524,.F.);
#5008=ORIENTED_EDGE('',*,*,#3581,.T.);
#5009=ORIENTED_EDGE('',*,*,#3582,.F.);
#5010=ORIENTED_EDGE('',*,*,#3583,.F.);
#5011=ORIENTED_EDGE('',*,*,#3525,.F.);
#5012=ORIENTED_EDGE('',*,*,#3583,.T.);
#5013=ORIENTED_EDGE('',*,*,#3584,.F.);
#5014=ORIENTED_EDGE('',*,*,#3585,.F.);
#5015=ORIENTED_EDGE('',*,*,#3526,.F.);
#5016=ORIENTED_EDGE('',*,*,#3585,.T.);
#5017=ORIENTED_EDGE('',*,*,#3586,.F.);
#5018=ORIENTED_EDGE('',*,*,#3587,.F.);
#5019=ORIENTED_EDGE('',*,*,#3527,.F.);
#5020=ORIENTED_EDGE('',*,*,#3587,.T.);
#5021=ORIENTED_EDGE('',*,*,#3588,.F.);
#5022=ORIENTED_EDGE('',*,*,#3589,.F.);
#5023=ORIENTED_EDGE('',*,*,#3528,.F.);
#5024=ORIENTED_EDGE('',*,*,#3589,.T.);
#5025=ORIENTED_EDGE('',*,*,#3590,.F.);
#5026=ORIENTED_EDGE('',*,*,#3591,.F.);
#5027=ORIENTED_EDGE('',*,*,#3529,.F.);
#5028=ORIENTED_EDGE('',*,*,#3591,.T.);
#5029=ORIENTED_EDGE('',*,*,#3592,.F.);
#5030=ORIENTED_EDGE('',*,*,#3593,.F.);
#5031=ORIENTED_EDGE('',*,*,#3530,.F.);
#5032=ORIENTED_EDGE('',*,*,#3593,.T.);
#5033=ORIENTED_EDGE('',*,*,#3594,.F.);
#5034=ORIENTED_EDGE('',*,*,#3595,.F.);
#5035=ORIENTED_EDGE('',*,*,#3531,.F.);
#5036=ORIENTED_EDGE('',*,*,#3595,.T.);
#5037=ORIENTED_EDGE('',*,*,#3596,.F.);
#5038=ORIENTED_EDGE('',*,*,#3597,.F.);
#5039=ORIENTED_EDGE('',*,*,#3532,.F.);
#5040=ORIENTED_EDGE('',*,*,#3597,.T.);
#5041=ORIENTED_EDGE('',*,*,#3598,.F.);
#5042=ORIENTED_EDGE('',*,*,#3599,.F.);
#5043=ORIENTED_EDGE('',*,*,#3533,.F.);
#5044=ORIENTED_EDGE('',*,*,#3599,.T.);
#5045=ORIENTED_EDGE('',*,*,#3600,.F.);
#5046=ORIENTED_EDGE('',*,*,#3601,.F.);
#5047=ORIENTED_EDGE('',*,*,#3534,.F.);
#5048=ORIENTED_EDGE('',*,*,#3601,.T.);
#5049=ORIENTED_EDGE('',*,*,#3602,.F.);
#5050=ORIENTED_EDGE('',*,*,#3603,.F.);
#5051=ORIENTED_EDGE('',*,*,#3535,.F.);
#5052=ORIENTED_EDGE('',*,*,#3603,.T.);
#5053=ORIENTED_EDGE('',*,*,#3604,.F.);
#5054=ORIENTED_EDGE('',*,*,#3605,.F.);
#5055=ORIENTED_EDGE('',*,*,#3536,.F.);
#5056=ORIENTED_EDGE('',*,*,#3605,.T.);
#5057=ORIENTED_EDGE('',*,*,#3606,.F.);
#5058=ORIENTED_EDGE('',*,*,#3607,.F.);
#5059=ORIENTED_EDGE('',*,*,#3537,.F.);
#5060=ORIENTED_EDGE('',*,*,#3607,.T.);
#5061=ORIENTED_EDGE('',*,*,#3608,.F.);
#5062=ORIENTED_EDGE('',*,*,#3609,.F.);
#5063=ORIENTED_EDGE('',*,*,#3538,.F.);
#5064=ORIENTED_EDGE('',*,*,#3609,.T.);
#5065=ORIENTED_EDGE('',*,*,#3610,.F.);
#5066=ORIENTED_EDGE('',*,*,#3611,.F.);
#5067=ORIENTED_EDGE('',*,*,#3539,.F.);
#5068=ORIENTED_EDGE('',*,*,#3611,.T.);
#5069=ORIENTED_EDGE('',*,*,#3612,.F.);
#5070=ORIENTED_EDGE('',*,*,#3613,.F.);
#5071=ORIENTED_EDGE('',*,*,#3540,.F.);
#5072=ORIENTED_EDGE('',*,*,#3613,.T.);
#5073=ORIENTED_EDGE('',*,*,#3614,.F.);
#5074=ORIENTED_EDGE('',*,*,#3615,.F.);
#5075=ORIENTED_EDGE('',*,*,#3541,.F.);
#5076=ORIENTED_EDGE('',*,*,#3615,.T.);
#5077=ORIENTED_EDGE('',*,*,#3616,.F.);
#5078=ORIENTED_EDGE('',*,*,#3617,.F.);
#5079=ORIENTED_EDGE('',*,*,#3542,.F.);
#5080=ORIENTED_EDGE('',*,*,#3617,.T.);
#5081=ORIENTED_EDGE('',*,*,#3618,.F.);
#5082=ORIENTED_EDGE('',*,*,#3619,.F.);
#5083=ORIENTED_EDGE('',*,*,#3543,.F.);
#5084=ORIENTED_EDGE('',*,*,#3619,.T.);
#5085=ORIENTED_EDGE('',*,*,#3620,.F.);
#5086=ORIENTED_EDGE('',*,*,#3621,.F.);
#5087=ORIENTED_EDGE('',*,*,#3544,.F.);
#5088=ORIENTED_EDGE('',*,*,#3621,.T.);
#5089=ORIENTED_EDGE('',*,*,#3622,.F.);
#5090=ORIENTED_EDGE('',*,*,#3623,.F.);
#5091=ORIENTED_EDGE('',*,*,#3545,.F.);
#5092=ORIENTED_EDGE('',*,*,#3623,.T.);
#5093=ORIENTED_EDGE('',*,*,#3624,.F.);
#5094=ORIENTED_EDGE('',*,*,#3625,.F.);
#5095=ORIENTED_EDGE('',*,*,#3546,.F.);
#5096=ORIENTED_EDGE('',*,*,#3625,.T.);
#5097=ORIENTED_EDGE('',*,*,#3626,.F.);
#5098=ORIENTED_EDGE('',*,*,#3627,.F.);
#5099=ORIENTED_EDGE('',*,*,#3547,.F.);
#5100=ORIENTED_EDGE('',*,*,#3627,.T.);
#5101=ORIENTED_EDGE('',*,*,#3628,.F.);
#5102=ORIENTED_EDGE('',*,*,#3629,.F.);
#5103=ORIENTED_EDGE('',*,*,#3548,.F.);
#5104=ORIENTED_EDGE('',*,*,#3629,.T.);
#5105=ORIENTED_EDGE('',*,*,#3630,.F.);
#5106=ORIENTED_EDGE('',*,*,#3631,.F.);
#5107=ORIENTED_EDGE('',*,*,#3549,.F.);
#5108=ORIENTED_EDGE('',*,*,#3631,.T.);
#5109=ORIENTED_EDGE('',*,*,#3632,.F.);
#5110=ORIENTED_EDGE('',*,*,#3633,.F.);
#5111=ORIENTED_EDGE('',*,*,#3550,.F.);
#5112=ORIENTED_EDGE('',*,*,#3633,.T.);
#5113=ORIENTED_EDGE('',*,*,#3634,.F.);
#5114=ORIENTED_EDGE('',*,*,#3635,.F.);
#5115=ORIENTED_EDGE('',*,*,#3551,.F.);
#5116=ORIENTED_EDGE('',*,*,#3635,.T.);
#5117=ORIENTED_EDGE('',*,*,#3636,.F.);
#5118=ORIENTED_EDGE('',*,*,#3637,.F.);
#5119=ORIENTED_EDGE('',*,*,#3552,.F.);
#5120=ORIENTED_EDGE('',*,*,#3637,.T.);
#5121=ORIENTED_EDGE('',*,*,#3638,.F.);
#5122=ORIENTED_EDGE('',*,*,#3639,.F.);
#5123=ORIENTED_EDGE('',*,*,#3553,.F.);
#5124=ORIENTED_EDGE('',*,*,#3639,.T.);
#5125=ORIENTED_EDGE('',*,*,#3640,.F.);
#5126=ORIENTED_EDGE('',*,*,#3641,.F.);
#5127=ORIENTED_EDGE('',*,*,#3554,.F.);
#5128=ORIENTED_EDGE('',*,*,#3641,.T.);
#5129=ORIENTED_EDGE('',*,*,#3642,.F.);
#5130=ORIENTED_EDGE('',*,*,#3643,.F.);
#5131=ORIENTED_EDGE('',*,*,#3555,.F.);
#5132=ORIENTED_EDGE('',*,*,#3643,.T.);
#5133=ORIENTED_EDGE('',*,*,#3644,.F.);
#5134=ORIENTED_EDGE('',*,*,#3645,.F.);
#5135=ORIENTED_EDGE('',*,*,#3556,.F.);
#5136=ORIENTED_EDGE('',*,*,#3645,.T.);
#5137=ORIENTED_EDGE('',*,*,#3646,.F.);
#5138=ORIENTED_EDGE('',*,*,#3557,.T.);
#5139=ORIENTED_EDGE('',*,*,#3512,.F.);
#5140=ORIENTED_EDGE('',*,*,#3646,.T.);
#5141=ORIENTED_EDGE('',*,*,#3644,.T.);
#5142=ORIENTED_EDGE('',*,*,#3642,.T.);
#5143=ORIENTED_EDGE('',*,*,#3640,.T.);
#5144=ORIENTED_EDGE('',*,*,#3638,.T.);
#5145=ORIENTED_EDGE('',*,*,#3636,.T.);
#5146=ORIENTED_EDGE('',*,*,#3634,.T.);
#5147=ORIENTED_EDGE('',*,*,#3632,.T.);
#5148=ORIENTED_EDGE('',*,*,#3630,.T.);
#5149=ORIENTED_EDGE('',*,*,#3628,.T.);
#5150=ORIENTED_EDGE('',*,*,#3626,.T.);
#5151=ORIENTED_EDGE('',*,*,#3624,.T.);
#5152=ORIENTED_EDGE('',*,*,#3622,.T.);
#5153=ORIENTED_EDGE('',*,*,#3620,.T.);
#5154=ORIENTED_EDGE('',*,*,#3618,.T.);
#5155=ORIENTED_EDGE('',*,*,#3616,.T.);
#5156=ORIENTED_EDGE('',*,*,#3614,.T.);
#5157=ORIENTED_EDGE('',*,*,#3612,.T.);
#5158=ORIENTED_EDGE('',*,*,#3610,.T.);
#5159=ORIENTED_EDGE('',*,*,#3608,.T.);
#5160=ORIENTED_EDGE('',*,*,#3606,.T.);
#5161=ORIENTED_EDGE('',*,*,#3604,.T.);
#5162=ORIENTED_EDGE('',*,*,#3602,.T.);
#5163=ORIENTED_EDGE('',*,*,#3600,.T.);
#5164=ORIENTED_EDGE('',*,*,#3598,.T.);
#5165=ORIENTED_EDGE('',*,*,#3596,.T.);
#5166=ORIENTED_EDGE('',*,*,#3594,.T.);
#5167=ORIENTED_EDGE('',*,*,#3592,.T.);
#5168=ORIENTED_EDGE('',*,*,#3590,.T.);
#5169=ORIENTED_EDGE('',*,*,#3588,.T.);
#5170=ORIENTED_EDGE('',*,*,#3586,.T.);
#5171=ORIENTED_EDGE('',*,*,#3584,.T.);
#5172=ORIENTED_EDGE('',*,*,#3582,.T.);
#5173=ORIENTED_EDGE('',*,*,#3580,.T.);
#5174=ORIENTED_EDGE('',*,*,#3578,.T.);
#5175=ORIENTED_EDGE('',*,*,#3576,.T.);
#5176=ORIENTED_EDGE('',*,*,#3574,.T.);
#5177=ORIENTED_EDGE('',*,*,#3572,.T.);
#5178=ORIENTED_EDGE('',*,*,#3570,.T.);
#5179=ORIENTED_EDGE('',*,*,#3568,.T.);
#5180=ORIENTED_EDGE('',*,*,#3566,.T.);
#5181=ORIENTED_EDGE('',*,*,#3564,.T.);
#5182=ORIENTED_EDGE('',*,*,#3562,.T.);
#5183=ORIENTED_EDGE('',*,*,#3560,.T.);
#5184=ORIENTED_EDGE('',*,*,#3558,.T.);
#5185=ORIENTED_EDGE('',*,*,#3394,.T.);
#5186=ORIENTED_EDGE('',*,*,#3391,.T.);
#5187=ORIENTED_EDGE('',*,*,#3388,.T.);
#5188=ORIENTED_EDGE('',*,*,#3385,.T.);
#5189=ORIENTED_EDGE('',*,*,#3398,.T.);
#5190=ORIENTED_EDGE('',*,*,#3400,.T.);
#5191=ORIENTED_EDGE('',*,*,#3415,.T.);
#5192=ORIENTED_EDGE('',*,*,#3412,.T.);
#5193=ORIENTED_EDGE('',*,*,#3409,.T.);
#5194=ORIENTED_EDGE('',*,*,#3406,.T.);
#5195=ORIENTED_EDGE('',*,*,#3403,.T.);
#5196=ORIENTED_EDGE('',*,*,#3419,.T.);
#5197=ORIENTED_EDGE('',*,*,#3422,.T.);
#5198=ORIENTED_EDGE('',*,*,#3424,.T.);
#5199=ORIENTED_EDGE('',*,*,#3439,.T.);
#5200=ORIENTED_EDGE('',*,*,#3436,.T.);
#5201=ORIENTED_EDGE('',*,*,#3433,.T.);
#5202=ORIENTED_EDGE('',*,*,#3430,.T.);
#5203=ORIENTED_EDGE('',*,*,#3427,.T.);
#5204=ORIENTED_EDGE('',*,*,#3443,.T.);
#5205=ORIENTED_EDGE('',*,*,#3446,.T.);
#5206=ORIENTED_EDGE('',*,*,#3448,.T.);
#5207=ORIENTED_EDGE('',*,*,#3463,.T.);
#5208=ORIENTED_EDGE('',*,*,#3460,.T.);
#5209=ORIENTED_EDGE('',*,*,#3457,.T.);
#5210=ORIENTED_EDGE('',*,*,#3454,.T.);
#5211=ORIENTED_EDGE('',*,*,#3451,.T.);
#5212=ORIENTED_EDGE('',*,*,#3467,.T.);
#5213=ORIENTED_EDGE('',*,*,#3470,.T.);
#5214=ORIENTED_EDGE('',*,*,#3472,.T.);
#5215=ORIENTED_EDGE('',*,*,#3487,.T.);
#5216=ORIENTED_EDGE('',*,*,#3484,.T.);
#5217=ORIENTED_EDGE('',*,*,#3481,.T.);
#5218=ORIENTED_EDGE('',*,*,#3478,.T.);
#5219=ORIENTED_EDGE('',*,*,#3475,.T.);
#5220=ORIENTED_EDGE('',*,*,#3491,.T.);
#5221=ORIENTED_EDGE('',*,*,#3494,.T.);
#5222=ORIENTED_EDGE('',*,*,#3496,.T.);
#5223=ORIENTED_EDGE('',*,*,#3505,.T.);
#5224=ORIENTED_EDGE('',*,*,#3502,.T.);
#5225=ORIENTED_EDGE('',*,*,#3499,.T.);
#5226=ORIENTED_EDGE('',*,*,#3509,.T.);
#5227=ORIENTED_EDGE('',*,*,#3511,.T.);
#5228=ORIENTED_EDGE('',*,*,#3382,.T.);
#5229=ORIENTED_EDGE('',*,*,#3379,.T.);
#5230=ORIENTED_EDGE('',*,*,#3376,.T.);
#5231=PLANE('',#5808);
#5232=PLANE('',#5809);
#5233=PLANE('',#5810);
#5234=PLANE('',#5811);
#5235=PLANE('',#5812);
#5236=PLANE('',#5813);
#5237=PLANE('',#5814);
#5238=PLANE('',#5816);
#5239=PLANE('',#5817);
#5240=PLANE('',#5818);
#5241=PLANE('',#5819);
#5242=PLANE('',#5820);
#5243=PLANE('',#5821);
#5244=PLANE('',#5822);
#5245=PLANE('',#5824);
#5246=PLANE('',#5825);
#5247=PLANE('',#5826);
#5248=PLANE('',#5827);
#5249=PLANE('',#5828);
#5250=PLANE('',#5829);
#5251=PLANE('',#5830);
#5252=PLANE('',#5835);
#5253=PLANE('',#5840);
#5254=PLANE('',#5845);
#5255=PLANE('',#5862);
#5256=PLANE('',#5867);
#5257=PLANE('',#5871);
#5258=PLANE('',#5874);
#5259=PLANE('',#5875);
#5260=PLANE('',#5876);
#5261=PLANE('',#5877);
#5262=PLANE('',#5878);
#5263=PLANE('',#5879);
#5264=PLANE('',#5880);
#5265=PLANE('',#5881);
#5266=PLANE('',#5882);
#5267=PLANE('',#5883);
#5268=PLANE('',#5884);
#5269=PLANE('',#5885);
#5270=PLANE('',#5895);
#5271=PLANE('',#5896);
#5272=PLANE('',#5897);
#5273=PLANE('',#5898);
#5274=PLANE('',#5899);
#5275=PLANE('',#5900);
#5276=PLANE('',#5901);
#5277=PLANE('',#5902);
#5278=PLANE('',#5903);
#5279=PLANE('',#5904);
#5280=PLANE('',#5905);
#5281=PLANE('',#5906);
#5282=PLANE('',#5907);
#5283=PLANE('',#5908);
#5284=PLANE('',#5909);
#5285=PLANE('',#5910);
#5286=PLANE('',#5911);
#5287=PLANE('',#5912);
#5288=PLANE('',#5913);
#5289=PLANE('',#5914);
#5290=PLANE('',#5915);
#5291=PLANE('',#5916);
#5292=PLANE('',#5917);
#5293=PLANE('',#5918);
#5294=PLANE('',#5919);
#5295=PLANE('',#5920);
#5296=PLANE('',#5921);
#5297=PLANE('',#5922);
#5298=PLANE('',#5923);
#5299=PLANE('',#5924);
#5300=PLANE('',#5925);
#5301=PLANE('',#5926);
#5302=PLANE('',#5927);
#5303=PLANE('',#5928);
#5304=PLANE('',#5929);
#5305=PLANE('',#5930);
#5306=PLANE('',#5931);
#5307=PLANE('',#5932);
#5308=PLANE('',#5933);
#5309=PLANE('',#5934);
#5310=PLANE('',#5935);
#5311=PLANE('',#5936);
#5312=PLANE('',#5937);
#5313=PLANE('',#5938);
#5314=PLANE('',#5939);
#5315=PLANE('',#5940);
#5316=PLANE('',#5941);
#5317=PLANE('',#5942);
#5318=PLANE('',#5943);
#5319=PLANE('',#5944);
#5320=PLANE('',#5945);
#5321=PLANE('',#5946);
#5322=PLANE('',#5947);
#5323=PLANE('',#5948);
#5324=PLANE('',#5949);
#5325=PLANE('',#5950);
#5326=PLANE('',#5951);
#5327=PLANE('',#5952);
#5328=PLANE('',#5953);
#5329=PLANE('',#5954);
#5330=PLANE('',#5955);
#5331=PLANE('',#5956);
#5332=PLANE('',#5957);
#5333=PLANE('',#5958);
#5334=PLANE('',#5959);
#5335=PLANE('',#5960);
#5336=PLANE('',#5961);
#5337=PLANE('',#5962);
#5338=PLANE('',#5963);
#5339=PLANE('',#5964);
#5340=PLANE('',#5965);
#5341=PLANE('',#5966);
#5342=PLANE('',#5967);
#5343=PLANE('',#5968);
#5344=PLANE('',#5969);
#5345=PLANE('',#5970);
#5346=PLANE('',#5971);
#5347=PLANE('',#5972);
#5348=PLANE('',#5973);
#5349=PLANE('',#5974);
#5350=PLANE('',#5975);
#5351=PLANE('',#5976);
#5352=PLANE('',#5977);
#5353=PLANE('',#5978);
#5354=PLANE('',#5979);
#5355=PLANE('',#5980);
#5356=PLANE('',#5981);
#5357=PLANE('',#5982);
#5358=PLANE('',#5983);
#5359=PLANE('',#5984);
#5360=PLANE('',#5986);
#5361=PLANE('',#5987);
#5362=PLANE('',#5988);
#5363=PLANE('',#5989);
#5364=PLANE('',#5990);
#5365=PLANE('',#5991);
#5366=PLANE('',#5992);
#5367=PLANE('',#5994);
#5368=PLANE('',#5995);
#5369=PLANE('',#5996);
#5370=PLANE('',#5997);
#5371=PLANE('',#5998);
#5372=PLANE('',#5999);
#5373=PLANE('',#6000);
#5374=PLANE('',#6002);
#5375=PLANE('',#6003);
#5376=PLANE('',#6004);
#5377=PLANE('',#6005);
#5378=PLANE('',#6006);
#5379=PLANE('',#6007);
#5380=PLANE('',#6008);
#5381=PLANE('',#6013);
#5382=PLANE('',#6018);
#5383=PLANE('',#6023);
#5384=PLANE('',#6040);
#5385=PLANE('',#6045);
#5386=PLANE('',#6049);
#5387=PLANE('',#6052);
#5388=PLANE('',#6053);
#5389=PLANE('',#6054);
#5390=PLANE('',#6055);
#5391=PLANE('',#6056);
#5392=PLANE('',#6057);
#5393=PLANE('',#6058);
#5394=PLANE('',#6059);
#5395=PLANE('',#6060);
#5396=PLANE('',#6061);
#5397=PLANE('',#6062);
#5398=PLANE('',#6063);
#5399=PLANE('',#6073);
#5400=PLANE('',#6074);
#5401=PLANE('',#6075);
#5402=PLANE('',#6076);
#5403=PLANE('',#6077);
#5404=PLANE('',#6078);
#5405=PLANE('',#6079);
#5406=PLANE('',#6080);
#5407=PLANE('',#6081);
#5408=PLANE('',#6082);
#5409=PLANE('',#6083);
#5410=PLANE('',#6084);
#5411=PLANE('',#6085);
#5412=PLANE('',#6086);
#5413=PLANE('',#6087);
#5414=PLANE('',#6088);
#5415=PLANE('',#6089);
#5416=PLANE('',#6090);
#5417=PLANE('',#6091);
#5418=PLANE('',#6092);
#5419=PLANE('',#6093);
#5420=PLANE('',#6094);
#5421=PLANE('',#6095);
#5422=PLANE('',#6096);
#5423=PLANE('',#6097);
#5424=PLANE('',#6098);
#5425=PLANE('',#6099);
#5426=PLANE('',#6100);
#5427=PLANE('',#6101);
#5428=PLANE('',#6102);
#5429=PLANE('',#6103);
#5430=PLANE('',#6104);
#5431=PLANE('',#6105);
#5432=PLANE('',#6106);
#5433=PLANE('',#6107);
#5434=PLANE('',#6108);
#5435=PLANE('',#6109);
#5436=PLANE('',#6110);
#5437=PLANE('',#6111);
#5438=PLANE('',#6112);
#5439=PLANE('',#6113);
#5440=PLANE('',#6114);
#5441=PLANE('',#6115);
#5442=PLANE('',#6116);
#5443=PLANE('',#6117);
#5444=PLANE('',#6118);
#5445=PLANE('',#6119);
#5446=PLANE('',#6120);
#5447=PLANE('',#6121);
#5448=PLANE('',#6122);
#5449=PLANE('',#6123);
#5450=PLANE('',#6124);
#5451=PLANE('',#6125);
#5452=PLANE('',#6126);
#5453=PLANE('',#6127);
#5454=PLANE('',#6128);
#5455=PLANE('',#6129);
#5456=PLANE('',#6130);
#5457=PLANE('',#6131);
#5458=PLANE('',#6132);
#5459=PLANE('',#6133);
#5460=PLANE('',#6134);
#5461=PLANE('',#6135);
#5462=PLANE('',#6136);
#5463=PLANE('',#6137);
#5464=PLANE('',#6138);
#5465=PLANE('',#6139);
#5466=PLANE('',#6140);
#5467=PLANE('',#6141);
#5468=PLANE('',#6142);
#5469=PLANE('',#6143);
#5470=PLANE('',#6144);
#5471=PLANE('',#6145);
#5472=PLANE('',#6146);
#5473=PLANE('',#6147);
#5474=PLANE('',#6148);
#5475=PLANE('',#6149);
#5476=PLANE('',#6150);
#5477=PLANE('',#6151);
#5478=PLANE('',#6152);
#5479=PLANE('',#6153);
#5480=PLANE('',#6154);
#5481=PLANE('',#6155);
#5482=PLANE('',#6156);
#5483=PLANE('',#6157);
#5484=PLANE('',#6158);
#5485=PLANE('',#6159);
#5486=PLANE('',#6160);
#5487=PLANE('',#6161);
#5488=PLANE('',#6162);
#5489=ADVANCED_FACE('',(#209),#5231,.F.);
#5490=ADVANCED_FACE('',(#210),#5232,.F.);
#5491=ADVANCED_FACE('',(#211),#5233,.F.);
#5492=ADVANCED_FACE('',(#212),#5234,.F.);
#5493=ADVANCED_FACE('',(#213),#5235,.F.);
#5494=ADVANCED_FACE('',(#214),#5236,.F.);
#5495=ADVANCED_FACE('',(#215,#63),#5237,.F.);
#5496=ADVANCED_FACE('',(#216),#5238,.F.);
#5497=ADVANCED_FACE('',(#217),#5239,.F.);
#5498=ADVANCED_FACE('',(#218),#5240,.F.);
#5499=ADVANCED_FACE('',(#219),#5241,.F.);
#5500=ADVANCED_FACE('',(#220),#5242,.F.);
#5501=ADVANCED_FACE('',(#221),#5243,.F.);
#5502=ADVANCED_FACE('',(#222,#64),#5244,.F.);
#5503=ADVANCED_FACE('',(#223),#5245,.F.);
#5504=ADVANCED_FACE('',(#224),#5246,.F.);
#5505=ADVANCED_FACE('',(#225),#5247,.F.);
#5506=ADVANCED_FACE('',(#226),#5248,.F.);
#5507=ADVANCED_FACE('',(#227),#5249,.F.);
#5508=ADVANCED_FACE('',(#228),#5250,.F.);
#5509=ADVANCED_FACE('',(#229,#65),#5251,.F.);
#5510=ADVANCED_FACE('',(#230),#31,.F.);
#5511=ADVANCED_FACE('',(#231,#66),#5252,.T.);
#5512=ADVANCED_FACE('',(#232),#32,.F.);
#5513=ADVANCED_FACE('',(#233,#67),#5253,.T.);
#5514=ADVANCED_FACE('',(#234),#33,.F.);
#5515=ADVANCED_FACE('',(#235,#68),#5254,.T.);
#5516=ADVANCED_FACE('',(#236),#34,.F.);
#5517=ADVANCED_FACE('',(#237),#35,.F.);
#5518=ADVANCED_FACE('',(#238),#36,.F.);
#5519=ADVANCED_FACE('',(#239),#37,.F.);
#5520=ADVANCED_FACE('',(#240),#38,.F.);
#5521=ADVANCED_FACE('',(#241),#39,.F.);
#5522=ADVANCED_FACE('',(#242),#40,.F.);
#5523=ADVANCED_FACE('',(#243,#69),#5255,.T.);
#5524=ADVANCED_FACE('',(#244),#41,.F.);
#5525=ADVANCED_FACE('',(#245),#5256,.F.);
#5526=ADVANCED_FACE('',(#246),#42,.F.);
#5527=ADVANCED_FACE('',(#247),#5257,.F.);
#5528=ADVANCED_FACE('',(#248),#43,.F.);
#5529=ADVANCED_FACE('',(#249,#70,#71,#72),#5258,.F.);
#5530=ADVANCED_FACE('',(#250,#73),#5259,.F.);
#5531=ADVANCED_FACE('',(#251,#74,#75,#76),#5260,.F.);
#5532=ADVANCED_FACE('',(#252),#5261,.T.);
#5533=ADVANCED_FACE('',(#253),#5262,.T.);
#5534=ADVANCED_FACE('',(#254),#5263,.T.);
#5535=ADVANCED_FACE('',(#255,#77,#78,#79),#5264,.T.);
#5536=ADVANCED_FACE('',(#256,#80,#81,#82),#5265,.T.);
#5537=ADVANCED_FACE('',(#257),#5266,.T.);
#5538=ADVANCED_FACE('',(#258),#5267,.T.);
#5539=ADVANCED_FACE('',(#259),#5268,.T.);
#5540=ADVANCED_FACE('',(#260,#83,#84,#85),#5269,.T.);
#5541=ADVANCED_FACE('',(#261),#44,.F.);
#5542=ADVANCED_FACE('',(#262),#45,.F.);
#5543=ADVANCED_FACE('',(#263),#46,.F.);
#5544=ADVANCED_FACE('',(#264),#5270,.F.);
#5545=ADVANCED_FACE('',(#265),#5271,.F.);
#5546=ADVANCED_FACE('',(#266),#5272,.F.);
#5547=ADVANCED_FACE('',(#267),#5273,.F.);
#5548=ADVANCED_FACE('',(#268),#5274,.F.);
#5549=ADVANCED_FACE('',(#269),#5275,.F.);
#5550=ADVANCED_FACE('',(#270),#5276,.F.);
#5551=ADVANCED_FACE('',(#271),#5277,.F.);
#5552=ADVANCED_FACE('',(#272),#5278,.F.);
#5553=ADVANCED_FACE('',(#273),#5279,.F.);
#5554=ADVANCED_FACE('',(#274),#5280,.F.);
#5555=ADVANCED_FACE('',(#275),#5281,.F.);
#5556=ADVANCED_FACE('',(#276),#5282,.F.);
#5557=ADVANCED_FACE('',(#277),#5283,.F.);
#5558=ADVANCED_FACE('',(#278),#5284,.F.);
#5559=ADVANCED_FACE('',(#279),#5285,.F.);
#5560=ADVANCED_FACE('',(#280),#5286,.F.);
#5561=ADVANCED_FACE('',(#281),#5287,.F.);
#5562=ADVANCED_FACE('',(#282),#5288,.F.);
#5563=ADVANCED_FACE('',(#283),#5289,.F.);
#5564=ADVANCED_FACE('',(#284),#5290,.F.);
#5565=ADVANCED_FACE('',(#285),#5291,.F.);
#5566=ADVANCED_FACE('',(#286),#5292,.F.);
#5567=ADVANCED_FACE('',(#287),#5293,.F.);
#5568=ADVANCED_FACE('',(#288),#5294,.F.);
#5569=ADVANCED_FACE('',(#289),#5295,.F.);
#5570=ADVANCED_FACE('',(#290),#5296,.F.);
#5571=ADVANCED_FACE('',(#291),#5297,.F.);
#5572=ADVANCED_FACE('',(#292),#5298,.F.);
#5573=ADVANCED_FACE('',(#293),#5299,.F.);
#5574=ADVANCED_FACE('',(#294),#5300,.F.);
#5575=ADVANCED_FACE('',(#295),#5301,.F.);
#5576=ADVANCED_FACE('',(#296),#5302,.F.);
#5577=ADVANCED_FACE('',(#297),#5303,.F.);
#5578=ADVANCED_FACE('',(#298),#5304,.F.);
#5579=ADVANCED_FACE('',(#299),#5305,.F.);
#5580=ADVANCED_FACE('',(#300),#5306,.F.);
#5581=ADVANCED_FACE('',(#301),#5307,.F.);
#5582=ADVANCED_FACE('',(#302),#5308,.F.);
#5583=ADVANCED_FACE('',(#303),#5309,.F.);
#5584=ADVANCED_FACE('',(#304),#5310,.F.);
#5585=ADVANCED_FACE('',(#305),#5311,.F.);
#5586=ADVANCED_FACE('',(#306),#5312,.F.);
#5587=ADVANCED_FACE('',(#307,#86,#87,#88,#89,#90,#91,#92,#93,#94),#5313,
 .T.);
#5588=ADVANCED_FACE('',(#308),#5314,.T.);
#5589=ADVANCED_FACE('',(#309),#5315,.T.);
#5590=ADVANCED_FACE('',(#310),#5316,.T.);
#5591=ADVANCED_FACE('',(#311),#5317,.T.);
#5592=ADVANCED_FACE('',(#312),#5318,.T.);
#5593=ADVANCED_FACE('',(#313),#5319,.T.);
#5594=ADVANCED_FACE('',(#314),#5320,.T.);
#5595=ADVANCED_FACE('',(#315),#5321,.T.);
#5596=ADVANCED_FACE('',(#316),#5322,.T.);
#5597=ADVANCED_FACE('',(#317),#5323,.T.);
#5598=ADVANCED_FACE('',(#318),#5324,.T.);
#5599=ADVANCED_FACE('',(#319),#5325,.T.);
#5600=ADVANCED_FACE('',(#320),#5326,.T.);
#5601=ADVANCED_FACE('',(#321),#5327,.T.);
#5602=ADVANCED_FACE('',(#322),#5328,.T.);
#5603=ADVANCED_FACE('',(#323),#5329,.T.);
#5604=ADVANCED_FACE('',(#324),#5330,.T.);
#5605=ADVANCED_FACE('',(#325),#5331,.T.);
#5606=ADVANCED_FACE('',(#326),#5332,.T.);
#5607=ADVANCED_FACE('',(#327),#5333,.T.);
#5608=ADVANCED_FACE('',(#328),#5334,.T.);
#5609=ADVANCED_FACE('',(#329),#5335,.T.);
#5610=ADVANCED_FACE('',(#330),#5336,.T.);
#5611=ADVANCED_FACE('',(#331),#5337,.T.);
#5612=ADVANCED_FACE('',(#332),#5338,.T.);
#5613=ADVANCED_FACE('',(#333),#5339,.T.);
#5614=ADVANCED_FACE('',(#334),#5340,.T.);
#5615=ADVANCED_FACE('',(#335),#5341,.T.);
#5616=ADVANCED_FACE('',(#336),#5342,.T.);
#5617=ADVANCED_FACE('',(#337),#5343,.T.);
#5618=ADVANCED_FACE('',(#338),#5344,.T.);
#5619=ADVANCED_FACE('',(#339),#5345,.T.);
#5620=ADVANCED_FACE('',(#340),#5346,.T.);
#5621=ADVANCED_FACE('',(#341),#5347,.T.);
#5622=ADVANCED_FACE('',(#342),#5348,.T.);
#5623=ADVANCED_FACE('',(#343),#5349,.T.);
#5624=ADVANCED_FACE('',(#344),#5350,.T.);
#5625=ADVANCED_FACE('',(#345),#5351,.T.);
#5626=ADVANCED_FACE('',(#346),#5352,.T.);
#5627=ADVANCED_FACE('',(#347),#5353,.T.);
#5628=ADVANCED_FACE('',(#348),#5354,.T.);
#5629=ADVANCED_FACE('',(#349),#5355,.T.);
#5630=ADVANCED_FACE('',(#350),#5356,.T.);
#5631=ADVANCED_FACE('',(#351),#5357,.T.);
#5632=ADVANCED_FACE('',(#352),#5358,.T.);
#5633=ADVANCED_FACE('',(#353,#95,#96,#97,#98,#99,#100,#101,#102,#103),#5359,
 .T.);
#5634=ADVANCED_FACE('',(#354),#5360,.F.);
#5635=ADVANCED_FACE('',(#355),#5361,.F.);
#5636=ADVANCED_FACE('',(#356),#5362,.F.);
#5637=ADVANCED_FACE('',(#357),#5363,.F.);
#5638=ADVANCED_FACE('',(#358),#5364,.F.);
#5639=ADVANCED_FACE('',(#359),#5365,.F.);
#5640=ADVANCED_FACE('',(#360,#104),#5366,.F.);
#5641=ADVANCED_FACE('',(#361),#5367,.F.);
#5642=ADVANCED_FACE('',(#362),#5368,.F.);
#5643=ADVANCED_FACE('',(#363),#5369,.F.);
#5644=ADVANCED_FACE('',(#364),#5370,.F.);
#5645=ADVANCED_FACE('',(#365),#5371,.F.);
#5646=ADVANCED_FACE('',(#366),#5372,.F.);
#5647=ADVANCED_FACE('',(#367,#105),#5373,.F.);
#5648=ADVANCED_FACE('',(#368),#5374,.F.);
#5649=ADVANCED_FACE('',(#369),#5375,.F.);
#5650=ADVANCED_FACE('',(#370),#5376,.F.);
#5651=ADVANCED_FACE('',(#371),#5377,.F.);
#5652=ADVANCED_FACE('',(#372),#5378,.F.);
#5653=ADVANCED_FACE('',(#373),#5379,.F.);
#5654=ADVANCED_FACE('',(#374,#106),#5380,.F.);
#5655=ADVANCED_FACE('',(#375),#47,.F.);
#5656=ADVANCED_FACE('',(#376,#107),#5381,.F.);
#5657=ADVANCED_FACE('',(#377),#48,.F.);
#5658=ADVANCED_FACE('',(#378,#108),#5382,.F.);
#5659=ADVANCED_FACE('',(#379),#49,.F.);
#5660=ADVANCED_FACE('',(#380,#109),#5383,.F.);
#5661=ADVANCED_FACE('',(#381),#50,.F.);
#5662=ADVANCED_FACE('',(#382),#51,.F.);
#5663=ADVANCED_FACE('',(#383),#52,.F.);
#5664=ADVANCED_FACE('',(#384),#53,.F.);
#5665=ADVANCED_FACE('',(#385),#54,.F.);
#5666=ADVANCED_FACE('',(#386),#55,.F.);
#5667=ADVANCED_FACE('',(#387),#56,.F.);
#5668=ADVANCED_FACE('',(#388,#110),#5384,.T.);
#5669=ADVANCED_FACE('',(#389),#57,.F.);
#5670=ADVANCED_FACE('',(#390),#5385,.F.);
#5671=ADVANCED_FACE('',(#391),#58,.F.);
#5672=ADVANCED_FACE('',(#392),#5386,.F.);
#5673=ADVANCED_FACE('',(#393),#59,.F.);
#5674=ADVANCED_FACE('',(#394,#111,#112,#113),#5387,.F.);
#5675=ADVANCED_FACE('',(#395,#114),#5388,.F.);
#5676=ADVANCED_FACE('',(#396,#115,#116,#117),#5389,.F.);
#5677=ADVANCED_FACE('',(#397),#5390,.T.);
#5678=ADVANCED_FACE('',(#398),#5391,.T.);
#5679=ADVANCED_FACE('',(#399),#5392,.T.);
#5680=ADVANCED_FACE('',(#400,#118,#119,#120),#5393,.T.);
#5681=ADVANCED_FACE('',(#401,#121,#122,#123),#5394,.T.);
#5682=ADVANCED_FACE('',(#402),#5395,.T.);
#5683=ADVANCED_FACE('',(#403),#5396,.T.);
#5684=ADVANCED_FACE('',(#404),#5397,.T.);
#5685=ADVANCED_FACE('',(#405,#124,#125,#126),#5398,.T.);
#5686=ADVANCED_FACE('',(#406),#60,.F.);
#5687=ADVANCED_FACE('',(#407),#61,.F.);
#5688=ADVANCED_FACE('',(#408),#62,.F.);
#5689=ADVANCED_FACE('',(#409),#5399,.F.);
#5690=ADVANCED_FACE('',(#410),#5400,.F.);
#5691=ADVANCED_FACE('',(#411),#5401,.F.);
#5692=ADVANCED_FACE('',(#412),#5402,.F.);
#5693=ADVANCED_FACE('',(#413),#5403,.F.);
#5694=ADVANCED_FACE('',(#414),#5404,.F.);
#5695=ADVANCED_FACE('',(#415),#5405,.F.);
#5696=ADVANCED_FACE('',(#416),#5406,.F.);
#5697=ADVANCED_FACE('',(#417),#5407,.F.);
#5698=ADVANCED_FACE('',(#418),#5408,.F.);
#5699=ADVANCED_FACE('',(#419),#5409,.F.);
#5700=ADVANCED_FACE('',(#420),#5410,.F.);
#5701=ADVANCED_FACE('',(#421),#5411,.F.);
#5702=ADVANCED_FACE('',(#422),#5412,.F.);
#5703=ADVANCED_FACE('',(#423),#5413,.F.);
#5704=ADVANCED_FACE('',(#424),#5414,.F.);
#5705=ADVANCED_FACE('',(#425),#5415,.F.);
#5706=ADVANCED_FACE('',(#426),#5416,.F.);
#5707=ADVANCED_FACE('',(#427),#5417,.F.);
#5708=ADVANCED_FACE('',(#428),#5418,.F.);
#5709=ADVANCED_FACE('',(#429),#5419,.F.);
#5710=ADVANCED_FACE('',(#430),#5420,.F.);
#5711=ADVANCED_FACE('',(#431),#5421,.F.);
#5712=ADVANCED_FACE('',(#432),#5422,.F.);
#5713=ADVANCED_FACE('',(#433),#5423,.F.);
#5714=ADVANCED_FACE('',(#434),#5424,.F.);
#5715=ADVANCED_FACE('',(#435),#5425,.F.);
#5716=ADVANCED_FACE('',(#436),#5426,.F.);
#5717=ADVANCED_FACE('',(#437),#5427,.F.);
#5718=ADVANCED_FACE('',(#438),#5428,.F.);
#5719=ADVANCED_FACE('',(#439),#5429,.F.);
#5720=ADVANCED_FACE('',(#440),#5430,.F.);
#5721=ADVANCED_FACE('',(#441),#5431,.F.);
#5722=ADVANCED_FACE('',(#442),#5432,.F.);
#5723=ADVANCED_FACE('',(#443),#5433,.F.);
#5724=ADVANCED_FACE('',(#444),#5434,.F.);
#5725=ADVANCED_FACE('',(#445),#5435,.F.);
#5726=ADVANCED_FACE('',(#446),#5436,.F.);
#5727=ADVANCED_FACE('',(#447),#5437,.F.);
#5728=ADVANCED_FACE('',(#448),#5438,.F.);
#5729=ADVANCED_FACE('',(#449),#5439,.F.);
#5730=ADVANCED_FACE('',(#450),#5440,.F.);
#5731=ADVANCED_FACE('',(#451),#5441,.F.);
#5732=ADVANCED_FACE('',(#452,#127,#128,#129,#130,#131,#132,#133,#134,#135),
#5442,.T.);
#5733=ADVANCED_FACE('',(#453),#5443,.T.);
#5734=ADVANCED_FACE('',(#454),#5444,.T.);
#5735=ADVANCED_FACE('',(#455),#5445,.T.);
#5736=ADVANCED_FACE('',(#456),#5446,.T.);
#5737=ADVANCED_FACE('',(#457),#5447,.T.);
#5738=ADVANCED_FACE('',(#458),#5448,.T.);
#5739=ADVANCED_FACE('',(#459),#5449,.T.);
#5740=ADVANCED_FACE('',(#460),#5450,.T.);
#5741=ADVANCED_FACE('',(#461),#5451,.T.);
#5742=ADVANCED_FACE('',(#462),#5452,.T.);
#5743=ADVANCED_FACE('',(#463),#5453,.T.);
#5744=ADVANCED_FACE('',(#464),#5454,.T.);
#5745=ADVANCED_FACE('',(#465),#5455,.T.);
#5746=ADVANCED_FACE('',(#466),#5456,.T.);
#5747=ADVANCED_FACE('',(#467),#5457,.T.);
#5748=ADVANCED_FACE('',(#468),#5458,.T.);
#5749=ADVANCED_FACE('',(#469),#5459,.T.);
#5750=ADVANCED_FACE('',(#470),#5460,.T.);
#5751=ADVANCED_FACE('',(#471),#5461,.T.);
#5752=ADVANCED_FACE('',(#472),#5462,.T.);
#5753=ADVANCED_FACE('',(#473),#5463,.T.);
#5754=ADVANCED_FACE('',(#474),#5464,.T.);
#5755=ADVANCED_FACE('',(#475),#5465,.T.);
#5756=ADVANCED_FACE('',(#476),#5466,.T.);
#5757=ADVANCED_FACE('',(#477),#5467,.T.);
#5758=ADVANCED_FACE('',(#478),#5468,.T.);
#5759=ADVANCED_FACE('',(#479),#5469,.T.);
#5760=ADVANCED_FACE('',(#480),#5470,.T.);
#5761=ADVANCED_FACE('',(#481),#5471,.T.);
#5762=ADVANCED_FACE('',(#482),#5472,.T.);
#5763=ADVANCED_FACE('',(#483),#5473,.T.);
#5764=ADVANCED_FACE('',(#484),#5474,.T.);
#5765=ADVANCED_FACE('',(#485),#5475,.T.);
#5766=ADVANCED_FACE('',(#486),#5476,.T.);
#5767=ADVANCED_FACE('',(#487),#5477,.T.);
#5768=ADVANCED_FACE('',(#488),#5478,.T.);
#5769=ADVANCED_FACE('',(#489),#5479,.T.);
#5770=ADVANCED_FACE('',(#490),#5480,.T.);
#5771=ADVANCED_FACE('',(#491),#5481,.T.);
#5772=ADVANCED_FACE('',(#492),#5482,.T.);
#5773=ADVANCED_FACE('',(#493),#5483,.T.);
#5774=ADVANCED_FACE('',(#494),#5484,.T.);
#5775=ADVANCED_FACE('',(#495),#5485,.T.);
#5776=ADVANCED_FACE('',(#496),#5486,.T.);
#5777=ADVANCED_FACE('',(#497),#5487,.T.);
#5778=ADVANCED_FACE('',(#498,#136,#137,#138,#139,#140,#141,#142,#143,#144),
#5488,.T.);
#5779=CLOSED_SHELL('',(#5489,#5490,#5491,#5492,#5493,#5494,#5495,#5496,
#5497,#5498,#5499,#5500,#5501,#5502,#5503,#5504,#5505,#5506,#5507,#5508,
#5509,#5510,#5511,#5512,#5513,#5514,#5515,#5516,#5517,#5518,#5519,#5520,
#5521,#5522,#5523,#5524,#5525,#5526,#5527,#5528,#5529,#5530,#5531,#5532,
#5533,#5534,#5535,#5536,#5537,#5538,#5539,#5540));
#5780=CLOSED_SHELL('',(#5541,#5542,#5543,#5544,#5545,#5546,#5547,#5548,
#5549,#5550,#5551,#5552,#5553,#5554,#5555,#5556,#5557,#5558,#5559,#5560,
#5561,#5562,#5563,#5564,#5565,#5566,#5567,#5568,#5569,#5570,#5571,#5572,
#5573,#5574,#5575,#5576,#5577,#5578,#5579,#5580,#5581,#5582,#5583,#5584,
#5585,#5586,#5587,#5588,#5589,#5590,#5591,#5592,#5593,#5594,#5595,#5596,
#5597,#5598,#5599,#5600,#5601,#5602,#5603,#5604,#5605,#5606,#5607,#5608,
#5609,#5610,#5611,#5612,#5613,#5614,#5615,#5616,#5617,#5618,#5619,#5620,
#5621,#5622,#5623,#5624,#5625,#5626,#5627,#5628,#5629,#5630,#5631,#5632,
#5633));
#5781=CLOSED_SHELL('',(#5634,#5635,#5636,#5637,#5638,#5639,#5640,#5641,
#5642,#5643,#5644,#5645,#5646,#5647,#5648,#5649,#5650,#5651,#5652,#5653,
#5654,#5655,#5656,#5657,#5658,#5659,#5660,#5661,#5662,#5663,#5664,#5665,
#5666,#5667,#5668,#5669,#5670,#5671,#5672,#5673,#5674,#5675,#5676,#5677,
#5678,#5679,#5680,#5681,#5682,#5683,#5684,#5685));
#5782=CLOSED_SHELL('',(#5686,#5687,#5688,#5689,#5690,#5691,#5692,#5693,
#5694,#5695,#5696,#5697,#5698,#5699,#5700,#5701,#5702,#5703,#5704,#5705,
#5706,#5707,#5708,#5709,#5710,#5711,#5712,#5713,#5714,#5715,#5716,#5717,
#5718,#5719,#5720,#5721,#5722,#5723,#5724,#5725,#5726,#5727,#5728,#5729,
#5730,#5731,#5732,#5733,#5734,#5735,#5736,#5737,#5738,#5739,#5740,#5741,
#5742,#5743,#5744,#5745,#5746,#5747,#5748,#5749,#5750,#5751,#5752,#5753,
#5754,#5755,#5756,#5757,#5758,#5759,#5760,#5761,#5762,#5763,#5764,#5765,
#5766,#5767,#5768,#5769,#5770,#5771,#5772,#5773,#5774,#5775,#5776,#5777,
#5778));
#5783=DERIVED_UNIT_ELEMENT(#5787,1.);
#5784=DERIVED_UNIT_ELEMENT(#9235,-3.);
#5785=DERIVED_UNIT_ELEMENT(#5787,1.);
#5786=DERIVED_UNIT_ELEMENT(#9235,-3.);
#5787=(
MASS_UNIT()
NAMED_UNIT(*)
SI_UNIT(.KILO.,.GRAM.)
);
#5788=DERIVED_UNIT((#5783,#5784));
#5789=DERIVED_UNIT((#5785,#5786));
#5790=MEASURE_REPRESENTATION_ITEM('density measure',
POSITIVE_RATIO_MEASURE(7850.),#5788);
#5791=MEASURE_REPRESENTATION_ITEM('density measure',
POSITIVE_RATIO_MEASURE(7850.),#5789);
#5792=PROPERTY_DEFINITION_REPRESENTATION(#5802,#5796);
#5793=PROPERTY_DEFINITION_REPRESENTATION(#5803,#5797);
#5794=PROPERTY_DEFINITION_REPRESENTATION(#5804,#5798);
#5795=PROPERTY_DEFINITION_REPRESENTATION(#5805,#5799);
#5796=REPRESENTATION('material name',(#5800),#9231);
#5797=REPRESENTATION('density',(#5790),#9231);
#5798=REPRESENTATION('material name',(#5801),#9232);
#5799=REPRESENTATION('density',(#5791),#9232);
#5800=DESCRIPTIVE_REPRESENTATION_ITEM('Steel','Steel');
#5801=DESCRIPTIVE_REPRESENTATION_ITEM('Steel','Steel');
#5802=PROPERTY_DEFINITION('material property','material name',#9251);
#5803=PROPERTY_DEFINITION('material property','density of part',#9251);
#5804=PROPERTY_DEFINITION('material property','material name',#9252);
#5805=PROPERTY_DEFINITION('material property','density of part',#9252);
#5806=AXIS2_PLACEMENT_3D('',#7611,#6165,#6166);
#5807=AXIS2_PLACEMENT_3D('',#7612,#6167,#6168);
#5808=AXIS2_PLACEMENT_3D('',#7613,#6169,#6170);
#5809=AXIS2_PLACEMENT_3D('',#7622,#6175,#6176);
#5810=AXIS2_PLACEMENT_3D('',#7628,#6180,#6181);
#5811=AXIS2_PLACEMENT_3D('',#7634,#6185,#6186);
#5812=AXIS2_PLACEMENT_3D('',#7640,#6190,#6191);
#5813=AXIS2_PLACEMENT_3D('',#7646,#6195,#6196);
#5814=AXIS2_PLACEMENT_3D('',#7649,#6199,#6200);
#5815=AXIS2_PLACEMENT_3D('',#7651,#6201,#6202);
#5816=AXIS2_PLACEMENT_3D('',#7652,#6203,#6204);
#5817=AXIS2_PLACEMENT_3D('',#7661,#6209,#6210);
#5818=AXIS2_PLACEMENT_3D('',#7667,#6214,#6215);
#5819=AXIS2_PLACEMENT_3D('',#7673,#6219,#6220);
#5820=AXIS2_PLACEMENT_3D('',#7679,#6224,#6225);
#5821=AXIS2_PLACEMENT_3D('',#7685,#6229,#6230);
#5822=AXIS2_PLACEMENT_3D('',#7688,#6233,#6234);
#5823=AXIS2_PLACEMENT_3D('',#7690,#6235,#6236);
#5824=AXIS2_PLACEMENT_3D('',#7691,#6237,#6238);
#5825=AXIS2_PLACEMENT_3D('',#7700,#6243,#6244);
#5826=AXIS2_PLACEMENT_3D('',#7706,#6248,#6249);
#5827=AXIS2_PLACEMENT_3D('',#7712,#6253,#6254);
#5828=AXIS2_PLACEMENT_3D('',#7718,#6258,#6259);
#5829=AXIS2_PLACEMENT_3D('',#7724,#6263,#6264);
#5830=AXIS2_PLACEMENT_3D('',#7727,#6267,#6268);
#5831=AXIS2_PLACEMENT_3D('',#7729,#6269,#6270);
#5832=AXIS2_PLACEMENT_3D('',#7730,#6271,#6272);
#5833=AXIS2_PLACEMENT_3D('',#7732,#6273,#6274);
#5834=AXIS2_PLACEMENT_3D('',#7735,#6276,#6277);
#5835=AXIS2_PLACEMENT_3D('',#7736,#6278,#6279);
#5836=AXIS2_PLACEMENT_3D('',#7738,#6280,#6281);
#5837=AXIS2_PLACEMENT_3D('',#7739,#6282,#6283);
#5838=AXIS2_PLACEMENT_3D('',#7741,#6284,#6285);
#5839=AXIS2_PLACEMENT_3D('',#7744,#6287,#6288);
#5840=AXIS2_PLACEMENT_3D('',#7745,#6289,#6290);
#5841=AXIS2_PLACEMENT_3D('',#7747,#6291,#6292);
#5842=AXIS2_PLACEMENT_3D('',#7748,#6293,#6294);
#5843=AXIS2_PLACEMENT_3D('',#7750,#6295,#6296);
#5844=AXIS2_PLACEMENT_3D('',#7753,#6298,#6299);
#5845=AXIS2_PLACEMENT_3D('',#7754,#6300,#6301);
#5846=AXIS2_PLACEMENT_3D('',#7756,#6302,#6303);
#5847=AXIS2_PLACEMENT_3D('',#7757,#6304,#6305);
#5848=AXIS2_PLACEMENT_3D('',#7760,#6307,#6308);
#5849=AXIS2_PLACEMENT_3D('',#7761,#6309,#6310);
#5850=AXIS2_PLACEMENT_3D('',#7763,#6311,#6312);
#5851=AXIS2_PLACEMENT_3D('',#7765,#6314,#6315);
#5852=AXIS2_PLACEMENT_3D('',#7768,#6317,#6318);
#5853=AXIS2_PLACEMENT_3D('',#7769,#6319,#6320);
#5854=AXIS2_PLACEMENT_3D('',#7771,#6321,#6322);
#5855=AXIS2_PLACEMENT_3D('',#7773,#6324,#6325);
#5856=AXIS2_PLACEMENT_3D('',#7776,#6327,#6328);
#5857=AXIS2_PLACEMENT_3D('',#7777,#6329,#6330);
#5858=AXIS2_PLACEMENT_3D('',#7779,#6331,#6332);
#5859=AXIS2_PLACEMENT_3D('',#7781,#6334,#6335);
#5860=AXIS2_PLACEMENT_3D('',#7783,#6336,#6337);
#5861=AXIS2_PLACEMENT_3D('',#7786,#6339,#6340);
#5862=AXIS2_PLACEMENT_3D('',#7787,#6341,#6342);
#5863=AXIS2_PLACEMENT_3D('',#7789,#6343,#6344);
#5864=AXIS2_PLACEMENT_3D('',#7790,#6345,#6346);
#5865=AXIS2_PLACEMENT_3D('',#7792,#6347,#6348);
#5866=AXIS2_PLACEMENT_3D('',#7795,#6350,#6351);
#5867=AXIS2_PLACEMENT_3D('',#7796,#6352,#6353);
#5868=AXIS2_PLACEMENT_3D('',#7797,#6354,#6355);
#5869=AXIS2_PLACEMENT_3D('',#7799,#6356,#6357);
#5870=AXIS2_PLACEMENT_3D('',#7802,#6359,#6360);
#5871=AXIS2_PLACEMENT_3D('',#7803,#6361,#6362);
#5872=AXIS2_PLACEMENT_3D('',#7804,#6363,#6364);
#5873=AXIS2_PLACEMENT_3D('',#7806,#6365,#6366);
#5874=AXIS2_PLACEMENT_3D('',#7808,#6368,#6369);
#5875=AXIS2_PLACEMENT_3D('',#7819,#6375,#6376);
#5876=AXIS2_PLACEMENT_3D('',#7825,#6380,#6381);
#5877=AXIS2_PLACEMENT_3D('',#7833,#6386,#6387);
#5878=AXIS2_PLACEMENT_3D('',#7843,#6393,#6394);
#5879=AXIS2_PLACEMENT_3D('',#7847,#6397,#6398);
#5880=AXIS2_PLACEMENT_3D('',#7851,#6401,#6402);
#5881=AXIS2_PLACEMENT_3D('',#7859,#6407,#6408);
#5882=AXIS2_PLACEMENT_3D('',#7863,#6411,#6412);
#5883=AXIS2_PLACEMENT_3D('',#7866,#6415,#6416);
#5884=AXIS2_PLACEMENT_3D('',#7868,#6418,#6419);
#5885=AXIS2_PLACEMENT_3D('',#7869,#6420,#6421);
#5886=AXIS2_PLACEMENT_3D('',#7870,#6422,#6423);
#5887=AXIS2_PLACEMENT_3D('',#7872,#6424,#6425);
#5888=AXIS2_PLACEMENT_3D('',#7875,#6427,#6428);
#5889=AXIS2_PLACEMENT_3D('',#7876,#6429,#6430);
#5890=AXIS2_PLACEMENT_3D('',#7878,#6431,#6432);
#5891=AXIS2_PLACEMENT_3D('',#7881,#6434,#6435);
#5892=AXIS2_PLACEMENT_3D('',#7882,#6436,#6437);
#5893=AXIS2_PLACEMENT_3D('',#7884,#6438,#6439);
#5894=AXIS2_PLACEMENT_3D('',#7887,#6441,#6442);
#5895=AXIS2_PLACEMENT_3D('',#7888,#6443,#6444);
#5896=AXIS2_PLACEMENT_3D('',#7897,#6449,#6450);
#5897=AXIS2_PLACEMENT_3D('',#7903,#6454,#6455);
#5898=AXIS2_PLACEMENT_3D('',#7909,#6459,#6460);
#5899=AXIS2_PLACEMENT_3D('',#7915,#6464,#6465);
#5900=AXIS2_PLACEMENT_3D('',#7921,#6469,#6470);
#5901=AXIS2_PLACEMENT_3D('',#7924,#6473,#6474);
#5902=AXIS2_PLACEMENT_3D('',#7933,#6479,#6480);
#5903=AXIS2_PLACEMENT_3D('',#7939,#6484,#6485);
#5904=AXIS2_PLACEMENT_3D('',#7945,#6489,#6490);
#5905=AXIS2_PLACEMENT_3D('',#7951,#6494,#6495);
#5906=AXIS2_PLACEMENT_3D('',#7957,#6499,#6500);
#5907=AXIS2_PLACEMENT_3D('',#7963,#6504,#6505);
#5908=AXIS2_PLACEMENT_3D('',#7969,#6509,#6510);
#5909=AXIS2_PLACEMENT_3D('',#7972,#6513,#6514);
#5910=AXIS2_PLACEMENT_3D('',#7981,#6519,#6520);
#5911=AXIS2_PLACEMENT_3D('',#7987,#6524,#6525);
#5912=AXIS2_PLACEMENT_3D('',#7993,#6529,#6530);
#5913=AXIS2_PLACEMENT_3D('',#7999,#6534,#6535);
#5914=AXIS2_PLACEMENT_3D('',#8005,#6539,#6540);
#5915=AXIS2_PLACEMENT_3D('',#8011,#6544,#6545);
#5916=AXIS2_PLACEMENT_3D('',#8017,#6549,#6550);
#5917=AXIS2_PLACEMENT_3D('',#8020,#6553,#6554);
#5918=AXIS2_PLACEMENT_3D('',#8029,#6559,#6560);
#5919=AXIS2_PLACEMENT_3D('',#8035,#6564,#6565);
#5920=AXIS2_PLACEMENT_3D('',#8041,#6569,#6570);
#5921=AXIS2_PLACEMENT_3D('',#8047,#6574,#6575);
#5922=AXIS2_PLACEMENT_3D('',#8053,#6579,#6580);
#5923=AXIS2_PLACEMENT_3D('',#8059,#6584,#6585);
#5924=AXIS2_PLACEMENT_3D('',#8065,#6589,#6590);
#5925=AXIS2_PLACEMENT_3D('',#8068,#6593,#6594);
#5926=AXIS2_PLACEMENT_3D('',#8077,#6599,#6600);
#5927=AXIS2_PLACEMENT_3D('',#8083,#6604,#6605);
#5928=AXIS2_PLACEMENT_3D('',#8089,#6609,#6610);
#5929=AXIS2_PLACEMENT_3D('',#8095,#6614,#6615);
#5930=AXIS2_PLACEMENT_3D('',#8101,#6619,#6620);
#5931=AXIS2_PLACEMENT_3D('',#8107,#6624,#6625);
#5932=AXIS2_PLACEMENT_3D('',#8113,#6629,#6630);
#5933=AXIS2_PLACEMENT_3D('',#8116,#6633,#6634);
#5934=AXIS2_PLACEMENT_3D('',#8125,#6639,#6640);
#5935=AXIS2_PLACEMENT_3D('',#8131,#6644,#6645);
#5936=AXIS2_PLACEMENT_3D('',#8137,#6649,#6650);
#5937=AXIS2_PLACEMENT_3D('',#8143,#6654,#6655);
#5938=AXIS2_PLACEMENT_3D('',#8146,#6658,#6659);
#5939=AXIS2_PLACEMENT_3D('',#8237,#6705,#6706);
#5940=AXIS2_PLACEMENT_3D('',#8243,#6710,#6711);
#5941=AXIS2_PLACEMENT_3D('',#8247,#6714,#6715);
#5942=AXIS2_PLACEMENT_3D('',#8251,#6718,#6719);
#5943=AXIS2_PLACEMENT_3D('',#8255,#6722,#6723);
#5944=AXIS2_PLACEMENT_3D('',#8259,#6726,#6727);
#5945=AXIS2_PLACEMENT_3D('',#8263,#6730,#6731);
#5946=AXIS2_PLACEMENT_3D('',#8267,#6734,#6735);
#5947=AXIS2_PLACEMENT_3D('',#8271,#6738,#6739);
#5948=AXIS2_PLACEMENT_3D('',#8275,#6742,#6743);
#5949=AXIS2_PLACEMENT_3D('',#8279,#6746,#6747);
#5950=AXIS2_PLACEMENT_3D('',#8283,#6750,#6751);
#5951=AXIS2_PLACEMENT_3D('',#8287,#6754,#6755);
#5952=AXIS2_PLACEMENT_3D('',#8291,#6758,#6759);
#5953=AXIS2_PLACEMENT_3D('',#8295,#6762,#6763);
#5954=AXIS2_PLACEMENT_3D('',#8299,#6766,#6767);
#5955=AXIS2_PLACEMENT_3D('',#8303,#6770,#6771);
#5956=AXIS2_PLACEMENT_3D('',#8307,#6774,#6775);
#5957=AXIS2_PLACEMENT_3D('',#8311,#6778,#6779);
#5958=AXIS2_PLACEMENT_3D('',#8315,#6782,#6783);
#5959=AXIS2_PLACEMENT_3D('',#8319,#6786,#6787);
#5960=AXIS2_PLACEMENT_3D('',#8323,#6790,#6791);
#5961=AXIS2_PLACEMENT_3D('',#8327,#6794,#6795);
#5962=AXIS2_PLACEMENT_3D('',#8331,#6798,#6799);
#5963=AXIS2_PLACEMENT_3D('',#8335,#6802,#6803);
#5964=AXIS2_PLACEMENT_3D('',#8339,#6806,#6807);
#5965=AXIS2_PLACEMENT_3D('',#8343,#6810,#6811);
#5966=AXIS2_PLACEMENT_3D('',#8347,#6814,#6815);
#5967=AXIS2_PLACEMENT_3D('',#8351,#6818,#6819);
#5968=AXIS2_PLACEMENT_3D('',#8355,#6822,#6823);
#5969=AXIS2_PLACEMENT_3D('',#8359,#6826,#6827);
#5970=AXIS2_PLACEMENT_3D('',#8363,#6830,#6831);
#5971=AXIS2_PLACEMENT_3D('',#8367,#6834,#6835);
#5972=AXIS2_PLACEMENT_3D('',#8371,#6838,#6839);
#5973=AXIS2_PLACEMENT_3D('',#8375,#6842,#6843);
#5974=AXIS2_PLACEMENT_3D('',#8379,#6846,#6847);
#5975=AXIS2_PLACEMENT_3D('',#8383,#6850,#6851);
#5976=AXIS2_PLACEMENT_3D('',#8387,#6854,#6855);
#5977=AXIS2_PLACEMENT_3D('',#8391,#6858,#6859);
#5978=AXIS2_PLACEMENT_3D('',#8395,#6862,#6863);
#5979=AXIS2_PLACEMENT_3D('',#8399,#6866,#6867);
#5980=AXIS2_PLACEMENT_3D('',#8403,#6870,#6871);
#5981=AXIS2_PLACEMENT_3D('',#8407,#6874,#6875);
#5982=AXIS2_PLACEMENT_3D('',#8411,#6878,#6879);
#5983=AXIS2_PLACEMENT_3D('',#8415,#6882,#6883);
#5984=AXIS2_PLACEMENT_3D('',#8417,#6885,#6886);
#5985=AXIS2_PLACEMENT_3D('',#8418,#6887,#6888);
#5986=AXIS2_PLACEMENT_3D('',#8419,#6889,#6890);
#5987=AXIS2_PLACEMENT_3D('',#8428,#6895,#6896);
#5988=AXIS2_PLACEMENT_3D('',#8434,#6900,#6901);
#5989=AXIS2_PLACEMENT_3D('',#8440,#6905,#6906);
#5990=AXIS2_PLACEMENT_3D('',#8446,#6910,#6911);
#5991=AXIS2_PLACEMENT_3D('',#8452,#6915,#6916);
#5992=AXIS2_PLACEMENT_3D('',#8455,#6919,#6920);
#5993=AXIS2_PLACEMENT_3D('',#8457,#6921,#6922);
#5994=AXIS2_PLACEMENT_3D('',#8458,#6923,#6924);
#5995=AXIS2_PLACEMENT_3D('',#8467,#6929,#6930);
#5996=AXIS2_PLACEMENT_3D('',#8473,#6934,#6935);
#5997=AXIS2_PLACEMENT_3D('',#8479,#6939,#6940);
#5998=AXIS2_PLACEMENT_3D('',#8485,#6944,#6945);
#5999=AXIS2_PLACEMENT_3D('',#8491,#6949,#6950);
#6000=AXIS2_PLACEMENT_3D('',#8494,#6953,#6954);
#6001=AXIS2_PLACEMENT_3D('',#8496,#6955,#6956);
#6002=AXIS2_PLACEMENT_3D('',#8497,#6957,#6958);
#6003=AXIS2_PLACEMENT_3D('',#8506,#6963,#6964);
#6004=AXIS2_PLACEMENT_3D('',#8512,#6968,#6969);
#6005=AXIS2_PLACEMENT_3D('',#8518,#6973,#6974);
#6006=AXIS2_PLACEMENT_3D('',#8524,#6978,#6979);
#6007=AXIS2_PLACEMENT_3D('',#8530,#6983,#6984);
#6008=AXIS2_PLACEMENT_3D('',#8533,#6987,#6988);
#6009=AXIS2_PLACEMENT_3D('',#8535,#6989,#6990);
#6010=AXIS2_PLACEMENT_3D('',#8536,#6991,#6992);
#6011=AXIS2_PLACEMENT_3D('',#8538,#6993,#6994);
#6012=AXIS2_PLACEMENT_3D('',#8541,#6996,#6997);
#6013=AXIS2_PLACEMENT_3D('',#8542,#6998,#6999);
#6014=AXIS2_PLACEMENT_3D('',#8544,#7000,#7001);
#6015=AXIS2_PLACEMENT_3D('',#8545,#7002,#7003);
#6016=AXIS2_PLACEMENT_3D('',#8547,#7004,#7005);
#6017=AXIS2_PLACEMENT_3D('',#8550,#7007,#7008);
#6018=AXIS2_PLACEMENT_3D('',#8551,#7009,#7010);
#6019=AXIS2_PLACEMENT_3D('',#8553,#7011,#7012);
#6020=AXIS2_PLACEMENT_3D('',#8554,#7013,#7014);
#6021=AXIS2_PLACEMENT_3D('',#8556,#7015,#7016);
#6022=AXIS2_PLACEMENT_3D('',#8559,#7018,#7019);
#6023=AXIS2_PLACEMENT_3D('',#8560,#7020,#7021);
#6024=AXIS2_PLACEMENT_3D('',#8562,#7022,#7023);
#6025=AXIS2_PLACEMENT_3D('',#8563,#7024,#7025);
#6026=AXIS2_PLACEMENT_3D('',#8566,#7027,#7028);
#6027=AXIS2_PLACEMENT_3D('',#8567,#7029,#7030);
#6028=AXIS2_PLACEMENT_3D('',#8569,#7031,#7032);
#6029=AXIS2_PLACEMENT_3D('',#8571,#7034,#7035);
#6030=AXIS2_PLACEMENT_3D('',#8574,#7037,#7038);
#6031=AXIS2_PLACEMENT_3D('',#8575,#7039,#7040);
#6032=AXIS2_PLACEMENT_3D('',#8577,#7041,#7042);
#6033=AXIS2_PLACEMENT_3D('',#8579,#7044,#7045);
#6034=AXIS2_PLACEMENT_3D('',#8582,#7047,#7048);
#6035=AXIS2_PLACEMENT_3D('',#8583,#7049,#7050);
#6036=AXIS2_PLACEMENT_3D('',#8585,#7051,#7052);
#6037=AXIS2_PLACEMENT_3D('',#8587,#7054,#7055);
#6038=AXIS2_PLACEMENT_3D('',#8589,#7056,#7057);
#6039=AXIS2_PLACEMENT_3D('',#8592,#7059,#7060);
#6040=AXIS2_PLACEMENT_3D('',#8593,#7061,#7062);
#6041=AXIS2_PLACEMENT_3D('',#8595,#7063,#7064);
#6042=AXIS2_PLACEMENT_3D('',#8596,#7065,#7066);
#6043=AXIS2_PLACEMENT_3D('',#8598,#7067,#7068);
#6044=AXIS2_PLACEMENT_3D('',#8601,#7070,#7071);
#6045=AXIS2_PLACEMENT_3D('',#8602,#7072,#7073);
#6046=AXIS2_PLACEMENT_3D('',#8603,#7074,#7075);
#6047=AXIS2_PLACEMENT_3D('',#8605,#7076,#7077);
#6048=AXIS2_PLACEMENT_3D('',#8608,#7079,#7080);
#6049=AXIS2_PLACEMENT_3D('',#8609,#7081,#7082);
#6050=AXIS2_PLACEMENT_3D('',#8610,#7083,#7084);
#6051=AXIS2_PLACEMENT_3D('',#8612,#7085,#7086);
#6052=AXIS2_PLACEMENT_3D('',#8614,#7088,#7089);
#6053=AXIS2_PLACEMENT_3D('',#8625,#7095,#7096);
#6054=AXIS2_PLACEMENT_3D('',#8631,#7100,#7101);
#6055=AXIS2_PLACEMENT_3D('',#8639,#7106,#7107);
#6056=AXIS2_PLACEMENT_3D('',#8649,#7113,#7114);
#6057=AXIS2_PLACEMENT_3D('',#8653,#7117,#7118);
#6058=AXIS2_PLACEMENT_3D('',#8657,#7121,#7122);
#6059=AXIS2_PLACEMENT_3D('',#8665,#7127,#7128);
#6060=AXIS2_PLACEMENT_3D('',#8669,#7131,#7132);
#6061=AXIS2_PLACEMENT_3D('',#8672,#7135,#7136);
#6062=AXIS2_PLACEMENT_3D('',#8674,#7138,#7139);
#6063=AXIS2_PLACEMENT_3D('',#8675,#7140,#7141);
#6064=AXIS2_PLACEMENT_3D('',#8676,#7142,#7143);
#6065=AXIS2_PLACEMENT_3D('',#8678,#7144,#7145);
#6066=AXIS2_PLACEMENT_3D('',#8681,#7147,#7148);
#6067=AXIS2_PLACEMENT_3D('',#8682,#7149,#7150);
#6068=AXIS2_PLACEMENT_3D('',#8684,#7151,#7152);
#6069=AXIS2_PLACEMENT_3D('',#8687,#7154,#7155);
#6070=AXIS2_PLACEMENT_3D('',#8688,#7156,#7157);
#6071=AXIS2_PLACEMENT_3D('',#8690,#7158,#7159);
#6072=AXIS2_PLACEMENT_3D('',#8693,#7161,#7162);
#6073=AXIS2_PLACEMENT_3D('',#8694,#7163,#7164);
#6074=AXIS2_PLACEMENT_3D('',#8703,#7169,#7170);
#6075=AXIS2_PLACEMENT_3D('',#8709,#7174,#7175);
#6076=AXIS2_PLACEMENT_3D('',#8715,#7179,#7180);
#6077=AXIS2_PLACEMENT_3D('',#8721,#7184,#7185);
#6078=AXIS2_PLACEMENT_3D('',#8727,#7189,#7190);
#6079=AXIS2_PLACEMENT_3D('',#8730,#7193,#7194);
#6080=AXIS2_PLACEMENT_3D('',#8739,#7199,#7200);
#6081=AXIS2_PLACEMENT_3D('',#8745,#7204,#7205);
#6082=AXIS2_PLACEMENT_3D('',#8751,#7209,#7210);
#6083=AXIS2_PLACEMENT_3D('',#8757,#7214,#7215);
#6084=AXIS2_PLACEMENT_3D('',#8763,#7219,#7220);
#6085=AXIS2_PLACEMENT_3D('',#8769,#7224,#7225);
#6086=AXIS2_PLACEMENT_3D('',#8775,#7229,#7230);
#6087=AXIS2_PLACEMENT_3D('',#8778,#7233,#7234);
#6088=AXIS2_PLACEMENT_3D('',#8787,#7239,#7240);
#6089=AXIS2_PLACEMENT_3D('',#8793,#7244,#7245);
#6090=AXIS2_PLACEMENT_3D('',#8799,#7249,#7250);
#6091=AXIS2_PLACEMENT_3D('',#8805,#7254,#7255);
#6092=AXIS2_PLACEMENT_3D('',#8811,#7259,#7260);
#6093=AXIS2_PLACEMENT_3D('',#8817,#7264,#7265);
#6094=AXIS2_PLACEMENT_3D('',#8823,#7269,#7270);
#6095=AXIS2_PLACEMENT_3D('',#8826,#7273,#7274);
#6096=AXIS2_PLACEMENT_3D('',#8835,#7279,#7280);
#6097=AXIS2_PLACEMENT_3D('',#8841,#7284,#7285);
#6098=AXIS2_PLACEMENT_3D('',#8847,#7289,#7290);
#6099=AXIS2_PLACEMENT_3D('',#8853,#7294,#7295);
#6100=AXIS2_PLACEMENT_3D('',#8859,#7299,#7300);
#6101=AXIS2_PLACEMENT_3D('',#8865,#7304,#7305);
#6102=AXIS2_PLACEMENT_3D('',#8871,#7309,#7310);
#6103=AXIS2_PLACEMENT_3D('',#8874,#7313,#7314);
#6104=AXIS2_PLACEMENT_3D('',#8883,#7319,#7320);
#6105=AXIS2_PLACEMENT_3D('',#8889,#7324,#7325);
#6106=AXIS2_PLACEMENT_3D('',#8895,#7329,#7330);
#6107=AXIS2_PLACEMENT_3D('',#8901,#7334,#7335);
#6108=AXIS2_PLACEMENT_3D('',#8907,#7339,#7340);
#6109=AXIS2_PLACEMENT_3D('',#8913,#7344,#7345);
#6110=AXIS2_PLACEMENT_3D('',#8919,#7349,#7350);
#6111=AXIS2_PLACEMENT_3D('',#8922,#7353,#7354);
#6112=AXIS2_PLACEMENT_3D('',#8931,#7359,#7360);
#6113=AXIS2_PLACEMENT_3D('',#8937,#7364,#7365);
#6114=AXIS2_PLACEMENT_3D('',#8943,#7369,#7370);
#6115=AXIS2_PLACEMENT_3D('',#8949,#7374,#7375);
#6116=AXIS2_PLACEMENT_3D('',#8952,#7378,#7379);
#6117=AXIS2_PLACEMENT_3D('',#9043,#7425,#7426);
#6118=AXIS2_PLACEMENT_3D('',#9049,#7430,#7431);
#6119=AXIS2_PLACEMENT_3D('',#9053,#7434,#7435);
#6120=AXIS2_PLACEMENT_3D('',#9057,#7438,#7439);
#6121=AXIS2_PLACEMENT_3D('',#9061,#7442,#7443);
#6122=AXIS2_PLACEMENT_3D('',#9065,#7446,#7447);
#6123=AXIS2_PLACEMENT_3D('',#9069,#7450,#7451);
#6124=AXIS2_PLACEMENT_3D('',#9073,#7454,#7455);
#6125=AXIS2_PLACEMENT_3D('',#9077,#7458,#7459);
#6126=AXIS2_PLACEMENT_3D('',#9081,#7462,#7463);
#6127=AXIS2_PLACEMENT_3D('',#9085,#7466,#7467);
#6128=AXIS2_PLACEMENT_3D('',#9089,#7470,#7471);
#6129=AXIS2_PLACEMENT_3D('',#9093,#7474,#7475);
#6130=AXIS2_PLACEMENT_3D('',#9097,#7478,#7479);
#6131=AXIS2_PLACEMENT_3D('',#9101,#7482,#7483);
#6132=AXIS2_PLACEMENT_3D('',#9105,#7486,#7487);
#6133=AXIS2_PLACEMENT_3D('',#9109,#7490,#7491);
#6134=AXIS2_PLACEMENT_3D('',#9113,#7494,#7495);
#6135=AXIS2_PLACEMENT_3D('',#9117,#7498,#7499);
#6136=AXIS2_PLACEMENT_3D('',#9121,#7502,#7503);
#6137=AXIS2_PLACEMENT_3D('',#9125,#7506,#7507);
#6138=AXIS2_PLACEMENT_3D('',#9129,#7510,#7511);
#6139=AXIS2_PLACEMENT_3D('',#9133,#7514,#7515);
#6140=AXIS2_PLACEMENT_3D('',#9137,#7518,#7519);
#6141=AXIS2_PLACEMENT_3D('',#9141,#7522,#7523);
#6142=AXIS2_PLACEMENT_3D('',#9145,#7526,#7527);
#6143=AXIS2_PLACEMENT_3D('',#9149,#7530,#7531);
#6144=AXIS2_PLACEMENT_3D('',#9153,#7534,#7535);
#6145=AXIS2_PLACEMENT_3D('',#9157,#7538,#7539);
#6146=AXIS2_PLACEMENT_3D('',#9161,#7542,#7543);
#6147=AXIS2_PLACEMENT_3D('',#9165,#7546,#7547);
#6148=AXIS2_PLACEMENT_3D('',#9169,#7550,#7551);
#6149=AXIS2_PLACEMENT_3D('',#9173,#7554,#7555);
#6150=AXIS2_PLACEMENT_3D('',#9177,#7558,#7559);
#6151=AXIS2_PLACEMENT_3D('',#9181,#7562,#7563);
#6152=AXIS2_PLACEMENT_3D('',#9185,#7566,#7567);
#6153=AXIS2_PLACEMENT_3D('',#9189,#7570,#7571);
#6154=AXIS2_PLACEMENT_3D('',#9193,#7574,#7575);
#6155=AXIS2_PLACEMENT_3D('',#9197,#7578,#7579);
#6156=AXIS2_PLACEMENT_3D('',#9201,#7582,#7583);
#6157=AXIS2_PLACEMENT_3D('',#9205,#7586,#7587);
#6158=AXIS2_PLACEMENT_3D('',#9209,#7590,#7591);
#6159=AXIS2_PLACEMENT_3D('',#9213,#7594,#7595);
#6160=AXIS2_PLACEMENT_3D('',#9217,#7598,#7599);
#6161=AXIS2_PLACEMENT_3D('',#9221,#7602,#7603);
#6162=AXIS2_PLACEMENT_3D('',#9223,#7605,#7606);
#6163=AXIS2_PLACEMENT_3D('',#9224,#7607,#7608);
#6164=AXIS2_PLACEMENT_3D('',#9225,#7609,#7610);
#6165=DIRECTION('axis',(0.,0.,1.));
#6166=DIRECTION('refdir',(1.,0.,0.));
#6167=DIRECTION('axis',(0.,0.,1.));
#6168=DIRECTION('refdir',(1.,0.,0.));
#6169=DIRECTION('center_axis',(0.,-2.67078150886606E-16,-1.));
#6170=DIRECTION('ref_axis',(0.,1.,-2.67078150886606E-16));
#6171=DIRECTION('',(0.,1.,-2.67078150886606E-16));
#6172=DIRECTION('',(1.,0.,0.));
#6173=DIRECTION('',(0.,1.,-2.67078150886606E-16));
#6174=DIRECTION('',(1.,0.,0.));
#6175=DIRECTION('center_axis',(0.,-0.866025403784439,-0.5));
#6176=DIRECTION('ref_axis',(0.,0.5,-0.866025403784439));
#6177=DIRECTION('',(0.,0.5,-0.866025403784439));
#6178=DIRECTION('',(1.,0.,0.));
#6179=DIRECTION('',(0.,0.5,-0.866025403784439));
#6180=DIRECTION('center_axis',(0.,-0.866025403784439,0.5));
#6181=DIRECTION('ref_axis',(0.,-0.5,-0.866025403784439));
#6182=DIRECTION('',(0.,-0.5,-0.866025403784439));
#6183=DIRECTION('',(1.,0.,0.));
#6184=DIRECTION('',(0.,-0.5,-0.866025403784439));
#6185=DIRECTION('center_axis',(0.,0.,1.));
#6186=DIRECTION('ref_axis',(0.,-1.,0.));
#6187=DIRECTION('',(0.,-1.,0.));
#6188=DIRECTION('',(1.,0.,0.));
#6189=DIRECTION('',(0.,-1.,0.));
#6190=DIRECTION('center_axis',(0.,0.866025403784438,0.5));
#6191=DIRECTION('ref_axis',(0.,-0.5,0.866025403784438));
#6192=DIRECTION('',(0.,-0.5,0.866025403784438));
#6193=DIRECTION('',(1.,0.,0.));
#6194=DIRECTION('',(0.,-0.5,0.866025403784438));
#6195=DIRECTION('center_axis',(0.,0.866025403784438,-0.5));
#6196=DIRECTION('ref_axis',(0.,0.5,0.866025403784438));
#6197=DIRECTION('',(0.,0.5,0.866025403784438));
#6198=DIRECTION('',(0.,0.5,0.866025403784438));
#6199=DIRECTION('center_axis',(1.,0.,0.));
#6200=DIRECTION('ref_axis',(0.,0.,-1.));
#6201=DIRECTION('center_axis',(-1.,0.,0.));
#6202=DIRECTION('ref_axis',(0.,0.,-1.));
#6203=DIRECTION('center_axis',(0.,0.,-1.));
#6204=DIRECTION('ref_axis',(0.,1.,0.));
#6205=DIRECTION('',(0.,1.,0.));
#6206=DIRECTION('',(1.,0.,0.));
#6207=DIRECTION('',(0.,1.,0.));
#6208=DIRECTION('',(1.,0.,0.));
#6209=DIRECTION('center_axis',(0.,-0.866025403784439,-0.5));
#6210=DIRECTION('ref_axis',(0.,0.5,-0.866025403784439));
#6211=DIRECTION('',(0.,0.5,-0.866025403784439));
#6212=DIRECTION('',(1.,0.,0.));
#6213=DIRECTION('',(0.,0.5,-0.866025403784439));
#6214=DIRECTION('center_axis',(0.,-0.866025403784439,0.5));
#6215=DIRECTION('ref_axis',(0.,-0.5,-0.866025403784439));
#6216=DIRECTION('',(0.,-0.5,-0.866025403784439));
#6217=DIRECTION('',(1.,0.,0.));
#6218=DIRECTION('',(0.,-0.5,-0.866025403784439));
#6219=DIRECTION('center_axis',(0.,0.,1.));
#6220=DIRECTION('ref_axis',(0.,-1.,0.));
#6221=DIRECTION('',(0.,-1.,0.));
#6222=DIRECTION('',(1.,0.,0.));
#6223=DIRECTION('',(0.,-1.,0.));
#6224=DIRECTION('center_axis',(0.,0.866025403784438,0.500000000000001));
#6225=DIRECTION('ref_axis',(0.,-0.500000000000001,0.866025403784438));
#6226=DIRECTION('',(0.,-0.500000000000001,0.866025403784438));
#6227=DIRECTION('',(1.,0.,0.));
#6228=DIRECTION('',(0.,-0.500000000000001,0.866025403784438));
#6229=DIRECTION('center_axis',(0.,0.866025403784438,-0.500000000000001));
#6230=DIRECTION('ref_axis',(0.,0.500000000000001,0.866025403784438));
#6231=DIRECTION('',(0.,0.500000000000001,0.866025403784438));
#6232=DIRECTION('',(0.,0.500000000000001,0.866025403784438));
#6233=DIRECTION('center_axis',(1.,0.,0.));
#6234=DIRECTION('ref_axis',(0.,0.,-1.));
#6235=DIRECTION('center_axis',(-1.,0.,0.));
#6236=DIRECTION('ref_axis',(0.,0.,-1.));
#6237=DIRECTION('center_axis',(0.,0.,-1.));
#6238=DIRECTION('ref_axis',(0.,1.,0.));
#6239=DIRECTION('',(0.,1.,0.));
#6240=DIRECTION('',(1.,0.,0.));
#6241=DIRECTION('',(0.,1.,0.));
#6242=DIRECTION('',(1.,0.,0.));
#6243=DIRECTION('center_axis',(0.,-0.866025403784439,-0.499999999999999));
#6244=DIRECTION('ref_axis',(0.,0.499999999999999,-0.866025403784439));
#6245=DIRECTION('',(0.,0.499999999999999,-0.866025403784439));
#6246=DIRECTION('',(1.,0.,0.));
#6247=DIRECTION('',(0.,0.499999999999999,-0.866025403784439));
#6248=DIRECTION('center_axis',(0.,-0.866025403784438,0.500000000000001));
#6249=DIRECTION('ref_axis',(0.,-0.500000000000001,-0.866025403784438));
#6250=DIRECTION('',(0.,-0.500000000000001,-0.866025403784438));
#6251=DIRECTION('',(1.,0.,0.));
#6252=DIRECTION('',(0.,-0.500000000000001,-0.866025403784438));
#6253=DIRECTION('center_axis',(0.,0.,1.));
#6254=DIRECTION('ref_axis',(0.,-1.,0.));
#6255=DIRECTION('',(0.,-1.,0.));
#6256=DIRECTION('',(1.,0.,0.));
#6257=DIRECTION('',(0.,-1.,0.));
#6258=DIRECTION('center_axis',(0.,0.866025403784438,0.500000000000001));
#6259=DIRECTION('ref_axis',(0.,-0.500000000000001,0.866025403784438));
#6260=DIRECTION('',(0.,-0.500000000000001,0.866025403784438));
#6261=DIRECTION('',(1.,0.,0.));
#6262=DIRECTION('',(0.,-0.500000000000001,0.866025403784438));
#6263=DIRECTION('center_axis',(0.,0.866025403784438,-0.500000000000001));
#6264=DIRECTION('ref_axis',(0.,0.500000000000001,0.866025403784438));
#6265=DIRECTION('',(0.,0.500000000000001,0.866025403784438));
#6266=DIRECTION('',(0.,0.500000000000001,0.866025403784438));
#6267=DIRECTION('center_axis',(1.,0.,0.));
#6268=DIRECTION('ref_axis',(0.,0.,-1.));
#6269=DIRECTION('center_axis',(-1.,0.,0.));
#6270=DIRECTION('ref_axis',(0.,0.,-1.));
#6271=DIRECTION('center_axis',(-1.,0.,0.));
#6272=DIRECTION('ref_axis',(0.,0.,-1.));
#6273=DIRECTION('center_axis',(-1.,0.,0.));
#6274=DIRECTION('ref_axis',(0.,0.,-1.));
#6275=DIRECTION('',(-1.,0.,0.));
#6276=DIRECTION('center_axis',(-1.,0.,0.));
#6277=DIRECTION('ref_axis',(0.,0.,-1.));
#6278=DIRECTION('center_axis',(1.,0.,0.));
#6279=DIRECTION('ref_axis',(0.,0.,-1.));
#6280=DIRECTION('center_axis',(1.,0.,0.));
#6281=DIRECTION('ref_axis',(0.,0.,-1.));
#6282=DIRECTION('center_axis',(-1.,0.,0.));
#6283=DIRECTION('ref_axis',(0.,0.,-1.));
#6284=DIRECTION('center_axis',(-1.,0.,0.));
#6285=DIRECTION('ref_axis',(0.,0.,-1.));
#6286=DIRECTION('',(-1.,0.,0.));
#6287=DIRECTION('center_axis',(-1.,0.,0.));
#6288=DIRECTION('ref_axis',(0.,0.,-1.));
#6289=DIRECTION('center_axis',(1.,0.,0.));
#6290=DIRECTION('ref_axis',(0.,0.,-1.));
#6291=DIRECTION('center_axis',(1.,0.,0.));
#6292=DIRECTION('ref_axis',(0.,0.,-1.));
#6293=DIRECTION('center_axis',(-1.,0.,0.));
#6294=DIRECTION('ref_axis',(0.,0.,-1.));
#6295=DIRECTION('center_axis',(-1.,0.,0.));
#6296=DIRECTION('ref_axis',(0.,0.,-1.));
#6297=DIRECTION('',(-1.,0.,0.));
#6298=DIRECTION('center_axis',(-1.,0.,0.));
#6299=DIRECTION('ref_axis',(0.,0.,-1.));
#6300=DIRECTION('center_axis',(1.,0.,0.));
#6301=DIRECTION('ref_axis',(0.,0.,-1.));
#6302=DIRECTION('center_axis',(1.,0.,0.));
#6303=DIRECTION('ref_axis',(0.,0.,-1.));
#6304=DIRECTION('center_axis',(1.,0.,0.));
#6305=DIRECTION('ref_axis',(0.,0.,-1.));
#6306=DIRECTION('',(1.,0.,0.));
#6307=DIRECTION('center_axis',(-1.,0.,0.));
#6308=DIRECTION('ref_axis',(0.,0.,-1.));
#6309=DIRECTION('center_axis',(1.,0.,0.));
#6310=DIRECTION('ref_axis',(0.,0.,-1.));
#6311=DIRECTION('center_axis',(1.,0.,0.));
#6312=DIRECTION('ref_axis',(0.,0.,-1.));
#6313=DIRECTION('',(1.,0.,0.));
#6314=DIRECTION('center_axis',(1.,0.,0.));
#6315=DIRECTION('ref_axis',(0.,0.,-1.));
#6316=DIRECTION('',(1.,0.,0.));
#6317=DIRECTION('center_axis',(-1.,0.,0.));
#6318=DIRECTION('ref_axis',(0.,0.,-1.));
#6319=DIRECTION('center_axis',(1.,0.,0.));
#6320=DIRECTION('ref_axis',(0.,0.,-1.));
#6321=DIRECTION('center_axis',(1.,0.,0.));
#6322=DIRECTION('ref_axis',(0.,0.,-1.));
#6323=DIRECTION('',(1.,0.,0.));
#6324=DIRECTION('center_axis',(1.,0.,0.));
#6325=DIRECTION('ref_axis',(0.,0.,-1.));
#6326=DIRECTION('',(1.,0.,0.));
#6327=DIRECTION('center_axis',(-1.,0.,0.));
#6328=DIRECTION('ref_axis',(0.,0.,-1.));
#6329=DIRECTION('center_axis',(1.,0.,0.));
#6330=DIRECTION('ref_axis',(0.,0.,-1.));
#6331=DIRECTION('center_axis',(1.,0.,0.));
#6332=DIRECTION('ref_axis',(0.,0.,-1.));
#6333=DIRECTION('',(1.,0.,0.));
#6334=DIRECTION('center_axis',(0.,1.,0.));
#6335=DIRECTION('ref_axis',(1.,0.,0.));
#6336=DIRECTION('center_axis',(0.,1.,0.));
#6337=DIRECTION('ref_axis',(1.,0.,0.));
#6338=DIRECTION('',(0.,1.,0.));
#6339=DIRECTION('center_axis',(0.,-1.,0.));
#6340=DIRECTION('ref_axis',(1.,0.,0.));
#6341=DIRECTION('center_axis',(0.,1.,0.));
#6342=DIRECTION('ref_axis',(1.,0.,0.));
#6343=DIRECTION('center_axis',(0.,1.,0.));
#6344=DIRECTION('ref_axis',(1.,0.,0.));
#6345=DIRECTION('center_axis',(0.,1.,0.));
#6346=DIRECTION('ref_axis',(1.,0.,0.));
#6347=DIRECTION('center_axis',(0.,1.,0.));
#6348=DIRECTION('ref_axis',(1.,0.,0.));
#6349=DIRECTION('',(0.,1.,0.));
#6350=DIRECTION('center_axis',(0.,1.,0.));
#6351=DIRECTION('ref_axis',(1.,0.,0.));
#6352=DIRECTION('center_axis',(0.,1.,0.));
#6353=DIRECTION('ref_axis',(1.,0.,0.));
#6354=DIRECTION('center_axis',(0.,1.,0.));
#6355=DIRECTION('ref_axis',(1.,0.,0.));
#6356=DIRECTION('center_axis',(0.,1.,0.));
#6357=DIRECTION('ref_axis',(1.,0.,0.));
#6358=DIRECTION('',(0.,1.,0.));
#6359=DIRECTION('center_axis',(0.,1.,0.));
#6360=DIRECTION('ref_axis',(1.,0.,0.));
#6361=DIRECTION('center_axis',(0.,1.,0.));
#6362=DIRECTION('ref_axis',(1.,0.,0.));
#6363=DIRECTION('center_axis',(0.,1.,0.));
#6364=DIRECTION('ref_axis',(1.,0.,0.));
#6365=DIRECTION('center_axis',(0.,1.,0.));
#6366=DIRECTION('ref_axis',(1.,0.,0.));
#6367=DIRECTION('',(0.,1.,0.));
#6368=DIRECTION('center_axis',(1.,0.,0.));
#6369=DIRECTION('ref_axis',(0.,1.,0.));
#6370=DIRECTION('',(0.,1.,0.));
#6371=DIRECTION('',(0.,0.,1.));
#6372=DIRECTION('',(0.,-1.,0.));
#6373=DIRECTION('',(0.,0.,1.));
#6374=DIRECTION('',(0.,0.777630026941466,0.628722149442037));
#6375=DIRECTION('center_axis',(0.,-1.,0.));
#6376=DIRECTION('ref_axis',(1.,0.,0.));
#6377=DIRECTION('',(1.,0.,0.));
#6378=DIRECTION('',(0.,0.,1.));
#6379=DIRECTION('',(-1.,0.,0.));
#6380=DIRECTION('center_axis',(-1.,0.,0.));
#6381=DIRECTION('ref_axis',(0.,-1.,0.));
#6382=DIRECTION('',(0.,-1.,0.));
#6383=DIRECTION('',(0.,-0.777630026941466,-0.628722149442037));
#6384=DIRECTION('',(0.,0.,-1.));
#6385=DIRECTION('',(0.,1.,0.));
#6386=DIRECTION('center_axis',(0.,0.,-1.));
#6387=DIRECTION('ref_axis',(0.,1.,0.));
#6388=DIRECTION('',(-1.,0.,0.));
#6389=DIRECTION('',(0.,1.,0.));
#6390=DIRECTION('',(1.,0.,0.));
#6391=DIRECTION('',(0.,-1.,0.));
#6392=DIRECTION('',(-1.,0.,0.));
#6393=DIRECTION('center_axis',(0.,0.628722149442037,-0.777630026941466));
#6394=DIRECTION('ref_axis',(0.,0.777630026941466,0.628722149442037));
#6395=DIRECTION('',(1.,0.,0.));
#6396=DIRECTION('',(0.,0.777630026941466,0.628722149442037));
#6397=DIRECTION('center_axis',(0.,1.,0.));
#6398=DIRECTION('ref_axis',(0.,0.,1.));
#6399=DIRECTION('',(1.,0.,0.));
#6400=DIRECTION('',(0.,0.,1.));
#6401=DIRECTION('center_axis',(-1.,0.,0.));
#6402=DIRECTION('ref_axis',(0.,0.,1.));
#6403=DIRECTION('',(0.,-0.777630026941466,-0.628722149442037));
#6404=DIRECTION('',(0.,0.,1.));
#6405=DIRECTION('',(0.,1.,0.));
#6406=DIRECTION('',(0.,0.,-1.));
#6407=DIRECTION('center_axis',(0.,-1.,0.));
#6408=DIRECTION('ref_axis',(0.,0.,-1.));
#6409=DIRECTION('',(0.,0.,-1.));
#6410=DIRECTION('',(1.,0.,0.));
#6411=DIRECTION('center_axis',(0.,0.,1.));
#6412=DIRECTION('ref_axis',(0.,-1.,0.));
#6413=DIRECTION('',(1.,0.,0.));
#6414=DIRECTION('',(0.,-1.,0.));
#6415=DIRECTION('center_axis',(0.,1.,0.));
#6416=DIRECTION('ref_axis',(0.,0.,1.));
#6417=DIRECTION('',(1.,0.,0.));
#6418=DIRECTION('center_axis',(0.,0.628722149442037,-0.777630026941466));
#6419=DIRECTION('ref_axis',(0.,0.777630026941466,0.628722149442037));
#6420=DIRECTION('center_axis',(1.,0.,0.));
#6421=DIRECTION('ref_axis',(0.,0.,-1.));
#6422=DIRECTION('center_axis',(1.,0.,0.));
#6423=DIRECTION('ref_axis',(0.,0.,-1.));
#6424=DIRECTION('center_axis',(1.,0.,0.));
#6425=DIRECTION('ref_axis',(0.,0.,-1.));
#6426=DIRECTION('',(1.,0.,0.));
#6427=DIRECTION('center_axis',(-1.,0.,0.));
#6428=DIRECTION('ref_axis',(0.,0.,-1.));
#6429=DIRECTION('center_axis',(1.,0.,0.));
#6430=DIRECTION('ref_axis',(0.,0.,-1.));
#6431=DIRECTION('center_axis',(1.,0.,0.));
#6432=DIRECTION('ref_axis',(0.,0.,-1.));
#6433=DIRECTION('',(1.,0.,0.));
#6434=DIRECTION('center_axis',(-1.,0.,0.));
#6435=DIRECTION('ref_axis',(0.,0.,-1.));
#6436=DIRECTION('center_axis',(1.,0.,0.));
#6437=DIRECTION('ref_axis',(0.,0.,-1.));
#6438=DIRECTION('center_axis',(1.,0.,0.));
#6439=DIRECTION('ref_axis',(0.,0.,-1.));
#6440=DIRECTION('',(1.,0.,0.));
#6441=DIRECTION('center_axis',(-1.,0.,0.));
#6442=DIRECTION('ref_axis',(0.,0.,-1.));
#6443=DIRECTION('center_axis',(0.,0.,-1.));
#6444=DIRECTION('ref_axis',(0.,1.,0.));
#6445=DIRECTION('',(0.,1.,0.));
#6446=DIRECTION('',(1.,0.,0.));
#6447=DIRECTION('',(0.,-1.,0.));
#6448=DIRECTION('',(1.,0.,0.));
#6449=DIRECTION('center_axis',(0.,0.584478495976725,-0.81140919870358));
#6450=DIRECTION('ref_axis',(0.,0.81140919870358,0.584478495976725));
#6451=DIRECTION('',(0.,0.81140919870358,0.584478495976725));
#6452=DIRECTION('',(0.,-0.81140919870358,-0.584478495976725));
#6453=DIRECTION('',(1.,0.,0.));
#6454=DIRECTION('center_axis',(0.,0.382602099302437,0.923913217574772));
#6455=DIRECTION('ref_axis',(0.,-0.923913217574772,0.382602099302437));
#6456=DIRECTION('',(0.,-0.923913217574772,0.382602099302437));
#6457=DIRECTION('',(0.,0.923913217574772,-0.382602099302437));
#6458=DIRECTION('',(1.,0.,0.));
#6459=DIRECTION('center_axis',(0.,0.37265013887166,0.927971914445116));
#6460=DIRECTION('ref_axis',(0.,-0.927971914445116,0.37265013887166));
#6461=DIRECTION('',(0.,-0.927971914445116,0.37265013887166));
#6462=DIRECTION('',(0.,0.927971914445116,-0.37265013887166));
#6463=DIRECTION('',(-1.,0.,0.));
#6464=DIRECTION('center_axis',(0.,-0.686581588754613,0.727052764235988));
#6465=DIRECTION('ref_axis',(0.,-0.727052764235988,-0.686581588754613));
#6466=DIRECTION('',(0.,-0.727052764235988,-0.686581588754613));
#6467=DIRECTION('',(1.,0.,0.));
#6468=DIRECTION('',(0.,0.727052764235988,0.686581588754613));
#6469=DIRECTION('center_axis',(0.,0.355429211126465,0.934703202026193));
#6470=DIRECTION('ref_axis',(0.,-0.934703202026194,0.355429211126465));
#6471=DIRECTION('',(0.,-0.934703202026194,0.355429211126465));
#6472=DIRECTION('',(0.,0.934703202026194,-0.355429211126465));
#6473=DIRECTION('center_axis',(0.,0.132163720091018,0.991227900682635));
#6474=DIRECTION('ref_axis',(0.,-0.991227900682635,0.132163720091018));
#6475=DIRECTION('',(0.,-0.991227900682635,0.132163720091018));
#6476=DIRECTION('',(1.,0.,0.));
#6477=DIRECTION('',(0.,0.991227900682635,-0.132163720091018));
#6478=DIRECTION('',(1.,0.,0.));
#6479=DIRECTION('center_axis',(0.,0.119735377891497,0.99280584168365));
#6480=DIRECTION('ref_axis',(0.,-0.99280584168365,0.119735377891497));
#6481=DIRECTION('',(0.,-0.99280584168365,0.119735377891497));
#6482=DIRECTION('',(0.,0.99280584168365,-0.119735377891497));
#6483=DIRECTION('',(1.,0.,0.));
#6484=DIRECTION('center_axis',(0.,0.11017423951133,0.993912288357529));
#6485=DIRECTION('ref_axis',(0.,-0.993912288357529,0.11017423951133));
#6486=DIRECTION('',(0.,-0.993912288357529,0.11017423951133));
#6487=DIRECTION('',(0.,0.993912288357529,-0.11017423951133));
#6488=DIRECTION('',(1.,0.,0.));
#6489=DIRECTION('center_axis',(0.,0.0995037190209991,0.995037190209989));
#6490=DIRECTION('ref_axis',(0.,-0.995037190209989,0.0995037190209991));
#6491=DIRECTION('',(0.,-0.995037190209989,0.0995037190209991));
#6492=DIRECTION('',(0.,0.995037190209989,-0.0995037190209991));
#6493=DIRECTION('',(1.,0.,0.));
#6494=DIRECTION('center_axis',(0.,0.0929294516015967,0.995672695731397));
#6495=DIRECTION('ref_axis',(0.,-0.995672695731397,0.0929294516015967));
#6496=DIRECTION('',(0.,-0.995672695731397,0.0929294516015967));
#6497=DIRECTION('',(0.,0.995672695731397,-0.0929294516015967));
#6498=DIRECTION('',(-1.,0.,0.));
#6499=DIRECTION('center_axis',(0.,0.988801863017055,-0.149234297981397));
#6500=DIRECTION('ref_axis',(0.,0.149234297981397,0.988801863017055));
#6501=DIRECTION('',(0.,0.149234297981397,0.988801863017055));
#6502=DIRECTION('',(1.,0.,0.));
#6503=DIRECTION('',(0.,-0.149234297981397,-0.988801863017055));
#6504=DIRECTION('center_axis',(0.,0.,-1.));
#6505=DIRECTION('ref_axis',(0.,1.,0.));
#6506=DIRECTION('',(0.,1.,0.));
#6507=DIRECTION('',(1.,0.,0.));
#6508=DIRECTION('',(0.,-1.,0.));
#6509=DIRECTION('center_axis',(0.,-1.,0.));
#6510=DIRECTION('ref_axis',(0.,0.,-1.));
#6511=DIRECTION('',(0.,0.,-1.));
#6512=DIRECTION('',(0.,0.,1.));
#6513=DIRECTION('center_axis',(0.,0.930853848312218,-0.365391725525271));
#6514=DIRECTION('ref_axis',(0.,0.365391725525271,0.930853848312218));
#6515=DIRECTION('',(0.,0.365391725525271,0.930853848312218));
#6516=DIRECTION('',(1.,0.,0.));
#6517=DIRECTION('',(0.,-0.365391725525271,-0.930853848312218));
#6518=DIRECTION('',(1.,0.,0.));
#6519=DIRECTION('center_axis',(0.,0.196116135138184,0.98058067569092));
#6520=DIRECTION('ref_axis',(0.,-0.98058067569092,0.196116135138184));
#6521=DIRECTION('',(0.,-0.98058067569092,0.196116135138184));
#6522=DIRECTION('',(0.,0.98058067569092,-0.196116135138184));
#6523=DIRECTION('',(1.,0.,0.));
#6524=DIRECTION('center_axis',(0.,0.183689005799344,0.982984409412707));
#6525=DIRECTION('ref_axis',(0.,-0.982984409412707,0.183689005799344));
#6526=DIRECTION('',(0.,-0.982984409412707,0.183689005799344));
#6527=DIRECTION('',(0.,0.982984409412707,-0.183689005799344));
#6528=DIRECTION('',(1.,0.,0.));
#6529=DIRECTION('center_axis',(0.,0.172323843886197,0.985040350862992));
#6530=DIRECTION('ref_axis',(0.,-0.985040350862991,0.172323843886197));
#6531=DIRECTION('',(0.,-0.985040350862991,0.172323843886197));
#6532=DIRECTION('',(0.,0.985040350862991,-0.172323843886197));
#6533=DIRECTION('',(1.,0.,0.));
#6534=DIRECTION('center_axis',(0.,0.164398987305357,0.986393923832144));
#6535=DIRECTION('ref_axis',(0.,-0.986393923832144,0.164398987305357));
#6536=DIRECTION('',(0.,-0.986393923832144,0.164398987305357));
#6537=DIRECTION('',(0.,0.986393923832144,-0.164398987305357));
#6538=DIRECTION('',(-1.,0.,0.));
#6539=DIRECTION('center_axis',(0.,0.,-1.));
#6540=DIRECTION('ref_axis',(0.,1.,0.));
#6541=DIRECTION('',(0.,1.,0.));
#6542=DIRECTION('',(1.,0.,0.));
#6543=DIRECTION('',(0.,-1.,0.));
#6544=DIRECTION('center_axis',(0.,-0.988840159699834,0.148980329455964));
#6545=DIRECTION('ref_axis',(0.,-0.148980329455964,-0.988840159699834));
#6546=DIRECTION('',(0.,-0.148980329455964,-0.988840159699834));
#6547=DIRECTION('',(1.,0.,0.));
#6548=DIRECTION('',(0.,0.148980329455964,0.988840159699834));
#6549=DIRECTION('center_axis',(0.,0.152941176470589,0.988235294117647));
#6550=DIRECTION('ref_axis',(0.,-0.988235294117647,0.152941176470589));
#6551=DIRECTION('',(0.,-0.988235294117647,0.152941176470589));
#6552=DIRECTION('',(0.,0.988235294117647,-0.152941176470589));
#6553=DIRECTION('center_axis',(0.,0.826396113828401,-0.563089214112041));
#6554=DIRECTION('ref_axis',(0.,0.563089214112041,0.826396113828401));
#6555=DIRECTION('',(0.,0.563089214112041,0.826396113828401));
#6556=DIRECTION('',(1.,0.,0.));
#6557=DIRECTION('',(0.,-0.563089214112041,-0.826396113828401));
#6558=DIRECTION('',(1.,0.,0.));
#6559=DIRECTION('center_axis',(0.,0.261732970242705,0.965140327769973));
#6560=DIRECTION('ref_axis',(0.,-0.965140327769973,0.261732970242705));
#6561=DIRECTION('',(0.,-0.965140327769973,0.261732970242705));
#6562=DIRECTION('',(0.,0.965140327769973,-0.261732970242705));
#6563=DIRECTION('',(1.,0.,0.));
#6564=DIRECTION('center_axis',(0.,0.250460658987594,0.96812677800973));
#6565=DIRECTION('ref_axis',(0.,-0.96812677800973,0.250460658987594));
#6566=DIRECTION('',(0.,-0.96812677800973,0.250460658987594));
#6567=DIRECTION('',(0.,0.96812677800973,-0.250460658987594));
#6568=DIRECTION('',(1.,0.,0.));
#6569=DIRECTION('center_axis',(0.,0.237005333459066,0.971508348863743));
#6570=DIRECTION('ref_axis',(0.,-0.971508348863743,0.237005333459066));
#6571=DIRECTION('',(0.,-0.971508348863743,0.237005333459066));
#6572=DIRECTION('',(0.,0.971508348863743,-0.237005333459066));
#6573=DIRECTION('',(1.,0.,0.));
#6574=DIRECTION('center_axis',(0.,0.228768026856,0.973480965344681));
#6575=DIRECTION('ref_axis',(0.,-0.973480965344681,0.228768026856));
#6576=DIRECTION('',(0.,-0.973480965344681,0.228768026856));
#6577=DIRECTION('',(0.,0.973480965344681,-0.228768026856));
#6578=DIRECTION('',(-1.,0.,0.));
#6579=DIRECTION('center_axis',(0.,0.,-1.));
#6580=DIRECTION('ref_axis',(0.,1.,0.));
#6581=DIRECTION('',(0.,1.,0.));
#6582=DIRECTION('',(1.,0.,0.));
#6583=DIRECTION('',(0.,-1.,0.));
#6584=DIRECTION('center_axis',(0.,-0.930916138481379,0.365232998392694));
#6585=DIRECTION('ref_axis',(0.,-0.365232998392694,-0.930916138481379));
#6586=DIRECTION('',(0.,-0.365232998392695,-0.930916138481379));
#6587=DIRECTION('',(1.,0.,0.));
#6588=DIRECTION('',(0.,0.365232998392695,0.930916138481379));
#6589=DIRECTION('center_axis',(0.,0.215285157106786,0.976551228113255));
#6590=DIRECTION('ref_axis',(0.,-0.976551228113255,0.215285157106786));
#6591=DIRECTION('',(0.,-0.976551228113255,0.215285157106786));
#6592=DIRECTION('',(0.,0.976551228113255,-0.215285157106786));
#6593=DIRECTION('center_axis',(0.,0.686758953165628,-0.726885231826078));
#6594=DIRECTION('ref_axis',(0.,0.726885231826078,0.686758953165628));
#6595=DIRECTION('',(0.,0.726885231826078,0.686758953165628));
#6596=DIRECTION('',(1.,0.,0.));
#6597=DIRECTION('',(0.,-0.726885231826078,-0.686758953165628));
#6598=DIRECTION('',(1.,0.,0.));
#6599=DIRECTION('center_axis',(0.,0.331137932096664,0.943582359906514));
#6600=DIRECTION('ref_axis',(0.,-0.943582359906514,0.331137932096664));
#6601=DIRECTION('',(0.,-0.943582359906514,0.331137932096664));
#6602=DIRECTION('',(0.,0.943582359906514,-0.331137932096664));
#6603=DIRECTION('',(1.,0.,0.));
#6604=DIRECTION('center_axis',(0.,0.32080703368039,0.947144575627813));
#6605=DIRECTION('ref_axis',(0.,-0.947144575627812,0.32080703368039));
#6606=DIRECTION('',(0.,-0.947144575627812,0.32080703368039));
#6607=DIRECTION('',(0.,0.947144575627812,-0.32080703368039));
#6608=DIRECTION('',(1.,0.,0.));
#6609=DIRECTION('center_axis',(0.,0.309127188956077,0.951020704847226));
#6610=DIRECTION('ref_axis',(0.,-0.951020704847225,0.309127188956077));
#6611=DIRECTION('',(0.,-0.951020704847225,0.309127188956077));
#6612=DIRECTION('',(0.,0.951020704847225,-0.309127188956077));
#6613=DIRECTION('',(1.,0.,0.));
#6614=DIRECTION('center_axis',(0.,0.293758173362203,0.95587977046431));
#6615=DIRECTION('ref_axis',(0.,-0.95587977046431,0.293758173362203));
#6616=DIRECTION('',(0.,-0.95587977046431,0.293758173362203));
#6617=DIRECTION('',(0.,0.95587977046431,-0.293758173362203));
#6618=DIRECTION('',(-1.,0.,0.));
#6619=DIRECTION('center_axis',(0.,0.,-1.));
#6620=DIRECTION('ref_axis',(0.,1.,0.));
#6621=DIRECTION('',(0.,1.,0.));
#6622=DIRECTION('',(1.,0.,0.));
#6623=DIRECTION('',(0.,-1.,0.));
#6624=DIRECTION('center_axis',(0.,-0.826301655548369,0.563227817173499));
#6625=DIRECTION('ref_axis',(0.,-0.563227817173499,-0.826301655548369));
#6626=DIRECTION('',(0.,-0.563227817173499,-0.826301655548369));
#6627=DIRECTION('',(1.,0.,0.));
#6628=DIRECTION('',(0.,0.563227817173499,0.826301655548369));
#6629=DIRECTION('center_axis',(0.,0.28415414437836,0.958778609603177));
#6630=DIRECTION('ref_axis',(0.,-0.958778609603177,0.28415414437836));
#6631=DIRECTION('',(0.,-0.958778609603177,0.28415414437836));
#6632=DIRECTION('',(0.,0.958778609603177,-0.28415414437836));
#6633=DIRECTION('center_axis',(0.,0.,-1.));
#6634=DIRECTION('ref_axis',(0.,1.,0.));
#6635=DIRECTION('',(0.,1.,0.));
#6636=DIRECTION('',(1.,0.,0.));
#6637=DIRECTION('',(0.,-1.,0.));
#6638=DIRECTION('',(1.,0.,0.));
#6639=DIRECTION('center_axis',(0.,0.441446332790508,0.897287654693751));
#6640=DIRECTION('ref_axis',(0.,-0.897287654693751,0.441446332790508));
#6641=DIRECTION('',(0.,-0.897287654693751,0.441446332790508));
#6642=DIRECTION('',(0.,0.897287654693751,-0.441446332790508));
#6643=DIRECTION('',(1.,0.,0.));
#6644=DIRECTION('center_axis',(0.,0.424790674352246,0.90529160107855));
#6645=DIRECTION('ref_axis',(0.,-0.90529160107855,0.424790674352246));
#6646=DIRECTION('',(0.,-0.90529160107855,0.424790674352246));
#6647=DIRECTION('',(0.,0.90529160107855,-0.424790674352246));
#6648=DIRECTION('',(-1.,0.,0.));
#6649=DIRECTION('center_axis',(0.,-0.585027786124874,0.811013248635205));
#6650=DIRECTION('ref_axis',(0.,-0.811013248635205,-0.585027786124874));
#6651=DIRECTION('',(0.,-0.811013248635205,-0.585027786124874));
#6652=DIRECTION('',(1.,0.,0.));
#6653=DIRECTION('',(0.,0.811013248635205,0.585027786124874));
#6654=DIRECTION('center_axis',(0.,0.409814921441034,0.912168696110691));
#6655=DIRECTION('ref_axis',(0.,-0.912168696110691,0.409814921441034));
#6656=DIRECTION('',(0.,-0.912168696110691,0.409814921441034));
#6657=DIRECTION('',(0.,0.912168696110691,-0.409814921441034));
#6658=DIRECTION('center_axis',(-1.,0.,0.));
#6659=DIRECTION('ref_axis',(0.,0.,1.));
#6660=DIRECTION('',(0.,0.190791693734173,0.981630546388022));
#6661=DIRECTION('',(0.,0.544373937592771,0.838842664669449));
#6662=DIRECTION('',(0.,0.766978756201997,0.641672492424943));
#6663=DIRECTION('',(0.,0.885483838727542,0.464670174803954));
#6664=DIRECTION('',(0.,0.982967672457605,0.183778548539482));
#6665=DIRECTION('',(0.,0.997597341612515,-0.0692787413832177));
#6666=DIRECTION('',(0.,0.993947288195862,-0.109858036975415));
#6667=DIRECTION('',(0.,0.988730711132461,-0.149704979421184));
#6668=DIRECTION('',(0.,0.999795366316365,-0.0202293225869403));
#6669=DIRECTION('',(0.,0.976803965441026,0.214135501724228));
#6670=DIRECTION('',(0.,0.879958148627582,0.475051214779963));
#6671=DIRECTION('',(0.,0.667171024120625,0.744904574139424));
#6672=DIRECTION('',(0.,0.8375885960232,0.546301513645977));
#6673=DIRECTION('',(0.,0.942651269906034,0.333779243429757));
#6674=DIRECTION('',(0.,0.986026287350323,0.166589797569174));
#6675=DIRECTION('',(0.,0.999984335064513,-0.00559728734160181));
#6676=DIRECTION('',(0.,0.984137517066044,-0.177407292699826));
#6677=DIRECTION('',(0.,0.914630503276162,-0.404290789502797));
#6678=DIRECTION('',(0.,0.752597247346225,-0.658481118398154));
#6679=DIRECTION('',(0.,0.540581687958387,-0.841291530115489));
#6680=DIRECTION('',(0.,0.294818016019545,-0.955553419454035));
#6681=DIRECTION('',(0.,0.445033781960386,-0.895513781532164));
#6682=DIRECTION('',(0.,0.650890083816866,-0.7591719823524));
#6683=DIRECTION('',(0.,0.833859187106107,-0.551977224239137));
#6684=DIRECTION('',(0.,0.967513874140833,-0.25281792528418));
#6685=DIRECTION('',(0.,0.957621749413811,-0.288028792049739));
#6686=DIRECTION('',(0.,0.944799425071385,-0.327649273438507));
#6687=DIRECTION('',(0.,0.930330831017068,-0.366721344973388));
#6688=DIRECTION('',(0.,0.914253138022969,-0.405143430916945));
#6689=DIRECTION('',(0.,0.896593272755366,-0.442854946060019));
#6690=DIRECTION('',(0.,0.877375926176055,-0.47980358915572));
#6691=DIRECTION('',(0.,0.856637030792232,-0.515919564927972));
#6692=DIRECTION('',(0.,0.681665968623701,-0.731663520493069));
#6693=DIRECTION('',(0.,0.242214983038202,-0.970222604350055));
#6694=DIRECTION('',(0.,-0.20433184963242,-0.978901678017662));
#6695=DIRECTION('',(0.,-0.568036902496459,-0.823003084685731));
#6696=DIRECTION('',(0.,-0.8362280729589,-0.548381810416287));
#6697=DIRECTION('',(0.,-0.981373108419824,-0.19211148344233));
#6698=DIRECTION('',(0.,-1.,0.));
#6699=DIRECTION('',(0.,-0.991455019843988,0.130449007762259));
#6700=DIRECTION('',(0.,-0.915266556924236,0.402848767872081));
#6701=DIRECTION('',(0.,-0.744192290155561,0.667965444669873));
#6702=DIRECTION('',(0.,-0.4910060035632,0.871156188329564));
#6703=DIRECTION('',(0.,-0.195203033134163,0.980762854035175));
#6704=DIRECTION('',(0.,-8.3690659336999E-5,0.999999996497937));
#6705=DIRECTION('center_axis',(0.,-0.838842664669449,0.544373937592771));
#6706=DIRECTION('ref_axis',(0.,-0.544373937592771,-0.838842664669449));
#6707=DIRECTION('',(-1.,0.,0.));
#6708=DIRECTION('',(0.,-0.544373937592771,-0.838842664669449));
#6709=DIRECTION('',(1.,0.,0.));
#6710=DIRECTION('center_axis',(0.,-0.641672492424943,0.766978756201997));
#6711=DIRECTION('ref_axis',(0.,-0.766978756201997,-0.641672492424943));
#6712=DIRECTION('',(0.,-0.766978756201997,-0.641672492424943));
#6713=DIRECTION('',(1.,0.,0.));
#6714=DIRECTION('center_axis',(0.,-0.464670174803954,0.885483838727542));
#6715=DIRECTION('ref_axis',(0.,-0.885483838727542,-0.464670174803954));
#6716=DIRECTION('',(0.,-0.885483838727542,-0.464670174803954));
#6717=DIRECTION('',(1.,0.,0.));
#6718=DIRECTION('center_axis',(0.,-0.183778548539482,0.982967672457605));
#6719=DIRECTION('ref_axis',(0.,-0.982967672457605,-0.183778548539482));
#6720=DIRECTION('',(0.,-0.982967672457605,-0.183778548539482));
#6721=DIRECTION('',(1.,0.,0.));
#6722=DIRECTION('center_axis',(0.,0.0692787413832177,0.997597341612515));
#6723=DIRECTION('ref_axis',(0.,-0.997597341612515,0.0692787413832177));
#6724=DIRECTION('',(0.,-0.997597341612515,0.0692787413832177));
#6725=DIRECTION('',(1.,0.,0.));
#6726=DIRECTION('center_axis',(0.,0.109858036975415,0.993947288195862));
#6727=DIRECTION('ref_axis',(0.,-0.993947288195862,0.109858036975415));
#6728=DIRECTION('',(0.,-0.993947288195862,0.109858036975415));
#6729=DIRECTION('',(1.,0.,0.));
#6730=DIRECTION('center_axis',(0.,0.149704979421184,0.988730711132461));
#6731=DIRECTION('ref_axis',(0.,-0.988730711132461,0.149704979421184));
#6732=DIRECTION('',(0.,-0.988730711132461,0.149704979421184));
#6733=DIRECTION('',(1.,0.,0.));
#6734=DIRECTION('center_axis',(0.,0.0202293225869403,0.999795366316365));
#6735=DIRECTION('ref_axis',(0.,-0.999795366316365,0.0202293225869403));
#6736=DIRECTION('',(0.,-0.999795366316365,0.0202293225869403));
#6737=DIRECTION('',(1.,0.,0.));
#6738=DIRECTION('center_axis',(0.,-0.214135501724228,0.976803965441026));
#6739=DIRECTION('ref_axis',(0.,-0.976803965441026,-0.214135501724228));
#6740=DIRECTION('',(0.,-0.976803965441026,-0.214135501724228));
#6741=DIRECTION('',(1.,0.,0.));
#6742=DIRECTION('center_axis',(0.,-0.475051214779963,0.879958148627582));
#6743=DIRECTION('ref_axis',(0.,-0.879958148627582,-0.475051214779963));
#6744=DIRECTION('',(0.,-0.879958148627582,-0.475051214779963));
#6745=DIRECTION('',(1.,0.,0.));
#6746=DIRECTION('center_axis',(0.,-0.744904574139424,0.667171024120625));
#6747=DIRECTION('ref_axis',(0.,-0.667171024120625,-0.744904574139424));
#6748=DIRECTION('',(0.,-0.667171024120625,-0.744904574139424));
#6749=DIRECTION('',(1.,0.,0.));
#6750=DIRECTION('center_axis',(0.,-0.546301513645977,0.8375885960232));
#6751=DIRECTION('ref_axis',(0.,-0.8375885960232,-0.546301513645977));
#6752=DIRECTION('',(0.,-0.8375885960232,-0.546301513645977));
#6753=DIRECTION('',(1.,0.,0.));
#6754=DIRECTION('center_axis',(0.,-0.333779243429757,0.942651269906034));
#6755=DIRECTION('ref_axis',(0.,-0.942651269906034,-0.333779243429757));
#6756=DIRECTION('',(0.,-0.942651269906034,-0.333779243429757));
#6757=DIRECTION('',(1.,0.,0.));
#6758=DIRECTION('center_axis',(0.,-0.166589797569174,0.986026287350323));
#6759=DIRECTION('ref_axis',(0.,-0.986026287350323,-0.166589797569174));
#6760=DIRECTION('',(0.,-0.986026287350323,-0.166589797569174));
#6761=DIRECTION('',(1.,0.,0.));
#6762=DIRECTION('center_axis',(0.,0.00559728734160181,0.999984335064513));
#6763=DIRECTION('ref_axis',(0.,-0.999984335064513,0.00559728734160181));
#6764=DIRECTION('',(0.,-0.999984335064513,0.00559728734160181));
#6765=DIRECTION('',(1.,0.,0.));
#6766=DIRECTION('center_axis',(0.,0.177407292699826,0.984137517066044));
#6767=DIRECTION('ref_axis',(0.,-0.984137517066044,0.177407292699826));
#6768=DIRECTION('',(0.,-0.984137517066044,0.177407292699826));
#6769=DIRECTION('',(1.,0.,0.));
#6770=DIRECTION('center_axis',(0.,0.404290789502797,0.914630503276162));
#6771=DIRECTION('ref_axis',(0.,-0.914630503276162,0.404290789502797));
#6772=DIRECTION('',(0.,-0.914630503276162,0.404290789502797));
#6773=DIRECTION('',(1.,0.,0.));
#6774=DIRECTION('center_axis',(0.,0.658481118398154,0.752597247346225));
#6775=DIRECTION('ref_axis',(0.,-0.752597247346225,0.658481118398154));
#6776=DIRECTION('',(0.,-0.752597247346225,0.658481118398154));
#6777=DIRECTION('',(1.,0.,0.));
#6778=DIRECTION('center_axis',(0.,0.841291530115489,0.540581687958387));
#6779=DIRECTION('ref_axis',(0.,-0.540581687958387,0.841291530115489));
#6780=DIRECTION('',(0.,-0.540581687958387,0.841291530115489));
#6781=DIRECTION('',(1.,0.,0.));
#6782=DIRECTION('center_axis',(0.,0.955553419454035,0.294818016019545));
#6783=DIRECTION('ref_axis',(0.,-0.294818016019545,0.955553419454035));
#6784=DIRECTION('',(0.,-0.294818016019545,0.955553419454035));
#6785=DIRECTION('',(1.,0.,0.));
#6786=DIRECTION('center_axis',(0.,0.895513781532164,0.445033781960386));
#6787=DIRECTION('ref_axis',(0.,-0.445033781960386,0.895513781532164));
#6788=DIRECTION('',(0.,-0.445033781960386,0.895513781532164));
#6789=DIRECTION('',(1.,0.,0.));
#6790=DIRECTION('center_axis',(0.,0.7591719823524,0.650890083816866));
#6791=DIRECTION('ref_axis',(0.,-0.650890083816866,0.7591719823524));
#6792=DIRECTION('',(0.,-0.650890083816866,0.7591719823524));
#6793=DIRECTION('',(1.,0.,0.));
#6794=DIRECTION('center_axis',(0.,0.551977224239137,0.833859187106107));
#6795=DIRECTION('ref_axis',(0.,-0.833859187106107,0.551977224239137));
#6796=DIRECTION('',(0.,-0.833859187106107,0.551977224239137));
#6797=DIRECTION('',(1.,0.,0.));
#6798=DIRECTION('center_axis',(0.,0.25281792528418,0.967513874140832));
#6799=DIRECTION('ref_axis',(0.,-0.967513874140833,0.25281792528418));
#6800=DIRECTION('',(0.,-0.967513874140833,0.25281792528418));
#6801=DIRECTION('',(1.,0.,0.));
#6802=DIRECTION('center_axis',(0.,0.288028792049739,0.957621749413811));
#6803=DIRECTION('ref_axis',(0.,-0.957621749413811,0.288028792049739));
#6804=DIRECTION('',(0.,-0.957621749413811,0.288028792049739));
#6805=DIRECTION('',(1.,0.,0.));
#6806=DIRECTION('center_axis',(0.,0.327649273438507,0.944799425071385));
#6807=DIRECTION('ref_axis',(0.,-0.944799425071385,0.327649273438507));
#6808=DIRECTION('',(0.,-0.944799425071385,0.327649273438507));
#6809=DIRECTION('',(1.,0.,0.));
#6810=DIRECTION('center_axis',(0.,0.366721344973388,0.930330831017068));
#6811=DIRECTION('ref_axis',(0.,-0.930330831017068,0.366721344973388));
#6812=DIRECTION('',(0.,-0.930330831017068,0.366721344973388));
#6813=DIRECTION('',(1.,0.,0.));
#6814=DIRECTION('center_axis',(0.,0.405143430916945,0.914253138022969));
#6815=DIRECTION('ref_axis',(0.,-0.914253138022969,0.405143430916945));
#6816=DIRECTION('',(0.,-0.914253138022969,0.405143430916945));
#6817=DIRECTION('',(1.,0.,0.));
#6818=DIRECTION('center_axis',(0.,0.442854946060019,0.896593272755366));
#6819=DIRECTION('ref_axis',(0.,-0.896593272755366,0.442854946060019));
#6820=DIRECTION('',(0.,-0.896593272755366,0.442854946060019));
#6821=DIRECTION('',(1.,0.,0.));
#6822=DIRECTION('center_axis',(0.,0.47980358915572,0.877375926176055));
#6823=DIRECTION('ref_axis',(0.,-0.877375926176055,0.47980358915572));
#6824=DIRECTION('',(0.,-0.877375926176055,0.47980358915572));
#6825=DIRECTION('',(1.,0.,0.));
#6826=DIRECTION('center_axis',(0.,0.515919564927972,0.856637030792232));
#6827=DIRECTION('ref_axis',(0.,-0.856637030792232,0.515919564927972));
#6828=DIRECTION('',(0.,-0.856637030792232,0.515919564927972));
#6829=DIRECTION('',(1.,0.,0.));
#6830=DIRECTION('center_axis',(0.,0.731663520493069,0.681665968623701));
#6831=DIRECTION('ref_axis',(0.,-0.681665968623701,0.731663520493069));
#6832=DIRECTION('',(0.,-0.681665968623701,0.731663520493069));
#6833=DIRECTION('',(1.,0.,0.));
#6834=DIRECTION('center_axis',(0.,0.970222604350055,0.242214983038202));
#6835=DIRECTION('ref_axis',(0.,-0.242214983038202,0.970222604350055));
#6836=DIRECTION('',(0.,-0.242214983038202,0.970222604350055));
#6837=DIRECTION('',(1.,0.,0.));
#6838=DIRECTION('center_axis',(0.,0.978901678017662,-0.20433184963242));
#6839=DIRECTION('ref_axis',(0.,0.20433184963242,0.978901678017662));
#6840=DIRECTION('',(0.,0.20433184963242,0.978901678017662));
#6841=DIRECTION('',(1.,0.,0.));
#6842=DIRECTION('center_axis',(0.,0.823003084685731,-0.568036902496459));
#6843=DIRECTION('ref_axis',(0.,0.568036902496459,0.823003084685731));
#6844=DIRECTION('',(0.,0.568036902496459,0.823003084685731));
#6845=DIRECTION('',(1.,0.,0.));
#6846=DIRECTION('center_axis',(0.,0.548381810416287,-0.8362280729589));
#6847=DIRECTION('ref_axis',(0.,0.8362280729589,0.548381810416287));
#6848=DIRECTION('',(0.,0.8362280729589,0.548381810416287));
#6849=DIRECTION('',(1.,0.,0.));
#6850=DIRECTION('center_axis',(0.,0.19211148344233,-0.981373108419824));
#6851=DIRECTION('ref_axis',(0.,0.981373108419824,0.19211148344233));
#6852=DIRECTION('',(0.,0.981373108419824,0.19211148344233));
#6853=DIRECTION('',(1.,0.,0.));
#6854=DIRECTION('center_axis',(0.,0.,-1.));
#6855=DIRECTION('ref_axis',(0.,1.,0.));
#6856=DIRECTION('',(0.,1.,0.));
#6857=DIRECTION('',(1.,0.,0.));
#6858=DIRECTION('center_axis',(0.,-0.130449007762259,-0.991455019843988));
#6859=DIRECTION('ref_axis',(0.,0.991455019843988,-0.130449007762259));
#6860=DIRECTION('',(0.,0.991455019843988,-0.130449007762259));
#6861=DIRECTION('',(1.,0.,0.));
#6862=DIRECTION('center_axis',(0.,-0.402848767872081,-0.915266556924237));
#6863=DIRECTION('ref_axis',(0.,0.915266556924236,-0.402848767872081));
#6864=DIRECTION('',(0.,0.915266556924236,-0.402848767872081));
#6865=DIRECTION('',(1.,0.,0.));
#6866=DIRECTION('center_axis',(0.,-0.667965444669873,-0.744192290155561));
#6867=DIRECTION('ref_axis',(0.,0.744192290155561,-0.667965444669873));
#6868=DIRECTION('',(0.,0.744192290155561,-0.667965444669873));
#6869=DIRECTION('',(1.,0.,0.));
#6870=DIRECTION('center_axis',(0.,-0.871156188329564,-0.4910060035632));
#6871=DIRECTION('ref_axis',(0.,0.4910060035632,-0.871156188329564));
#6872=DIRECTION('',(0.,0.4910060035632,-0.871156188329564));
#6873=DIRECTION('',(1.,0.,0.));
#6874=DIRECTION('center_axis',(0.,-0.980762854035175,-0.195203033134163));
#6875=DIRECTION('ref_axis',(0.,0.195203033134163,-0.980762854035176));
#6876=DIRECTION('',(0.,0.195203033134163,-0.980762854035175));
#6877=DIRECTION('',(1.,0.,0.));
#6878=DIRECTION('center_axis',(0.,-0.999999996497937,-8.3690659336999E-5));
#6879=DIRECTION('ref_axis',(0.,8.3690659336999E-5,-0.999999996497937));
#6880=DIRECTION('',(0.,8.3690659336999E-5,-0.999999996497937));
#6881=DIRECTION('',(1.,0.,0.));
#6882=DIRECTION('center_axis',(0.,-0.981630546388021,0.190791693734173));
#6883=DIRECTION('ref_axis',(0.,-0.190791693734173,-0.981630546388022));
#6884=DIRECTION('',(0.,-0.190791693734173,-0.981630546388022));
#6885=DIRECTION('center_axis',(1.,0.,0.));
#6886=DIRECTION('ref_axis',(0.,0.,-1.));
#6887=DIRECTION('axis',(0.,0.,1.));
#6888=DIRECTION('refdir',(1.,0.,0.));
#6889=DIRECTION('center_axis',(0.,0.866025403784438,0.5));
#6890=DIRECTION('ref_axis',(0.,0.5,-0.866025403784438));
#6891=DIRECTION('',(0.,0.5,-0.866025403784438));
#6892=DIRECTION('',(-1.,0.,0.));
#6893=DIRECTION('',(0.,0.5,-0.866025403784438));
#6894=DIRECTION('',(-1.,0.,0.));
#6895=DIRECTION('center_axis',(0.,0.,1.));
#6896=DIRECTION('ref_axis',(0.,1.,0.));
#6897=DIRECTION('',(0.,1.,0.));
#6898=DIRECTION('',(-1.,0.,0.));
#6899=DIRECTION('',(0.,1.,0.));
#6900=DIRECTION('center_axis',(0.,-0.866025403784439,0.5));
#6901=DIRECTION('ref_axis',(0.,0.5,0.866025403784439));
#6902=DIRECTION('',(0.,0.5,0.866025403784439));
#6903=DIRECTION('',(-1.,0.,0.));
#6904=DIRECTION('',(0.,0.5,0.866025403784439));
#6905=DIRECTION('center_axis',(0.,-0.866025403784439,-0.5));
#6906=DIRECTION('ref_axis',(0.,-0.5,0.866025403784439));
#6907=DIRECTION('',(0.,-0.5,0.866025403784439));
#6908=DIRECTION('',(-1.,0.,0.));
#6909=DIRECTION('',(0.,-0.5,0.866025403784439));
#6910=DIRECTION('center_axis',(0.,-2.67078150886606E-16,-1.));
#6911=DIRECTION('ref_axis',(0.,-1.,2.67078150886606E-16));
#6912=DIRECTION('',(0.,-1.,2.67078150886606E-16));
#6913=DIRECTION('',(-1.,0.,0.));
#6914=DIRECTION('',(0.,-1.,2.67078150886606E-16));
#6915=DIRECTION('center_axis',(0.,0.866025403784438,-0.5));
#6916=DIRECTION('ref_axis',(0.,-0.5,-0.866025403784438));
#6917=DIRECTION('',(0.,-0.5,-0.866025403784438));
#6918=DIRECTION('',(0.,-0.5,-0.866025403784438));
#6919=DIRECTION('center_axis',(-1.,0.,0.));
#6920=DIRECTION('ref_axis',(0.,0.,1.));
#6921=DIRECTION('center_axis',(1.,0.,0.));
#6922=DIRECTION('ref_axis',(0.,0.,-1.));
#6923=DIRECTION('center_axis',(0.,0.866025403784438,0.500000000000001));
#6924=DIRECTION('ref_axis',(0.,0.500000000000001,-0.866025403784438));
#6925=DIRECTION('',(0.,0.500000000000001,-0.866025403784438));
#6926=DIRECTION('',(-1.,0.,0.));
#6927=DIRECTION('',(0.,0.500000000000001,-0.866025403784438));
#6928=DIRECTION('',(-1.,0.,0.));
#6929=DIRECTION('center_axis',(0.,0.,1.));
#6930=DIRECTION('ref_axis',(0.,1.,0.));
#6931=DIRECTION('',(0.,1.,0.));
#6932=DIRECTION('',(-1.,0.,0.));
#6933=DIRECTION('',(0.,1.,0.));
#6934=DIRECTION('center_axis',(0.,-0.866025403784439,0.5));
#6935=DIRECTION('ref_axis',(0.,0.5,0.866025403784439));
#6936=DIRECTION('',(0.,0.5,0.866025403784439));
#6937=DIRECTION('',(-1.,0.,0.));
#6938=DIRECTION('',(0.,0.5,0.866025403784439));
#6939=DIRECTION('center_axis',(0.,-0.866025403784439,-0.5));
#6940=DIRECTION('ref_axis',(0.,-0.5,0.866025403784439));
#6941=DIRECTION('',(0.,-0.5,0.866025403784439));
#6942=DIRECTION('',(-1.,0.,0.));
#6943=DIRECTION('',(0.,-0.5,0.866025403784439));
#6944=DIRECTION('center_axis',(0.,0.,-1.));
#6945=DIRECTION('ref_axis',(0.,-1.,0.));
#6946=DIRECTION('',(0.,-1.,0.));
#6947=DIRECTION('',(-1.,0.,0.));
#6948=DIRECTION('',(0.,-1.,0.));
#6949=DIRECTION('center_axis',(0.,0.866025403784438,-0.500000000000001));
#6950=DIRECTION('ref_axis',(0.,-0.500000000000001,-0.866025403784438));
#6951=DIRECTION('',(0.,-0.500000000000001,-0.866025403784438));
#6952=DIRECTION('',(0.,-0.500000000000001,-0.866025403784438));
#6953=DIRECTION('center_axis',(-1.,0.,0.));
#6954=DIRECTION('ref_axis',(0.,0.,1.));
#6955=DIRECTION('center_axis',(1.,0.,0.));
#6956=DIRECTION('ref_axis',(0.,0.,-1.));
#6957=DIRECTION('center_axis',(0.,0.866025403784438,0.500000000000001));
#6958=DIRECTION('ref_axis',(0.,0.500000000000001,-0.866025403784438));
#6959=DIRECTION('',(0.,0.500000000000001,-0.866025403784438));
#6960=DIRECTION('',(-1.,0.,0.));
#6961=DIRECTION('',(0.,0.500000000000001,-0.866025403784438));
#6962=DIRECTION('',(-1.,0.,0.));
#6963=DIRECTION('center_axis',(0.,0.,1.));
#6964=DIRECTION('ref_axis',(0.,1.,0.));
#6965=DIRECTION('',(0.,1.,0.));
#6966=DIRECTION('',(-1.,0.,0.));
#6967=DIRECTION('',(0.,1.,0.));
#6968=DIRECTION('center_axis',(0.,-0.866025403784438,0.500000000000001));
#6969=DIRECTION('ref_axis',(0.,0.500000000000001,0.866025403784438));
#6970=DIRECTION('',(0.,0.500000000000001,0.866025403784438));
#6971=DIRECTION('',(-1.,0.,0.));
#6972=DIRECTION('',(0.,0.500000000000001,0.866025403784438));
#6973=DIRECTION('center_axis',(0.,-0.866025403784439,-0.499999999999999));
#6974=DIRECTION('ref_axis',(0.,-0.499999999999999,0.866025403784439));
#6975=DIRECTION('',(0.,-0.499999999999999,0.866025403784439));
#6976=DIRECTION('',(-1.,0.,0.));
#6977=DIRECTION('',(0.,-0.499999999999999,0.866025403784439));
#6978=DIRECTION('center_axis',(0.,0.,-1.));
#6979=DIRECTION('ref_axis',(0.,-1.,0.));
#6980=DIRECTION('',(0.,-1.,0.));
#6981=DIRECTION('',(-1.,0.,0.));
#6982=DIRECTION('',(0.,-1.,0.));
#6983=DIRECTION('center_axis',(0.,0.866025403784438,-0.500000000000001));
#6984=DIRECTION('ref_axis',(0.,-0.500000000000001,-0.866025403784438));
#6985=DIRECTION('',(0.,-0.500000000000001,-0.866025403784438));
#6986=DIRECTION('',(0.,-0.500000000000001,-0.866025403784438));
#6987=DIRECTION('center_axis',(-1.,0.,0.));
#6988=DIRECTION('ref_axis',(0.,0.,1.));
#6989=DIRECTION('center_axis',(1.,0.,0.));
#6990=DIRECTION('ref_axis',(0.,0.,-1.));
#6991=DIRECTION('center_axis',(1.,0.,0.));
#6992=DIRECTION('ref_axis',(0.,0.,-1.));
#6993=DIRECTION('center_axis',(1.,0.,0.));
#6994=DIRECTION('ref_axis',(0.,0.,-1.));
#6995=DIRECTION('',(1.,0.,0.));
#6996=DIRECTION('center_axis',(1.,0.,0.));
#6997=DIRECTION('ref_axis',(0.,0.,-1.));
#6998=DIRECTION('center_axis',(1.,0.,0.));
#6999=DIRECTION('ref_axis',(0.,0.,-1.));
#7000=DIRECTION('center_axis',(-1.,0.,0.));
#7001=DIRECTION('ref_axis',(0.,0.,-1.));
#7002=DIRECTION('center_axis',(1.,0.,0.));
#7003=DIRECTION('ref_axis',(0.,0.,-1.));
#7004=DIRECTION('center_axis',(1.,0.,0.));
#7005=DIRECTION('ref_axis',(0.,0.,-1.));
#7006=DIRECTION('',(1.,0.,0.));
#7007=DIRECTION('center_axis',(1.,0.,0.));
#7008=DIRECTION('ref_axis',(0.,0.,-1.));
#7009=DIRECTION('center_axis',(1.,0.,0.));
#7010=DIRECTION('ref_axis',(0.,0.,-1.));
#7011=DIRECTION('center_axis',(-1.,0.,0.));
#7012=DIRECTION('ref_axis',(0.,0.,-1.));
#7013=DIRECTION('center_axis',(1.,0.,0.));
#7014=DIRECTION('ref_axis',(0.,0.,-1.));
#7015=DIRECTION('center_axis',(1.,0.,0.));
#7016=DIRECTION('ref_axis',(0.,0.,-1.));
#7017=DIRECTION('',(1.,0.,0.));
#7018=DIRECTION('center_axis',(1.,0.,0.));
#7019=DIRECTION('ref_axis',(0.,0.,-1.));
#7020=DIRECTION('center_axis',(1.,0.,0.));
#7021=DIRECTION('ref_axis',(0.,0.,-1.));
#7022=DIRECTION('center_axis',(-1.,0.,0.));
#7023=DIRECTION('ref_axis',(0.,0.,-1.));
#7024=DIRECTION('center_axis',(1.,0.,0.));
#7025=DIRECTION('ref_axis',(0.,0.,-1.));
#7026=DIRECTION('',(1.,0.,0.));
#7027=DIRECTION('center_axis',(-1.,0.,0.));
#7028=DIRECTION('ref_axis',(0.,0.,-1.));
#7029=DIRECTION('center_axis',(1.,0.,0.));
#7030=DIRECTION('ref_axis',(0.,0.,-1.));
#7031=DIRECTION('center_axis',(1.,0.,0.));
#7032=DIRECTION('ref_axis',(0.,0.,-1.));
#7033=DIRECTION('',(1.,0.,0.));
#7034=DIRECTION('center_axis',(1.,0.,0.));
#7035=DIRECTION('ref_axis',(0.,0.,-1.));
#7036=DIRECTION('',(1.,0.,0.));
#7037=DIRECTION('center_axis',(-1.,0.,0.));
#7038=DIRECTION('ref_axis',(0.,0.,-1.));
#7039=DIRECTION('center_axis',(1.,0.,0.));
#7040=DIRECTION('ref_axis',(0.,0.,-1.));
#7041=DIRECTION('center_axis',(1.,0.,0.));
#7042=DIRECTION('ref_axis',(0.,0.,-1.));
#7043=DIRECTION('',(1.,0.,0.));
#7044=DIRECTION('center_axis',(1.,0.,0.));
#7045=DIRECTION('ref_axis',(0.,0.,-1.));
#7046=DIRECTION('',(1.,0.,0.));
#7047=DIRECTION('center_axis',(-1.,0.,0.));
#7048=DIRECTION('ref_axis',(0.,0.,-1.));
#7049=DIRECTION('center_axis',(1.,0.,0.));
#7050=DIRECTION('ref_axis',(0.,0.,-1.));
#7051=DIRECTION('center_axis',(1.,0.,0.));
#7052=DIRECTION('ref_axis',(0.,0.,-1.));
#7053=DIRECTION('',(1.,0.,0.));
#7054=DIRECTION('center_axis',(0.,1.,0.));
#7055=DIRECTION('ref_axis',(1.,0.,0.));
#7056=DIRECTION('center_axis',(0.,1.,0.));
#7057=DIRECTION('ref_axis',(1.,0.,0.));
#7058=DIRECTION('',(0.,1.,0.));
#7059=DIRECTION('center_axis',(0.,-1.,0.));
#7060=DIRECTION('ref_axis',(1.,0.,0.));
#7061=DIRECTION('center_axis',(0.,1.,0.));
#7062=DIRECTION('ref_axis',(1.,0.,0.));
#7063=DIRECTION('center_axis',(0.,1.,0.));
#7064=DIRECTION('ref_axis',(1.,0.,0.));
#7065=DIRECTION('center_axis',(0.,1.,0.));
#7066=DIRECTION('ref_axis',(1.,0.,0.));
#7067=DIRECTION('center_axis',(0.,1.,0.));
#7068=DIRECTION('ref_axis',(1.,0.,0.));
#7069=DIRECTION('',(0.,1.,0.));
#7070=DIRECTION('center_axis',(0.,1.,0.));
#7071=DIRECTION('ref_axis',(1.,0.,0.));
#7072=DIRECTION('center_axis',(0.,1.,0.));
#7073=DIRECTION('ref_axis',(1.,0.,0.));
#7074=DIRECTION('center_axis',(0.,1.,0.));
#7075=DIRECTION('ref_axis',(1.,0.,0.));
#7076=DIRECTION('center_axis',(0.,1.,0.));
#7077=DIRECTION('ref_axis',(1.,0.,0.));
#7078=DIRECTION('',(0.,1.,0.));
#7079=DIRECTION('center_axis',(0.,1.,0.));
#7080=DIRECTION('ref_axis',(1.,0.,0.));
#7081=DIRECTION('center_axis',(0.,1.,0.));
#7082=DIRECTION('ref_axis',(1.,0.,0.));
#7083=DIRECTION('center_axis',(0.,1.,0.));
#7084=DIRECTION('ref_axis',(1.,0.,0.));
#7085=DIRECTION('center_axis',(0.,1.,0.));
#7086=DIRECTION('ref_axis',(1.,0.,0.));
#7087=DIRECTION('',(0.,1.,0.));
#7088=DIRECTION('center_axis',(1.,0.,0.));
#7089=DIRECTION('ref_axis',(0.,1.,0.));
#7090=DIRECTION('',(0.,1.,0.));
#7091=DIRECTION('',(0.,0.,1.));
#7092=DIRECTION('',(0.,-1.,0.));
#7093=DIRECTION('',(0.,0.,1.));
#7094=DIRECTION('',(0.,0.777630026941466,0.628722149442037));
#7095=DIRECTION('center_axis',(0.,-1.,0.));
#7096=DIRECTION('ref_axis',(1.,0.,0.));
#7097=DIRECTION('',(1.,0.,0.));
#7098=DIRECTION('',(0.,0.,1.));
#7099=DIRECTION('',(-1.,0.,0.));
#7100=DIRECTION('center_axis',(-1.,0.,0.));
#7101=DIRECTION('ref_axis',(0.,-1.,0.));
#7102=DIRECTION('',(0.,-1.,0.));
#7103=DIRECTION('',(0.,-0.777630026941466,-0.628722149442037));
#7104=DIRECTION('',(0.,0.,-1.));
#7105=DIRECTION('',(0.,1.,0.));
#7106=DIRECTION('center_axis',(0.,0.,-1.));
#7107=DIRECTION('ref_axis',(0.,1.,0.));
#7108=DIRECTION('',(-1.,0.,0.));
#7109=DIRECTION('',(0.,1.,0.));
#7110=DIRECTION('',(1.,0.,0.));
#7111=DIRECTION('',(0.,-1.,0.));
#7112=DIRECTION('',(-1.,0.,0.));
#7113=DIRECTION('center_axis',(0.,0.628722149442037,-0.777630026941466));
#7114=DIRECTION('ref_axis',(0.,0.777630026941466,0.628722149442037));
#7115=DIRECTION('',(1.,0.,0.));
#7116=DIRECTION('',(0.,0.777630026941466,0.628722149442037));
#7117=DIRECTION('center_axis',(0.,1.,0.));
#7118=DIRECTION('ref_axis',(0.,0.,1.));
#7119=DIRECTION('',(1.,0.,0.));
#7120=DIRECTION('',(0.,0.,1.));
#7121=DIRECTION('center_axis',(-1.,0.,0.));
#7122=DIRECTION('ref_axis',(0.,0.,1.));
#7123=DIRECTION('',(0.,-0.777630026941466,-0.628722149442037));
#7124=DIRECTION('',(0.,0.,1.));
#7125=DIRECTION('',(0.,1.,0.));
#7126=DIRECTION('',(0.,0.,-1.));
#7127=DIRECTION('center_axis',(0.,-1.,0.));
#7128=DIRECTION('ref_axis',(0.,0.,-1.));
#7129=DIRECTION('',(0.,0.,-1.));
#7130=DIRECTION('',(1.,0.,0.));
#7131=DIRECTION('center_axis',(0.,0.,1.));
#7132=DIRECTION('ref_axis',(0.,-1.,0.));
#7133=DIRECTION('',(1.,0.,0.));
#7134=DIRECTION('',(0.,-1.,0.));
#7135=DIRECTION('center_axis',(0.,1.,0.));
#7136=DIRECTION('ref_axis',(0.,0.,1.));
#7137=DIRECTION('',(1.,0.,0.));
#7138=DIRECTION('center_axis',(0.,0.628722149442037,-0.777630026941466));
#7139=DIRECTION('ref_axis',(0.,0.777630026941466,0.628722149442037));
#7140=DIRECTION('center_axis',(1.,0.,0.));
#7141=DIRECTION('ref_axis',(0.,0.,-1.));
#7142=DIRECTION('center_axis',(1.,0.,0.));
#7143=DIRECTION('ref_axis',(0.,0.,-1.));
#7144=DIRECTION('center_axis',(1.,0.,0.));
#7145=DIRECTION('ref_axis',(0.,0.,-1.));
#7146=DIRECTION('',(1.,0.,0.));
#7147=DIRECTION('center_axis',(-1.,0.,0.));
#7148=DIRECTION('ref_axis',(0.,0.,-1.));
#7149=DIRECTION('center_axis',(1.,0.,0.));
#7150=DIRECTION('ref_axis',(0.,0.,-1.));
#7151=DIRECTION('center_axis',(1.,0.,0.));
#7152=DIRECTION('ref_axis',(0.,0.,-1.));
#7153=DIRECTION('',(1.,0.,0.));
#7154=DIRECTION('center_axis',(-1.,0.,0.));
#7155=DIRECTION('ref_axis',(0.,0.,-1.));
#7156=DIRECTION('center_axis',(1.,0.,0.));
#7157=DIRECTION('ref_axis',(0.,0.,-1.));
#7158=DIRECTION('center_axis',(1.,0.,0.));
#7159=DIRECTION('ref_axis',(0.,0.,-1.));
#7160=DIRECTION('',(1.,0.,0.));
#7161=DIRECTION('center_axis',(-1.,0.,0.));
#7162=DIRECTION('ref_axis',(0.,0.,-1.));
#7163=DIRECTION('center_axis',(0.,0.,-1.));
#7164=DIRECTION('ref_axis',(0.,1.,0.));
#7165=DIRECTION('',(0.,1.,0.));
#7166=DIRECTION('',(1.,0.,0.));
#7167=DIRECTION('',(0.,-1.,0.));
#7168=DIRECTION('',(1.,0.,0.));
#7169=DIRECTION('center_axis',(0.,0.584478495976725,-0.81140919870358));
#7170=DIRECTION('ref_axis',(0.,0.81140919870358,0.584478495976725));
#7171=DIRECTION('',(0.,0.81140919870358,0.584478495976725));
#7172=DIRECTION('',(0.,-0.81140919870358,-0.584478495976725));
#7173=DIRECTION('',(1.,0.,0.));
#7174=DIRECTION('center_axis',(0.,0.382602099302437,0.923913217574772));
#7175=DIRECTION('ref_axis',(0.,-0.923913217574772,0.382602099302437));
#7176=DIRECTION('',(0.,-0.923913217574772,0.382602099302437));
#7177=DIRECTION('',(0.,0.923913217574772,-0.382602099302437));
#7178=DIRECTION('',(1.,0.,0.));
#7179=DIRECTION('center_axis',(0.,0.37265013887166,0.927971914445116));
#7180=DIRECTION('ref_axis',(0.,-0.927971914445116,0.37265013887166));
#7181=DIRECTION('',(0.,-0.927971914445116,0.37265013887166));
#7182=DIRECTION('',(0.,0.927971914445116,-0.37265013887166));
#7183=DIRECTION('',(-1.,0.,0.));
#7184=DIRECTION('center_axis',(0.,-0.686581588754613,0.727052764235988));
#7185=DIRECTION('ref_axis',(0.,-0.727052764235988,-0.686581588754613));
#7186=DIRECTION('',(0.,-0.727052764235988,-0.686581588754613));
#7187=DIRECTION('',(1.,0.,0.));
#7188=DIRECTION('',(0.,0.727052764235988,0.686581588754613));
#7189=DIRECTION('center_axis',(0.,0.355429211126465,0.934703202026193));
#7190=DIRECTION('ref_axis',(0.,-0.934703202026194,0.355429211126465));
#7191=DIRECTION('',(0.,-0.934703202026194,0.355429211126465));
#7192=DIRECTION('',(0.,0.934703202026194,-0.355429211126465));
#7193=DIRECTION('center_axis',(0.,0.132163720091018,0.991227900682635));
#7194=DIRECTION('ref_axis',(0.,-0.991227900682635,0.132163720091018));
#7195=DIRECTION('',(0.,-0.991227900682635,0.132163720091018));
#7196=DIRECTION('',(1.,0.,0.));
#7197=DIRECTION('',(0.,0.991227900682635,-0.132163720091018));
#7198=DIRECTION('',(1.,0.,0.));
#7199=DIRECTION('center_axis',(0.,0.119735377891497,0.99280584168365));
#7200=DIRECTION('ref_axis',(0.,-0.99280584168365,0.119735377891497));
#7201=DIRECTION('',(0.,-0.99280584168365,0.119735377891497));
#7202=DIRECTION('',(0.,0.99280584168365,-0.119735377891497));
#7203=DIRECTION('',(1.,0.,0.));
#7204=DIRECTION('center_axis',(0.,0.11017423951133,0.993912288357529));
#7205=DIRECTION('ref_axis',(0.,-0.993912288357529,0.11017423951133));
#7206=DIRECTION('',(0.,-0.993912288357529,0.11017423951133));
#7207=DIRECTION('',(0.,0.993912288357529,-0.11017423951133));
#7208=DIRECTION('',(1.,0.,0.));
#7209=DIRECTION('center_axis',(0.,0.0995037190209991,0.995037190209989));
#7210=DIRECTION('ref_axis',(0.,-0.995037190209989,0.0995037190209991));
#7211=DIRECTION('',(0.,-0.995037190209989,0.0995037190209991));
#7212=DIRECTION('',(0.,0.995037190209989,-0.0995037190209991));
#7213=DIRECTION('',(1.,0.,0.));
#7214=DIRECTION('center_axis',(0.,0.0929294516015967,0.995672695731397));
#7215=DIRECTION('ref_axis',(0.,-0.995672695731397,0.0929294516015967));
#7216=DIRECTION('',(0.,-0.995672695731397,0.0929294516015967));
#7217=DIRECTION('',(0.,0.995672695731397,-0.0929294516015967));
#7218=DIRECTION('',(-1.,0.,0.));
#7219=DIRECTION('center_axis',(0.,0.988801863017055,-0.149234297981397));
#7220=DIRECTION('ref_axis',(0.,0.149234297981397,0.988801863017055));
#7221=DIRECTION('',(0.,0.149234297981397,0.988801863017055));
#7222=DIRECTION('',(1.,0.,0.));
#7223=DIRECTION('',(0.,-0.149234297981397,-0.988801863017055));
#7224=DIRECTION('center_axis',(0.,0.,-1.));
#7225=DIRECTION('ref_axis',(0.,1.,0.));
#7226=DIRECTION('',(0.,1.,0.));
#7227=DIRECTION('',(1.,0.,0.));
#7228=DIRECTION('',(0.,-1.,0.));
#7229=DIRECTION('center_axis',(0.,-1.,0.));
#7230=DIRECTION('ref_axis',(0.,0.,-1.));
#7231=DIRECTION('',(0.,0.,-1.));
#7232=DIRECTION('',(0.,0.,1.));
#7233=DIRECTION('center_axis',(0.,0.930853848312218,-0.365391725525271));
#7234=DIRECTION('ref_axis',(0.,0.365391725525271,0.930853848312218));
#7235=DIRECTION('',(0.,0.365391725525271,0.930853848312218));
#7236=DIRECTION('',(1.,0.,0.));
#7237=DIRECTION('',(0.,-0.365391725525271,-0.930853848312218));
#7238=DIRECTION('',(1.,0.,0.));
#7239=DIRECTION('center_axis',(0.,0.196116135138184,0.98058067569092));
#7240=DIRECTION('ref_axis',(0.,-0.98058067569092,0.196116135138184));
#7241=DIRECTION('',(0.,-0.98058067569092,0.196116135138184));
#7242=DIRECTION('',(0.,0.98058067569092,-0.196116135138184));
#7243=DIRECTION('',(1.,0.,0.));
#7244=DIRECTION('center_axis',(0.,0.183689005799344,0.982984409412707));
#7245=DIRECTION('ref_axis',(0.,-0.982984409412707,0.183689005799344));
#7246=DIRECTION('',(0.,-0.982984409412707,0.183689005799344));
#7247=DIRECTION('',(0.,0.982984409412707,-0.183689005799344));
#7248=DIRECTION('',(1.,0.,0.));
#7249=DIRECTION('center_axis',(0.,0.172323843886197,0.985040350862992));
#7250=DIRECTION('ref_axis',(0.,-0.985040350862991,0.172323843886197));
#7251=DIRECTION('',(0.,-0.985040350862991,0.172323843886197));
#7252=DIRECTION('',(0.,0.985040350862991,-0.172323843886197));
#7253=DIRECTION('',(1.,0.,0.));
#7254=DIRECTION('center_axis',(0.,0.164398987305357,0.986393923832144));
#7255=DIRECTION('ref_axis',(0.,-0.986393923832144,0.164398987305357));
#7256=DIRECTION('',(0.,-0.986393923832144,0.164398987305357));
#7257=DIRECTION('',(0.,0.986393923832144,-0.164398987305357));
#7258=DIRECTION('',(-1.,0.,0.));
#7259=DIRECTION('center_axis',(0.,0.,-1.));
#7260=DIRECTION('ref_axis',(0.,1.,0.));
#7261=DIRECTION('',(0.,1.,0.));
#7262=DIRECTION('',(1.,0.,0.));
#7263=DIRECTION('',(0.,-1.,0.));
#7264=DIRECTION('center_axis',(0.,-0.988840159699834,0.148980329455964));
#7265=DIRECTION('ref_axis',(0.,-0.148980329455964,-0.988840159699834));
#7266=DIRECTION('',(0.,-0.148980329455964,-0.988840159699834));
#7267=DIRECTION('',(1.,0.,0.));
#7268=DIRECTION('',(0.,0.148980329455964,0.988840159699834));
#7269=DIRECTION('center_axis',(0.,0.152941176470589,0.988235294117647));
#7270=DIRECTION('ref_axis',(0.,-0.988235294117647,0.152941176470589));
#7271=DIRECTION('',(0.,-0.988235294117647,0.152941176470589));
#7272=DIRECTION('',(0.,0.988235294117647,-0.152941176470589));
#7273=DIRECTION('center_axis',(0.,0.826396113828401,-0.563089214112041));
#7274=DIRECTION('ref_axis',(0.,0.563089214112041,0.826396113828401));
#7275=DIRECTION('',(0.,0.563089214112041,0.826396113828401));
#7276=DIRECTION('',(1.,0.,0.));
#7277=DIRECTION('',(0.,-0.563089214112041,-0.826396113828401));
#7278=DIRECTION('',(1.,0.,0.));
#7279=DIRECTION('center_axis',(0.,0.261732970242705,0.965140327769973));
#7280=DIRECTION('ref_axis',(0.,-0.965140327769973,0.261732970242705));
#7281=DIRECTION('',(0.,-0.965140327769973,0.261732970242705));
#7282=DIRECTION('',(0.,0.965140327769973,-0.261732970242705));
#7283=DIRECTION('',(1.,0.,0.));
#7284=DIRECTION('center_axis',(0.,0.250460658987594,0.96812677800973));
#7285=DIRECTION('ref_axis',(0.,-0.96812677800973,0.250460658987594));
#7286=DIRECTION('',(0.,-0.96812677800973,0.250460658987594));
#7287=DIRECTION('',(0.,0.96812677800973,-0.250460658987594));
#7288=DIRECTION('',(1.,0.,0.));
#7289=DIRECTION('center_axis',(0.,0.237005333459066,0.971508348863743));
#7290=DIRECTION('ref_axis',(0.,-0.971508348863743,0.237005333459066));
#7291=DIRECTION('',(0.,-0.971508348863743,0.237005333459066));
#7292=DIRECTION('',(0.,0.971508348863743,-0.237005333459066));
#7293=DIRECTION('',(1.,0.,0.));
#7294=DIRECTION('center_axis',(0.,0.228768026856,0.973480965344681));
#7295=DIRECTION('ref_axis',(0.,-0.973480965344681,0.228768026856));
#7296=DIRECTION('',(0.,-0.973480965344681,0.228768026856));
#7297=DIRECTION('',(0.,0.973480965344681,-0.228768026856));
#7298=DIRECTION('',(-1.,0.,0.));
#7299=DIRECTION('center_axis',(0.,0.,-1.));
#7300=DIRECTION('ref_axis',(0.,1.,0.));
#7301=DIRECTION('',(0.,1.,0.));
#7302=DIRECTION('',(1.,0.,0.));
#7303=DIRECTION('',(0.,-1.,0.));
#7304=DIRECTION('center_axis',(0.,-0.930916138481379,0.365232998392694));
#7305=DIRECTION('ref_axis',(0.,-0.365232998392694,-0.930916138481379));
#7306=DIRECTION('',(0.,-0.365232998392695,-0.930916138481379));
#7307=DIRECTION('',(1.,0.,0.));
#7308=DIRECTION('',(0.,0.365232998392695,0.930916138481379));
#7309=DIRECTION('center_axis',(0.,0.215285157106786,0.976551228113255));
#7310=DIRECTION('ref_axis',(0.,-0.976551228113255,0.215285157106786));
#7311=DIRECTION('',(0.,-0.976551228113255,0.215285157106786));
#7312=DIRECTION('',(0.,0.976551228113255,-0.215285157106786));
#7313=DIRECTION('center_axis',(0.,0.686758953165628,-0.726885231826078));
#7314=DIRECTION('ref_axis',(0.,0.726885231826078,0.686758953165628));
#7315=DIRECTION('',(0.,0.726885231826078,0.686758953165628));
#7316=DIRECTION('',(1.,0.,0.));
#7317=DIRECTION('',(0.,-0.726885231826078,-0.686758953165628));
#7318=DIRECTION('',(1.,0.,0.));
#7319=DIRECTION('center_axis',(0.,0.331137932096664,0.943582359906514));
#7320=DIRECTION('ref_axis',(0.,-0.943582359906514,0.331137932096664));
#7321=DIRECTION('',(0.,-0.943582359906514,0.331137932096664));
#7322=DIRECTION('',(0.,0.943582359906514,-0.331137932096664));
#7323=DIRECTION('',(1.,0.,0.));
#7324=DIRECTION('center_axis',(0.,0.32080703368039,0.947144575627813));
#7325=DIRECTION('ref_axis',(0.,-0.947144575627812,0.32080703368039));
#7326=DIRECTION('',(0.,-0.947144575627812,0.32080703368039));
#7327=DIRECTION('',(0.,0.947144575627812,-0.32080703368039));
#7328=DIRECTION('',(1.,0.,0.));
#7329=DIRECTION('center_axis',(0.,0.309127188956077,0.951020704847226));
#7330=DIRECTION('ref_axis',(0.,-0.951020704847225,0.309127188956077));
#7331=DIRECTION('',(0.,-0.951020704847225,0.309127188956077));
#7332=DIRECTION('',(0.,0.951020704847225,-0.309127188956077));
#7333=DIRECTION('',(1.,0.,0.));
#7334=DIRECTION('center_axis',(0.,0.293758173362203,0.95587977046431));
#7335=DIRECTION('ref_axis',(0.,-0.95587977046431,0.293758173362203));
#7336=DIRECTION('',(0.,-0.95587977046431,0.293758173362203));
#7337=DIRECTION('',(0.,0.95587977046431,-0.293758173362203));
#7338=DIRECTION('',(-1.,0.,0.));
#7339=DIRECTION('center_axis',(0.,0.,-1.));
#7340=DIRECTION('ref_axis',(0.,1.,0.));
#7341=DIRECTION('',(0.,1.,0.));
#7342=DIRECTION('',(1.,0.,0.));
#7343=DIRECTION('',(0.,-1.,0.));
#7344=DIRECTION('center_axis',(0.,-0.826301655548369,0.563227817173499));
#7345=DIRECTION('ref_axis',(0.,-0.563227817173499,-0.826301655548369));
#7346=DIRECTION('',(0.,-0.563227817173499,-0.826301655548369));
#7347=DIRECTION('',(1.,0.,0.));
#7348=DIRECTION('',(0.,0.563227817173499,0.826301655548369));
#7349=DIRECTION('center_axis',(0.,0.28415414437836,0.958778609603177));
#7350=DIRECTION('ref_axis',(0.,-0.958778609603177,0.28415414437836));
#7351=DIRECTION('',(0.,-0.958778609603177,0.28415414437836));
#7352=DIRECTION('',(0.,0.958778609603177,-0.28415414437836));
#7353=DIRECTION('center_axis',(0.,0.,-1.));
#7354=DIRECTION('ref_axis',(0.,1.,0.));
#7355=DIRECTION('',(0.,1.,0.));
#7356=DIRECTION('',(1.,0.,0.));
#7357=DIRECTION('',(0.,-1.,0.));
#7358=DIRECTION('',(1.,0.,0.));
#7359=DIRECTION('center_axis',(0.,0.441446332790508,0.897287654693751));
#7360=DIRECTION('ref_axis',(0.,-0.897287654693751,0.441446332790508));
#7361=DIRECTION('',(0.,-0.897287654693751,0.441446332790508));
#7362=DIRECTION('',(0.,0.897287654693751,-0.441446332790508));
#7363=DIRECTION('',(1.,0.,0.));
#7364=DIRECTION('center_axis',(0.,0.424790674352246,0.90529160107855));
#7365=DIRECTION('ref_axis',(0.,-0.90529160107855,0.424790674352246));
#7366=DIRECTION('',(0.,-0.90529160107855,0.424790674352246));
#7367=DIRECTION('',(0.,0.90529160107855,-0.424790674352246));
#7368=DIRECTION('',(-1.,0.,0.));
#7369=DIRECTION('center_axis',(0.,-0.585027786124874,0.811013248635205));
#7370=DIRECTION('ref_axis',(0.,-0.811013248635205,-0.585027786124874));
#7371=DIRECTION('',(0.,-0.811013248635205,-0.585027786124874));
#7372=DIRECTION('',(1.,0.,0.));
#7373=DIRECTION('',(0.,0.811013248635205,0.585027786124874));
#7374=DIRECTION('center_axis',(0.,0.409814921441034,0.912168696110691));
#7375=DIRECTION('ref_axis',(0.,-0.912168696110691,0.409814921441034));
#7376=DIRECTION('',(0.,-0.912168696110691,0.409814921441034));
#7377=DIRECTION('',(0.,0.912168696110691,-0.409814921441034));
#7378=DIRECTION('center_axis',(-1.,0.,0.));
#7379=DIRECTION('ref_axis',(0.,0.,1.));
#7380=DIRECTION('',(0.,0.190791693734173,0.981630546388022));
#7381=DIRECTION('',(0.,0.544373937592771,0.838842664669449));
#7382=DIRECTION('',(0.,0.766978756201997,0.641672492424943));
#7383=DIRECTION('',(0.,0.885483838727542,0.464670174803954));
#7384=DIRECTION('',(0.,0.982967672457605,0.183778548539482));
#7385=DIRECTION('',(0.,0.997597341612515,-0.0692787413832177));
#7386=DIRECTION('',(0.,0.993947288195862,-0.109858036975415));
#7387=DIRECTION('',(0.,0.988730711132461,-0.149704979421184));
#7388=DIRECTION('',(0.,0.999795366316365,-0.0202293225869403));
#7389=DIRECTION('',(0.,0.976803965441026,0.214135501724228));
#7390=DIRECTION('',(0.,0.879958148627582,0.475051214779963));
#7391=DIRECTION('',(0.,0.667171024120625,0.744904574139424));
#7392=DIRECTION('',(0.,0.8375885960232,0.546301513645977));
#7393=DIRECTION('',(0.,0.942651269906034,0.333779243429757));
#7394=DIRECTION('',(0.,0.986026287350323,0.166589797569174));
#7395=DIRECTION('',(0.,0.999984335064513,-0.00559728734160181));
#7396=DIRECTION('',(0.,0.984137517066044,-0.177407292699826));
#7397=DIRECTION('',(0.,0.914630503276162,-0.404290789502797));
#7398=DIRECTION('',(0.,0.752597247346225,-0.658481118398154));
#7399=DIRECTION('',(0.,0.540581687958387,-0.841291530115489));
#7400=DIRECTION('',(0.,0.294818016019545,-0.955553419454035));
#7401=DIRECTION('',(0.,0.445033781960386,-0.895513781532164));
#7402=DIRECTION('',(0.,0.650890083816866,-0.7591719823524));
#7403=DIRECTION('',(0.,0.833859187106107,-0.551977224239137));
#7404=DIRECTION('',(0.,0.967513874140833,-0.25281792528418));
#7405=DIRECTION('',(0.,0.957621749413811,-0.288028792049739));
#7406=DIRECTION('',(0.,0.944799425071385,-0.327649273438507));
#7407=DIRECTION('',(0.,0.930330831017068,-0.366721344973388));
#7408=DIRECTION('',(0.,0.914253138022969,-0.405143430916945));
#7409=DIRECTION('',(0.,0.896593272755366,-0.442854946060019));
#7410=DIRECTION('',(0.,0.877375926176055,-0.47980358915572));
#7411=DIRECTION('',(0.,0.856637030792232,-0.515919564927972));
#7412=DIRECTION('',(0.,0.681665968623701,-0.731663520493069));
#7413=DIRECTION('',(0.,0.242214983038202,-0.970222604350055));
#7414=DIRECTION('',(0.,-0.20433184963242,-0.978901678017662));
#7415=DIRECTION('',(0.,-0.568036902496459,-0.823003084685731));
#7416=DIRECTION('',(0.,-0.8362280729589,-0.548381810416287));
#7417=DIRECTION('',(0.,-0.981373108419824,-0.19211148344233));
#7418=DIRECTION('',(0.,-1.,0.));
#7419=DIRECTION('',(0.,-0.991455019843988,0.130449007762259));
#7420=DIRECTION('',(0.,-0.915266556924236,0.402848767872081));
#7421=DIRECTION('',(0.,-0.744192290155561,0.667965444669873));
#7422=DIRECTION('',(0.,-0.4910060035632,0.871156188329564));
#7423=DIRECTION('',(0.,-0.195203033134163,0.980762854035175));
#7424=DIRECTION('',(0.,-8.3690659336999E-5,0.999999996497937));
#7425=DIRECTION('center_axis',(0.,-0.838842664669449,0.544373937592771));
#7426=DIRECTION('ref_axis',(0.,-0.544373937592771,-0.838842664669449));
#7427=DIRECTION('',(-1.,0.,0.));
#7428=DIRECTION('',(0.,-0.544373937592771,-0.838842664669449));
#7429=DIRECTION('',(1.,0.,0.));
#7430=DIRECTION('center_axis',(0.,-0.641672492424943,0.766978756201997));
#7431=DIRECTION('ref_axis',(0.,-0.766978756201997,-0.641672492424943));
#7432=DIRECTION('',(0.,-0.766978756201997,-0.641672492424943));
#7433=DIRECTION('',(1.,0.,0.));
#7434=DIRECTION('center_axis',(0.,-0.464670174803954,0.885483838727542));
#7435=DIRECTION('ref_axis',(0.,-0.885483838727542,-0.464670174803954));
#7436=DIRECTION('',(0.,-0.885483838727542,-0.464670174803954));
#7437=DIRECTION('',(1.,0.,0.));
#7438=DIRECTION('center_axis',(0.,-0.183778548539482,0.982967672457605));
#7439=DIRECTION('ref_axis',(0.,-0.982967672457605,-0.183778548539482));
#7440=DIRECTION('',(0.,-0.982967672457605,-0.183778548539482));
#7441=DIRECTION('',(1.,0.,0.));
#7442=DIRECTION('center_axis',(0.,0.0692787413832177,0.997597341612515));
#7443=DIRECTION('ref_axis',(0.,-0.997597341612515,0.0692787413832177));
#7444=DIRECTION('',(0.,-0.997597341612515,0.0692787413832177));
#7445=DIRECTION('',(1.,0.,0.));
#7446=DIRECTION('center_axis',(0.,0.109858036975415,0.993947288195862));
#7447=DIRECTION('ref_axis',(0.,-0.993947288195862,0.109858036975415));
#7448=DIRECTION('',(0.,-0.993947288195862,0.109858036975415));
#7449=DIRECTION('',(1.,0.,0.));
#7450=DIRECTION('center_axis',(0.,0.149704979421184,0.988730711132461));
#7451=DIRECTION('ref_axis',(0.,-0.988730711132461,0.149704979421184));
#7452=DIRECTION('',(0.,-0.988730711132461,0.149704979421184));
#7453=DIRECTION('',(1.,0.,0.));
#7454=DIRECTION('center_axis',(0.,0.0202293225869403,0.999795366316365));
#7455=DIRECTION('ref_axis',(0.,-0.999795366316365,0.0202293225869403));
#7456=DIRECTION('',(0.,-0.999795366316365,0.0202293225869403));
#7457=DIRECTION('',(1.,0.,0.));
#7458=DIRECTION('center_axis',(0.,-0.214135501724228,0.976803965441026));
#7459=DIRECTION('ref_axis',(0.,-0.976803965441026,-0.214135501724228));
#7460=DIRECTION('',(0.,-0.976803965441026,-0.214135501724228));
#7461=DIRECTION('',(1.,0.,0.));
#7462=DIRECTION('center_axis',(0.,-0.475051214779963,0.879958148627582));
#7463=DIRECTION('ref_axis',(0.,-0.879958148627582,-0.475051214779963));
#7464=DIRECTION('',(0.,-0.879958148627582,-0.475051214779963));
#7465=DIRECTION('',(1.,0.,0.));
#7466=DIRECTION('center_axis',(0.,-0.744904574139424,0.667171024120625));
#7467=DIRECTION('ref_axis',(0.,-0.667171024120625,-0.744904574139424));
#7468=DIRECTION('',(0.,-0.667171024120625,-0.744904574139424));
#7469=DIRECTION('',(1.,0.,0.));
#7470=DIRECTION('center_axis',(0.,-0.546301513645977,0.8375885960232));
#7471=DIRECTION('ref_axis',(0.,-0.8375885960232,-0.546301513645977));
#7472=DIRECTION('',(0.,-0.8375885960232,-0.546301513645977));
#7473=DIRECTION('',(1.,0.,0.));
#7474=DIRECTION('center_axis',(0.,-0.333779243429757,0.942651269906034));
#7475=DIRECTION('ref_axis',(0.,-0.942651269906034,-0.333779243429757));
#7476=DIRECTION('',(0.,-0.942651269906034,-0.333779243429757));
#7477=DIRECTION('',(1.,0.,0.));
#7478=DIRECTION('center_axis',(0.,-0.166589797569174,0.986026287350323));
#7479=DIRECTION('ref_axis',(0.,-0.986026287350323,-0.166589797569174));
#7480=DIRECTION('',(0.,-0.986026287350323,-0.166589797569174));
#7481=DIRECTION('',(1.,0.,0.));
#7482=DIRECTION('center_axis',(0.,0.00559728734160181,0.999984335064513));
#7483=DIRECTION('ref_axis',(0.,-0.999984335064513,0.00559728734160181));
#7484=DIRECTION('',(0.,-0.999984335064513,0.00559728734160181));
#7485=DIRECTION('',(1.,0.,0.));
#7486=DIRECTION('center_axis',(0.,0.177407292699826,0.984137517066044));
#7487=DIRECTION('ref_axis',(0.,-0.984137517066044,0.177407292699826));
#7488=DIRECTION('',(0.,-0.984137517066044,0.177407292699826));
#7489=DIRECTION('',(1.,0.,0.));
#7490=DIRECTION('center_axis',(0.,0.404290789502797,0.914630503276162));
#7491=DIRECTION('ref_axis',(0.,-0.914630503276162,0.404290789502797));
#7492=DIRECTION('',(0.,-0.914630503276162,0.404290789502797));
#7493=DIRECTION('',(1.,0.,0.));
#7494=DIRECTION('center_axis',(0.,0.658481118398154,0.752597247346225));
#7495=DIRECTION('ref_axis',(0.,-0.752597247346225,0.658481118398154));
#7496=DIRECTION('',(0.,-0.752597247346225,0.658481118398154));
#7497=DIRECTION('',(1.,0.,0.));
#7498=DIRECTION('center_axis',(0.,0.841291530115489,0.540581687958387));
#7499=DIRECTION('ref_axis',(0.,-0.540581687958387,0.841291530115489));
#7500=DIRECTION('',(0.,-0.540581687958387,0.841291530115489));
#7501=DIRECTION('',(1.,0.,0.));
#7502=DIRECTION('center_axis',(0.,0.955553419454035,0.294818016019545));
#7503=DIRECTION('ref_axis',(0.,-0.294818016019545,0.955553419454035));
#7504=DIRECTION('',(0.,-0.294818016019545,0.955553419454035));
#7505=DIRECTION('',(1.,0.,0.));
#7506=DIRECTION('center_axis',(0.,0.895513781532164,0.445033781960386));
#7507=DIRECTION('ref_axis',(0.,-0.445033781960386,0.895513781532164));
#7508=DIRECTION('',(0.,-0.445033781960386,0.895513781532164));
#7509=DIRECTION('',(1.,0.,0.));
#7510=DIRECTION('center_axis',(0.,0.7591719823524,0.650890083816866));
#7511=DIRECTION('ref_axis',(0.,-0.650890083816866,0.7591719823524));
#7512=DIRECTION('',(0.,-0.650890083816866,0.7591719823524));
#7513=DIRECTION('',(1.,0.,0.));
#7514=DIRECTION('center_axis',(0.,0.551977224239137,0.833859187106107));
#7515=DIRECTION('ref_axis',(0.,-0.833859187106107,0.551977224239137));
#7516=DIRECTION('',(0.,-0.833859187106107,0.551977224239137));
#7517=DIRECTION('',(1.,0.,0.));
#7518=DIRECTION('center_axis',(0.,0.25281792528418,0.967513874140832));
#7519=DIRECTION('ref_axis',(0.,-0.967513874140833,0.25281792528418));
#7520=DIRECTION('',(0.,-0.967513874140833,0.25281792528418));
#7521=DIRECTION('',(1.,0.,0.));
#7522=DIRECTION('center_axis',(0.,0.288028792049739,0.957621749413811));
#7523=DIRECTION('ref_axis',(0.,-0.957621749413811,0.288028792049739));
#7524=DIRECTION('',(0.,-0.957621749413811,0.288028792049739));
#7525=DIRECTION('',(1.,0.,0.));
#7526=DIRECTION('center_axis',(0.,0.327649273438507,0.944799425071385));
#7527=DIRECTION('ref_axis',(0.,-0.944799425071385,0.327649273438507));
#7528=DIRECTION('',(0.,-0.944799425071385,0.327649273438507));
#7529=DIRECTION('',(1.,0.,0.));
#7530=DIRECTION('center_axis',(0.,0.366721344973388,0.930330831017068));
#7531=DIRECTION('ref_axis',(0.,-0.930330831017068,0.366721344973388));
#7532=DIRECTION('',(0.,-0.930330831017068,0.366721344973388));
#7533=DIRECTION('',(1.,0.,0.));
#7534=DIRECTION('center_axis',(0.,0.405143430916945,0.914253138022969));
#7535=DIRECTION('ref_axis',(0.,-0.914253138022969,0.405143430916945));
#7536=DIRECTION('',(0.,-0.914253138022969,0.405143430916945));
#7537=DIRECTION('',(1.,0.,0.));
#7538=DIRECTION('center_axis',(0.,0.442854946060019,0.896593272755366));
#7539=DIRECTION('ref_axis',(0.,-0.896593272755366,0.442854946060019));
#7540=DIRECTION('',(0.,-0.896593272755366,0.442854946060019));
#7541=DIRECTION('',(1.,0.,0.));
#7542=DIRECTION('center_axis',(0.,0.47980358915572,0.877375926176055));
#7543=DIRECTION('ref_axis',(0.,-0.877375926176055,0.47980358915572));
#7544=DIRECTION('',(0.,-0.877375926176055,0.47980358915572));
#7545=DIRECTION('',(1.,0.,0.));
#7546=DIRECTION('center_axis',(0.,0.515919564927972,0.856637030792232));
#7547=DIRECTION('ref_axis',(0.,-0.856637030792232,0.515919564927972));
#7548=DIRECTION('',(0.,-0.856637030792232,0.515919564927972));
#7549=DIRECTION('',(1.,0.,0.));
#7550=DIRECTION('center_axis',(0.,0.731663520493069,0.681665968623701));
#7551=DIRECTION('ref_axis',(0.,-0.681665968623701,0.731663520493069));
#7552=DIRECTION('',(0.,-0.681665968623701,0.731663520493069));
#7553=DIRECTION('',(1.,0.,0.));
#7554=DIRECTION('center_axis',(0.,0.970222604350055,0.242214983038202));
#7555=DIRECTION('ref_axis',(0.,-0.242214983038202,0.970222604350055));
#7556=DIRECTION('',(0.,-0.242214983038202,0.970222604350055));
#7557=DIRECTION('',(1.,0.,0.));
#7558=DIRECTION('center_axis',(0.,0.978901678017662,-0.20433184963242));
#7559=DIRECTION('ref_axis',(0.,0.20433184963242,0.978901678017662));
#7560=DIRECTION('',(0.,0.20433184963242,0.978901678017662));
#7561=DIRECTION('',(1.,0.,0.));
#7562=DIRECTION('center_axis',(0.,0.823003084685731,-0.568036902496459));
#7563=DIRECTION('ref_axis',(0.,0.568036902496459,0.823003084685731));
#7564=DIRECTION('',(0.,0.568036902496459,0.823003084685731));
#7565=DIRECTION('',(1.,0.,0.));
#7566=DIRECTION('center_axis',(0.,0.548381810416287,-0.8362280729589));
#7567=DIRECTION('ref_axis',(0.,0.8362280729589,0.548381810416287));
#7568=DIRECTION('',(0.,0.8362280729589,0.548381810416287));
#7569=DIRECTION('',(1.,0.,0.));
#7570=DIRECTION('center_axis',(0.,0.19211148344233,-0.981373108419824));
#7571=DIRECTION('ref_axis',(0.,0.981373108419824,0.19211148344233));
#7572=DIRECTION('',(0.,0.981373108419824,0.19211148344233));
#7573=DIRECTION('',(1.,0.,0.));
#7574=DIRECTION('center_axis',(0.,0.,-1.));
#7575=DIRECTION('ref_axis',(0.,1.,0.));
#7576=DIRECTION('',(0.,1.,0.));
#7577=DIRECTION('',(1.,0.,0.));
#7578=DIRECTION('center_axis',(0.,-0.130449007762259,-0.991455019843988));
#7579=DIRECTION('ref_axis',(0.,0.991455019843988,-0.130449007762259));
#7580=DIRECTION('',(0.,0.991455019843988,-0.130449007762259));
#7581=DIRECTION('',(1.,0.,0.));
#7582=DIRECTION('center_axis',(0.,-0.402848767872081,-0.915266556924237));
#7583=DIRECTION('ref_axis',(0.,0.915266556924236,-0.402848767872081));
#7584=DIRECTION('',(0.,0.915266556924236,-0.402848767872081));
#7585=DIRECTION('',(1.,0.,0.));
#7586=DIRECTION('center_axis',(0.,-0.667965444669873,-0.744192290155561));
#7587=DIRECTION('ref_axis',(0.,0.744192290155561,-0.667965444669873));
#7588=DIRECTION('',(0.,0.744192290155561,-0.667965444669873));
#7589=DIRECTION('',(1.,0.,0.));
#7590=DIRECTION('center_axis',(0.,-0.871156188329564,-0.4910060035632));
#7591=DIRECTION('ref_axis',(0.,0.4910060035632,-0.871156188329564));
#7592=DIRECTION('',(0.,0.4910060035632,-0.871156188329564));
#7593=DIRECTION('',(1.,0.,0.));
#7594=DIRECTION('center_axis',(0.,-0.980762854035175,-0.195203033134163));
#7595=DIRECTION('ref_axis',(0.,0.195203033134163,-0.980762854035176));
#7596=DIRECTION('',(0.,0.195203033134163,-0.980762854035175));
#7597=DIRECTION('',(1.,0.,0.));
#7598=DIRECTION('center_axis',(0.,-0.999999996497937,-8.3690659336999E-5));
#7599=DIRECTION('ref_axis',(0.,8.3690659336999E-5,-0.999999996497937));
#7600=DIRECTION('',(0.,8.3690659336999E-5,-0.999999996497937));
#7601=DIRECTION('',(1.,0.,0.));
#7602=DIRECTION('center_axis',(0.,-0.981630546388021,0.190791693734173));
#7603=DIRECTION('ref_axis',(0.,-0.190791693734173,-0.981630546388022));
#7604=DIRECTION('',(0.,-0.190791693734173,-0.981630546388022));
#7605=DIRECTION('center_axis',(1.,0.,0.));
#7606=DIRECTION('ref_axis',(0.,0.,-1.));
#7607=DIRECTION('',(-1.,0.,0.));
#7608=DIRECTION('',(0.,0.,1.));
#7609=DIRECTION('',(1.,0.,0.));
#7610=DIRECTION('',(0.,0.,-1.));
#7611=CARTESIAN_POINT('',(0.,0.,0.));
#7612=CARTESIAN_POINT('',(0.,0.,0.));
#7613=CARTESIAN_POINT('Origin',(-11.4,11.1813466520527,-0.899999999999999));
#7614=CARTESIAN_POINT('',(-11.4,11.1813466520527,-0.899999999999999));
#7615=CARTESIAN_POINT('',(-11.4,14.8186533479473,-0.9));
#7616=CARTESIAN_POINT('',(-11.4,15.7156733260263,-0.9));
#7617=CARTESIAN_POINT('',(-8.9,11.1813466520527,-0.899999999999999));
#7618=CARTESIAN_POINT('',(-11.4,11.1813466520527,-0.899999999999999));
#7619=CARTESIAN_POINT('',(-8.9,14.8186533479473,-0.9));
#7620=CARTESIAN_POINT('',(-8.9,11.1813466520527,-0.899999999999999));
#7621=CARTESIAN_POINT('',(-11.4,14.8186533479473,-0.9));
#7622=CARTESIAN_POINT('Origin',(-11.4,9.36269330410536,2.25));
#7623=CARTESIAN_POINT('',(-11.4,9.36269330410536,2.25));
#7624=CARTESIAN_POINT('',(-11.4,8.59101908427301,3.58657895564071));
#7625=CARTESIAN_POINT('',(-8.9,9.36269330410536,2.25));
#7626=CARTESIAN_POINT('',(-11.4,9.36269330410536,2.25));
#7627=CARTESIAN_POINT('',(-8.9,9.36269330410536,2.25));
#7628=CARTESIAN_POINT('Origin',(-11.4,11.1813466520527,5.4));
#7629=CARTESIAN_POINT('',(-11.4,11.1813466520527,5.4));
#7630=CARTESIAN_POINT('',(-11.4,13.765520871885,9.87592104435929));
#7631=CARTESIAN_POINT('',(-8.9,11.1813466520527,5.4));
#7632=CARTESIAN_POINT('',(-11.4,11.1813466520527,5.4));
#7633=CARTESIAN_POINT('',(-8.9,11.1813466520527,5.4));
#7634=CARTESIAN_POINT('Origin',(-11.4,14.8186533479473,5.4));
#7635=CARTESIAN_POINT('',(-11.4,14.8186533479473,5.4));
#7636=CARTESIAN_POINT('',(-11.4,17.5343266739737,5.4));
#7637=CARTESIAN_POINT('',(-8.9,14.8186533479473,5.4));
#7638=CARTESIAN_POINT('',(-11.4,14.8186533479473,5.4));
#7639=CARTESIAN_POINT('',(-8.9,14.8186533479473,5.4));
#7640=CARTESIAN_POINT('Origin',(-11.4,16.6373066958946,2.25));
#7641=CARTESIAN_POINT('',(-11.4,16.6373066958946,2.25));
#7642=CARTESIAN_POINT('',(-11.4,14.9563058020886,5.1615789556407));
#7643=CARTESIAN_POINT('',(-8.9,16.6373066958946,2.25));
#7644=CARTESIAN_POINT('',(-11.4,16.6373066958946,2.25));
#7645=CARTESIAN_POINT('',(-8.9,16.6373066958946,2.25));
#7646=CARTESIAN_POINT('Origin',(-11.4,14.8186533479473,-0.9));
#7647=CARTESIAN_POINT('',(-11.4,18.3121542417533,5.15092104435929));
#7648=CARTESIAN_POINT('',(-8.9,14.8186533479473,-0.9));
#7649=CARTESIAN_POINT('Origin',(-8.9,13.,2.25));
#7650=CARTESIAN_POINT('',(-8.9,13.,4.05));
#7651=CARTESIAN_POINT('Origin',(-8.9,13.,2.25));
#7652=CARTESIAN_POINT('Origin',(-11.4,11.1813466520527,17.1));
#7653=CARTESIAN_POINT('',(-11.4,11.1813466520527,17.1));
#7654=CARTESIAN_POINT('',(-11.4,14.8186533479473,17.1));
#7655=CARTESIAN_POINT('',(-11.4,15.7156733260263,17.1));
#7656=CARTESIAN_POINT('',(-8.9,11.1813466520527,17.1));
#7657=CARTESIAN_POINT('',(-11.4,11.1813466520527,17.1));
#7658=CARTESIAN_POINT('',(-8.9,14.8186533479473,17.1));
#7659=CARTESIAN_POINT('',(-8.9,11.1813466520527,17.1));
#7660=CARTESIAN_POINT('',(-11.4,14.8186533479473,17.1));
#7661=CARTESIAN_POINT('Origin',(-11.4,9.36269330410536,20.25));
#7662=CARTESIAN_POINT('',(-11.4,9.36269330410536,20.25));
#7663=CARTESIAN_POINT('',(-11.4,12.488133401303,14.8365789556407));
#7664=CARTESIAN_POINT('',(-8.9,9.36269330410536,20.25));
#7665=CARTESIAN_POINT('',(-11.4,9.36269330410536,20.25));
#7666=CARTESIAN_POINT('',(-8.9,9.36269330410536,20.25));
#7667=CARTESIAN_POINT('Origin',(-11.4,11.1813466520527,23.4));
#7668=CARTESIAN_POINT('',(-11.4,11.1813466520527,23.4));
#7669=CARTESIAN_POINT('',(-11.4,9.86840655485505,21.1259210443593));
#7670=CARTESIAN_POINT('',(-8.9,11.1813466520527,23.4));
#7671=CARTESIAN_POINT('',(-11.4,11.1813466520527,23.4));
#7672=CARTESIAN_POINT('',(-8.9,11.1813466520527,23.4));
#7673=CARTESIAN_POINT('Origin',(-11.4,14.8186533479473,23.4));
#7674=CARTESIAN_POINT('',(-11.4,14.8186533479473,23.4));
#7675=CARTESIAN_POINT('',(-11.4,17.5343266739737,23.4));
#7676=CARTESIAN_POINT('',(-8.9,14.8186533479473,23.4));
#7677=CARTESIAN_POINT('',(-11.4,14.8186533479473,23.4));
#7678=CARTESIAN_POINT('',(-8.9,14.8186533479473,23.4));
#7679=CARTESIAN_POINT('Origin',(-11.4,16.6373066958946,20.25));
#7680=CARTESIAN_POINT('',(-11.4,16.6373066958946,20.25));
#7681=CARTESIAN_POINT('',(-11.4,18.8534201191186,16.4115789556407));
#7682=CARTESIAN_POINT('',(-8.9,16.6373066958946,20.25));
#7683=CARTESIAN_POINT('',(-11.4,16.6373066958946,20.25));
#7684=CARTESIAN_POINT('',(-8.9,16.6373066958946,20.25));
#7685=CARTESIAN_POINT('Origin',(-11.4,14.8186533479473,17.1));
#7686=CARTESIAN_POINT('',(-11.4,14.4150399247234,16.4009210443593));
#7687=CARTESIAN_POINT('',(-8.9,14.8186533479473,17.1));
#7688=CARTESIAN_POINT('Origin',(-8.9,13.,20.25));
#7689=CARTESIAN_POINT('',(-8.9,13.,22.05));
#7690=CARTESIAN_POINT('Origin',(-8.9,13.,20.25));
#7691=CARTESIAN_POINT('Origin',(-11.4,32.1813466520527,17.1));
#7692=CARTESIAN_POINT('',(-11.4,32.1813466520527,17.1));
#7693=CARTESIAN_POINT('',(-11.4,35.8186533479473,17.1));
#7694=CARTESIAN_POINT('',(-11.4,26.2156733260263,17.1));
#7695=CARTESIAN_POINT('',(-8.9,32.1813466520527,17.1));
#7696=CARTESIAN_POINT('',(-11.4,32.1813466520527,17.1));
#7697=CARTESIAN_POINT('',(-8.9,35.8186533479473,17.1));
#7698=CARTESIAN_POINT('',(-8.9,32.1813466520527,17.1));
#7699=CARTESIAN_POINT('',(-11.4,35.8186533479473,17.1));
#7700=CARTESIAN_POINT('Origin',(-11.4,30.3626933041054,20.25));
#7701=CARTESIAN_POINT('',(-11.4,30.3626933041054,20.25));
#7702=CARTESIAN_POINT('',(-11.4,30.863133401303,19.383212325509));
#7703=CARTESIAN_POINT('',(-8.9,30.3626933041054,20.25));
#7704=CARTESIAN_POINT('',(-11.4,30.3626933041054,20.25));
#7705=CARTESIAN_POINT('',(-8.9,30.3626933041054,20.25));
#7706=CARTESIAN_POINT('Origin',(-11.4,32.1813466520527,23.4));
#7707=CARTESIAN_POINT('',(-11.4,32.1813466520527,23.4));
#7708=CARTESIAN_POINT('',(-11.4,28.243406554855,16.579287674491));
#7709=CARTESIAN_POINT('',(-8.9,32.1813466520527,23.4));
#7710=CARTESIAN_POINT('',(-11.4,32.1813466520527,23.4));
#7711=CARTESIAN_POINT('',(-8.9,32.1813466520527,23.4));
#7712=CARTESIAN_POINT('Origin',(-11.4,35.8186533479473,23.4));
#7713=CARTESIAN_POINT('',(-11.4,35.8186533479473,23.4));
#7714=CARTESIAN_POINT('',(-11.4,28.0343266739737,23.4));
#7715=CARTESIAN_POINT('',(-8.9,35.8186533479473,23.4));
#7716=CARTESIAN_POINT('',(-11.4,35.8186533479473,23.4));
#7717=CARTESIAN_POINT('',(-8.9,35.8186533479473,23.4));
#7718=CARTESIAN_POINT('Origin',(-11.4,37.6373066958946,20.25));
#7719=CARTESIAN_POINT('',(-11.4,37.6373066958946,20.25));
#7720=CARTESIAN_POINT('',(-11.4,37.2284201191186,20.958212325509));
#7721=CARTESIAN_POINT('',(-8.9,37.6373066958946,20.25));
#7722=CARTESIAN_POINT('',(-11.4,37.6373066958946,20.25));
#7723=CARTESIAN_POINT('',(-8.9,37.6373066958946,20.25));
#7724=CARTESIAN_POINT('Origin',(-11.4,35.8186533479473,17.1));
#7725=CARTESIAN_POINT('',(-11.4,32.7900399247233,11.854287674491));
#7726=CARTESIAN_POINT('',(-8.9,35.8186533479473,17.1));
#7727=CARTESIAN_POINT('Origin',(-8.9,34.,20.25));
#7728=CARTESIAN_POINT('',(-8.9,34.,22.05));
#7729=CARTESIAN_POINT('Origin',(-8.9,34.,20.25));
#7730=CARTESIAN_POINT('Origin',(11.4,13.,2.25));
#7731=CARTESIAN_POINT('',(11.4,13.,5.5));
#7732=CARTESIAN_POINT('Origin',(11.4,13.,2.25));
#7733=CARTESIAN_POINT('',(9.,13.,5.5));
#7734=CARTESIAN_POINT('',(11.4,13.,5.5));
#7735=CARTESIAN_POINT('Origin',(9.,13.,2.25));
#7736=CARTESIAN_POINT('Origin',(9.,13.,2.25));
#7737=CARTESIAN_POINT('',(9.,13.,4.05));
#7738=CARTESIAN_POINT('Origin',(9.,13.,2.25));
#7739=CARTESIAN_POINT('Origin',(11.4,13.,20.25));
#7740=CARTESIAN_POINT('',(11.4,13.,23.5));
#7741=CARTESIAN_POINT('Origin',(11.4,13.,20.25));
#7742=CARTESIAN_POINT('',(9.,13.,23.5));
#7743=CARTESIAN_POINT('',(11.4,13.,23.5));
#7744=CARTESIAN_POINT('Origin',(9.,13.,20.25));
#7745=CARTESIAN_POINT('Origin',(9.,13.,20.25));
#7746=CARTESIAN_POINT('',(9.,13.,22.05));
#7747=CARTESIAN_POINT('Origin',(9.,13.,20.25));
#7748=CARTESIAN_POINT('Origin',(11.4,34.,20.25));
#7749=CARTESIAN_POINT('',(11.4,34.,23.5));
#7750=CARTESIAN_POINT('Origin',(11.4,34.,20.25));
#7751=CARTESIAN_POINT('',(9.,34.,23.5));
#7752=CARTESIAN_POINT('',(11.4,34.,23.5));
#7753=CARTESIAN_POINT('Origin',(9.,34.,20.25));
#7754=CARTESIAN_POINT('Origin',(9.,34.,20.25));
#7755=CARTESIAN_POINT('',(9.,34.,22.05));
#7756=CARTESIAN_POINT('Origin',(9.,34.,20.25));
#7757=CARTESIAN_POINT('Origin',(0.,13.,2.25));
#7758=CARTESIAN_POINT('',(-7.94,13.,4.05));
#7759=CARTESIAN_POINT('',(0.,13.,4.05));
#7760=CARTESIAN_POINT('Origin',(-7.94,13.,2.25));
#7761=CARTESIAN_POINT('Origin',(0.,13.,2.25));
#7762=CARTESIAN_POINT('',(7.94,13.,4.05));
#7763=CARTESIAN_POINT('Origin',(7.94,13.,2.25));
#7764=CARTESIAN_POINT('',(0.,13.,4.05));
#7765=CARTESIAN_POINT('Origin',(0.,13.,20.25));
#7766=CARTESIAN_POINT('',(-7.94,13.,22.05));
#7767=CARTESIAN_POINT('',(0.,13.,22.05));
#7768=CARTESIAN_POINT('Origin',(-7.94,13.,20.25));
#7769=CARTESIAN_POINT('Origin',(0.,13.,20.25));
#7770=CARTESIAN_POINT('',(7.94,13.,22.05));
#7771=CARTESIAN_POINT('Origin',(7.94,13.,20.25));
#7772=CARTESIAN_POINT('',(0.,13.,22.05));
#7773=CARTESIAN_POINT('Origin',(0.,34.,20.25));
#7774=CARTESIAN_POINT('',(-7.94,34.,22.05));
#7775=CARTESIAN_POINT('',(0.,34.,22.05));
#7776=CARTESIAN_POINT('Origin',(-7.94,34.,20.25));
#7777=CARTESIAN_POINT('Origin',(0.,34.,20.25));
#7778=CARTESIAN_POINT('',(7.94,34.,22.05));
#7779=CARTESIAN_POINT('Origin',(7.94,34.,20.25));
#7780=CARTESIAN_POINT('',(0.,34.,22.05));
#7781=CARTESIAN_POINT('Origin',(0.,4.,12.36));
#7782=CARTESIAN_POINT('',(-4.6,4.,12.36));
#7783=CARTESIAN_POINT('Origin',(0.,4.,12.36));
#7784=CARTESIAN_POINT('',(-4.6,10.,12.36));
#7785=CARTESIAN_POINT('',(-4.6,4.,12.36));
#7786=CARTESIAN_POINT('Origin',(0.,10.,12.36));
#7787=CARTESIAN_POINT('Origin',(0.,4.,12.36));
#7788=CARTESIAN_POINT('',(-2.65,4.,12.36));
#7789=CARTESIAN_POINT('Origin',(0.,4.,12.36));
#7790=CARTESIAN_POINT('Origin',(-4.5,0.,12.36));
#7791=CARTESIAN_POINT('',(-5.5,0.,12.36));
#7792=CARTESIAN_POINT('Origin',(-4.5,0.,12.36));
#7793=CARTESIAN_POINT('',(-5.5,2.5,12.36));
#7794=CARTESIAN_POINT('',(-5.5,0.,12.36));
#7795=CARTESIAN_POINT('Origin',(-4.5,2.5,12.36));
#7796=CARTESIAN_POINT('Origin',(-4.5,2.5,12.36));
#7797=CARTESIAN_POINT('Origin',(4.5,0.,12.36));
#7798=CARTESIAN_POINT('',(3.5,0.,12.36));
#7799=CARTESIAN_POINT('Origin',(4.5,0.,12.36));
#7800=CARTESIAN_POINT('',(3.5,2.5,12.36));
#7801=CARTESIAN_POINT('',(3.5,0.,12.36));
#7802=CARTESIAN_POINT('Origin',(4.5,2.5,12.36));
#7803=CARTESIAN_POINT('Origin',(4.5,2.5,12.36));
#7804=CARTESIAN_POINT('Origin',(0.,0.,12.36));
#7805=CARTESIAN_POINT('',(-2.65,0.,12.36));
#7806=CARTESIAN_POINT('Origin',(0.,0.,12.36));
#7807=CARTESIAN_POINT('',(-2.65,0.,12.36));
#7808=CARTESIAN_POINT('Origin',(7.94,10.,0.));
#7809=CARTESIAN_POINT('',(7.94,10.,-1.5));
#7810=CARTESIAN_POINT('',(7.94,17.,-1.5));
#7811=CARTESIAN_POINT('',(7.94,5.,-1.5));
#7812=CARTESIAN_POINT('',(7.94,10.,25.7));
#7813=CARTESIAN_POINT('',(7.94,10.,0.));
#7814=CARTESIAN_POINT('',(7.94,40.5,25.7));
#7815=CARTESIAN_POINT('',(7.94,25.25,25.7));
#7816=CARTESIAN_POINT('',(7.94,40.5,17.5));
#7817=CARTESIAN_POINT('',(7.94,40.5,8.75));
#7818=CARTESIAN_POINT('',(7.94,15.2502053107035,-2.91472762113332));
#7819=CARTESIAN_POINT('Origin',(-7.94,10.,0.));
#7820=CARTESIAN_POINT('',(-7.94,10.,-1.5));
#7821=CARTESIAN_POINT('',(-3.97,10.,-1.5));
#7822=CARTESIAN_POINT('',(-7.94,10.,25.7));
#7823=CARTESIAN_POINT('',(-7.94,10.,0.));
#7824=CARTESIAN_POINT('',(-3.97,10.,25.7));
#7825=CARTESIAN_POINT('Origin',(-7.94,100.,0.));
#7826=CARTESIAN_POINT('',(-7.94,17.,-1.5));
#7827=CARTESIAN_POINT('',(-7.94,50.,-1.5));
#7828=CARTESIAN_POINT('',(-7.94,40.5,17.5));
#7829=CARTESIAN_POINT('',(-7.94,42.4620859567479,19.0863673692855));
#7830=CARTESIAN_POINT('',(-7.94,40.5,25.7));
#7831=CARTESIAN_POINT('',(-7.94,40.5,8.75));
#7832=CARTESIAN_POINT('',(-7.94,70.25,25.7));
#7833=CARTESIAN_POINT('Origin',(0.,0.,-1.5));
#7834=CARTESIAN_POINT('',(11.4,17.,-1.5));
#7835=CARTESIAN_POINT('',(0.,17.,-1.5));
#7836=CARTESIAN_POINT('',(11.4,0.,-1.5));
#7837=CARTESIAN_POINT('',(11.4,17.,-1.5));
#7838=CARTESIAN_POINT('',(-11.4,0.,-1.5));
#7839=CARTESIAN_POINT('',(0.,0.,-1.5));
#7840=CARTESIAN_POINT('',(-11.4,17.,-1.5));
#7841=CARTESIAN_POINT('',(-11.4,17.,-1.5));
#7842=CARTESIAN_POINT('',(0.,17.,-1.5));
#7843=CARTESIAN_POINT('Origin',(0.,17.,-1.5));
#7844=CARTESIAN_POINT('',(11.4,40.5,17.5));
#7845=CARTESIAN_POINT('',(0.,40.5,17.5));
#7846=CARTESIAN_POINT('',(11.4,40.5,17.5));
#7847=CARTESIAN_POINT('Origin',(0.,40.5,17.5));
#7848=CARTESIAN_POINT('',(11.4,40.5,25.7));
#7849=CARTESIAN_POINT('',(0.,40.5,25.7));
#7850=CARTESIAN_POINT('',(11.4,40.5,25.7));
#7851=CARTESIAN_POINT('Origin',(-11.4,20.25,12.1));
#7852=CARTESIAN_POINT('',(-11.4,40.5,17.5));
#7853=CARTESIAN_POINT('',(-11.4,40.5,17.5));
#7854=CARTESIAN_POINT('',(-11.4,0.,25.7));
#7855=CARTESIAN_POINT('',(-11.4,0.,-1.5));
#7856=CARTESIAN_POINT('',(-11.4,40.5,25.7));
#7857=CARTESIAN_POINT('',(-11.4,0.,25.7));
#7858=CARTESIAN_POINT('',(-11.4,40.5,25.7));
#7859=CARTESIAN_POINT('Origin',(0.,0.,25.7));
#7860=CARTESIAN_POINT('',(11.4,0.,25.7));
#7861=CARTESIAN_POINT('',(11.4,0.,-1.5));
#7862=CARTESIAN_POINT('',(0.,0.,25.7));
#7863=CARTESIAN_POINT('Origin',(0.,40.5,25.7));
#7864=CARTESIAN_POINT('',(0.,40.5,25.7));
#7865=CARTESIAN_POINT('',(11.4,0.,25.7));
#7866=CARTESIAN_POINT('Origin',(0.,40.5,17.5));
#7867=CARTESIAN_POINT('',(0.,40.5,17.5));
#7868=CARTESIAN_POINT('Origin',(0.,17.,-1.5));
#7869=CARTESIAN_POINT('Origin',(11.4,20.25,12.1));
#7870=CARTESIAN_POINT('Origin',(0.,13.,2.25));
#7871=CARTESIAN_POINT('',(-7.74,13.,4.25));
#7872=CARTESIAN_POINT('Origin',(-7.74,13.,2.25));
#7873=CARTESIAN_POINT('',(7.74,13.,4.25));
#7874=CARTESIAN_POINT('',(0.,13.,4.25));
#7875=CARTESIAN_POINT('Origin',(7.74,13.,2.25));
#7876=CARTESIAN_POINT('Origin',(0.,13.,20.25));
#7877=CARTESIAN_POINT('',(-7.74,13.,22.25));
#7878=CARTESIAN_POINT('Origin',(-7.74,13.,20.25));
#7879=CARTESIAN_POINT('',(7.74,13.,22.25));
#7880=CARTESIAN_POINT('',(0.,13.,22.25));
#7881=CARTESIAN_POINT('Origin',(7.74,13.,20.25));
#7882=CARTESIAN_POINT('Origin',(0.,34.,20.25));
#7883=CARTESIAN_POINT('',(-7.74,34.,22.25));
#7884=CARTESIAN_POINT('Origin',(-7.74,34.,20.25));
#7885=CARTESIAN_POINT('',(7.74,34.,22.25));
#7886=CARTESIAN_POINT('',(0.,34.,22.25));
#7887=CARTESIAN_POINT('Origin',(7.74,34.,20.25));
#7888=CARTESIAN_POINT('Origin',(0.,52.678,0.33));
#7889=CARTESIAN_POINT('',(-7.74,52.678,0.33));
#7890=CARTESIAN_POINT('',(-7.74,62.842,0.33));
#7891=CARTESIAN_POINT('',(-7.74,49.843675,0.329999999999999));
#7892=CARTESIAN_POINT('',(7.74,52.678,0.33));
#7893=CARTESIAN_POINT('',(0.,52.678,0.33));
#7894=CARTESIAN_POINT('',(7.74,62.842,0.33));
#7895=CARTESIAN_POINT('',(7.74,49.843675,0.329999999999999));
#7896=CARTESIAN_POINT('',(0.,62.842,0.33));
#7897=CARTESIAN_POINT('Origin',(0.,62.842,0.33));
#7898=CARTESIAN_POINT('',(-7.74,70.222,5.646));
#7899=CARTESIAN_POINT('',(-7.74,60.2182610433631,-1.55994529721972));
#7900=CARTESIAN_POINT('',(7.74,70.222,5.646));
#7901=CARTESIAN_POINT('',(7.74,60.2182610433631,-1.55994529721972));
#7902=CARTESIAN_POINT('',(0.,70.222,5.646));
#7903=CARTESIAN_POINT('Origin',(0.,70.222,5.646));
#7904=CARTESIAN_POINT('',(-7.74,66.31,7.266));
#7905=CARTESIAN_POINT('',(-7.74,59.3250434197316,10.1585433691296));
#7906=CARTESIAN_POINT('',(7.74,66.31,7.266));
#7907=CARTESIAN_POINT('',(7.74,59.3250434197316,10.1585433691296));
#7908=CARTESIAN_POINT('',(0.,66.31,7.266));
#7909=CARTESIAN_POINT('Origin',(0.,66.31,7.266));
#7910=CARTESIAN_POINT('',(-7.74,65.548,7.572));
#7911=CARTESIAN_POINT('',(-7.74,57.3117935250934,10.8794529938601));
#7912=CARTESIAN_POINT('',(7.74,65.548,7.572));
#7913=CARTESIAN_POINT('',(7.74,57.3117935250934,10.8794529938601));
#7914=CARTESIAN_POINT('',(0.,65.548,7.572));
#7915=CARTESIAN_POINT('Origin',(0.,61.84,8.982));
#7916=CARTESIAN_POINT('',(-7.74,61.84,8.982));
#7917=CARTESIAN_POINT('',(-7.74,58.4850650826847,5.81381653518753));
#7918=CARTESIAN_POINT('',(7.74,61.84,8.982));
#7919=CARTESIAN_POINT('',(0.,61.84,8.982));
#7920=CARTESIAN_POINT('',(7.74,58.4850650826847,5.81381653518753));
#7921=CARTESIAN_POINT('Origin',(0.,65.548,7.572));
#7922=CARTESIAN_POINT('',(-7.74,56.8395279737572,10.8834739905616));
#7923=CARTESIAN_POINT('',(7.74,56.8395279737572,10.8834739905616));
#7924=CARTESIAN_POINT('Origin',(0.,25.258,18.18));
#7925=CARTESIAN_POINT('',(-7.74,25.258,18.18));
#7926=CARTESIAN_POINT('',(-7.74,22.738,18.516));
#7927=CARTESIAN_POINT('',(-7.74,36.3979579694323,16.6946722707424));
#7928=CARTESIAN_POINT('',(7.74,25.258,18.18));
#7929=CARTESIAN_POINT('',(0.,25.258,18.18));
#7930=CARTESIAN_POINT('',(7.74,22.738,18.516));
#7931=CARTESIAN_POINT('',(7.74,36.3979579694323,16.6946722707424));
#7932=CARTESIAN_POINT('',(0.,22.738,18.516));
#7933=CARTESIAN_POINT('Origin',(0.,22.738,18.516));
#7934=CARTESIAN_POINT('',(-7.74,21.544,18.66));
#7935=CARTESIAN_POINT('',(-7.74,35.1318515786395,17.0212641312193));
#7936=CARTESIAN_POINT('',(7.74,21.544,18.66));
#7937=CARTESIAN_POINT('',(7.74,35.1318515786395,17.0212641312193));
#7938=CARTESIAN_POINT('',(0.,21.544,18.66));
#7939=CARTESIAN_POINT('Origin',(0.,21.544,18.66));
#7940=CARTESIAN_POINT('',(-7.74,19.,18.942));
#7941=CARTESIAN_POINT('',(-7.74,34.5281000324203,17.2207247605572));
#7942=CARTESIAN_POINT('',(7.74,19.,18.942));
#7943=CARTESIAN_POINT('',(7.74,34.5281000324203,17.2207247605572));
#7944=CARTESIAN_POINT('',(0.,19.,18.942));
#7945=CARTESIAN_POINT('Origin',(0.,19.,18.942));
#7946=CARTESIAN_POINT('',(-7.74,17.8,19.062));
#7947=CARTESIAN_POINT('',(-7.74,33.2470495049505,17.5172950495049));
#7948=CARTESIAN_POINT('',(7.74,17.8,19.062));
#7949=CARTESIAN_POINT('',(7.74,33.2470495049505,17.5172950495049));
#7950=CARTESIAN_POINT('',(0.,17.8,19.062));
#7951=CARTESIAN_POINT('Origin',(0.,17.8,19.062));
#7952=CARTESIAN_POINT('',(-7.74,16.,19.23));
#7953=CARTESIAN_POINT('',(-7.74,32.6401891302432,17.6769156811773));
#7954=CARTESIAN_POINT('',(7.74,16.,19.23));
#7955=CARTESIAN_POINT('',(7.74,32.6401891302432,17.6769156811773));
#7956=CARTESIAN_POINT('',(0.,16.,19.23));
#7957=CARTESIAN_POINT('Origin',(0.,22.564,0.33));
#7958=CARTESIAN_POINT('',(-7.74,22.564,0.33));
#7959=CARTESIAN_POINT('',(-7.74,23.6415429550615,7.46962202963945));
#7960=CARTESIAN_POINT('',(7.74,22.564,0.33));
#7961=CARTESIAN_POINT('',(0.,22.564,0.33));
#7962=CARTESIAN_POINT('',(7.74,23.6415429550615,7.46962202963945));
#7963=CARTESIAN_POINT('Origin',(0.,16.,0.33));
#7964=CARTESIAN_POINT('',(-7.74,16.,0.33));
#7965=CARTESIAN_POINT('',(-7.74,31.504675,0.329999999999999));
#7966=CARTESIAN_POINT('',(7.74,16.,0.33));
#7967=CARTESIAN_POINT('',(0.,16.,0.33));
#7968=CARTESIAN_POINT('',(7.74,31.504675,0.329999999999999));
#7969=CARTESIAN_POINT('Origin',(0.,16.,19.23));
#7970=CARTESIAN_POINT('',(-7.74,16.,15.23755));
#7971=CARTESIAN_POINT('',(7.74,16.,15.23755));
#7972=CARTESIAN_POINT('Origin',(0.,30.214,0.33));
#7973=CARTESIAN_POINT('',(-7.74,30.214,0.33));
#7974=CARTESIAN_POINT('',(-7.74,36.46,16.242));
#7975=CARTESIAN_POINT('',(-7.74,33.1914391915364,7.91517649947608));
#7976=CARTESIAN_POINT('',(7.74,30.214,0.33));
#7977=CARTESIAN_POINT('',(0.,30.214,0.33));
#7978=CARTESIAN_POINT('',(7.74,36.46,16.242));
#7979=CARTESIAN_POINT('',(7.74,33.1914391915364,7.91517649947608));
#7980=CARTESIAN_POINT('',(0.,36.46,16.242));
#7981=CARTESIAN_POINT('Origin',(0.,36.46,16.242));
#7982=CARTESIAN_POINT('',(-7.74,33.88,16.758));
#7983=CARTESIAN_POINT('',(-7.74,42.0122740384615,15.1315451923077));
#7984=CARTESIAN_POINT('',(7.74,33.88,16.758));
#7985=CARTESIAN_POINT('',(7.74,42.0122740384615,15.1315451923077));
#7986=CARTESIAN_POINT('',(0.,33.88,16.758));
#7987=CARTESIAN_POINT('Origin',(0.,33.88,16.758));
#7988=CARTESIAN_POINT('',(-7.74,32.692,16.98));
#7989=CARTESIAN_POINT('',(-7.74,40.7208860917359,15.4796525990191));
#7990=CARTESIAN_POINT('',(7.74,32.692,16.98));
#7991=CARTESIAN_POINT('',(7.74,40.7208860917359,15.4796525990191));
#7992=CARTESIAN_POINT('',(0.,32.692,16.98));
#7993=CARTESIAN_POINT('Origin',(0.,32.692,16.98));
#7994=CARTESIAN_POINT('',(-7.74,30.154,17.424));
#7995=CARTESIAN_POINT('',(-7.74,40.1248325098289,15.6796936034815));
#7996=CARTESIAN_POINT('',(7.74,30.154,17.424));
#7997=CARTESIAN_POINT('',(7.74,40.1248325098289,15.6796936034815));
#7998=CARTESIAN_POINT('',(0.,30.154,17.424));
#7999=CARTESIAN_POINT('Origin',(0.,30.154,17.424));
#8000=CARTESIAN_POINT('',(-7.74,28.966,17.622));
#8001=CARTESIAN_POINT('',(-7.74,38.8548918918919,15.9738513513514));
#8002=CARTESIAN_POINT('',(7.74,28.966,17.622));
#8003=CARTESIAN_POINT('',(7.74,38.8548918918919,15.9738513513514));
#8004=CARTESIAN_POINT('',(0.,28.966,17.622));
#8005=CARTESIAN_POINT('Origin',(0.,23.782,0.33));
#8006=CARTESIAN_POINT('',(-7.74,23.782,0.33));
#8007=CARTESIAN_POINT('',(-7.74,35.395675,0.329999999999999));
#8008=CARTESIAN_POINT('',(7.74,23.782,0.33));
#8009=CARTESIAN_POINT('',(0.,23.782,0.33));
#8010=CARTESIAN_POINT('',(7.74,35.395675,0.329999999999999));
#8011=CARTESIAN_POINT('Origin',(0.,26.446,18.012));
#8012=CARTESIAN_POINT('',(-7.74,26.446,18.012));
#8013=CARTESIAN_POINT('',(-7.74,26.175761018358,16.2183191916692));
#8014=CARTESIAN_POINT('',(7.74,26.446,18.012));
#8015=CARTESIAN_POINT('',(0.,26.446,18.012));
#8016=CARTESIAN_POINT('',(7.74,26.175761018358,16.2183191916692));
#8017=CARTESIAN_POINT('Origin',(0.,28.966,17.622));
#8018=CARTESIAN_POINT('',(-7.74,38.2585572595156,16.1838661384083));
#8019=CARTESIAN_POINT('',(7.74,38.2585572595156,16.1838661384083));
#8020=CARTESIAN_POINT('Origin',(0.,39.364,0.33));
#8021=CARTESIAN_POINT('',(-7.74,39.364,0.33));
#8022=CARTESIAN_POINT('',(-7.74,48.256,13.38));
#8023=CARTESIAN_POINT('',(-7.74,43.1156411105669,5.83595102259306));
#8024=CARTESIAN_POINT('',(7.74,39.364,0.33));
#8025=CARTESIAN_POINT('',(0.,39.364,0.33));
#8026=CARTESIAN_POINT('',(7.74,48.256,13.38));
#8027=CARTESIAN_POINT('',(7.74,43.1156411105669,5.83595102259306));
#8028=CARTESIAN_POINT('',(0.,48.256,13.38));
#8029=CARTESIAN_POINT('Origin',(0.,48.256,13.38));
#8030=CARTESIAN_POINT('',(-7.74,45.424,14.148));
#8031=CARTESIAN_POINT('',(-7.74,47.9450228726251,13.4643327803051));
#8032=CARTESIAN_POINT('',(7.74,45.424,14.148));
#8033=CARTESIAN_POINT('',(7.74,47.9450228726251,13.4643327803051));
#8034=CARTESIAN_POINT('',(0.,45.424,14.148));
#8035=CARTESIAN_POINT('Origin',(0.,45.424,14.148));
#8036=CARTESIAN_POINT('',(-7.74,44.218,14.46));
#8037=CARTESIAN_POINT('',(-7.74,46.5188942831458,13.8647437675444));
#8038=CARTESIAN_POINT('',(7.74,44.218,14.46));
#8039=CARTESIAN_POINT('',(7.74,46.5188942831458,13.8647437675444));
#8040=CARTESIAN_POINT('',(0.,44.218,14.46));
#8041=CARTESIAN_POINT('Origin',(0.,44.218,14.46));
#8042=CARTESIAN_POINT('',(-7.74,41.488,15.126));
#8043=CARTESIAN_POINT('',(-7.74,45.9053974411432,14.0483491956772));
#8044=CARTESIAN_POINT('',(7.74,41.488,15.126));
#8045=CARTESIAN_POINT('',(7.74,45.9053974411432,14.0483491956772));
#8046=CARTESIAN_POINT('',(0.,41.488,15.126));
#8047=CARTESIAN_POINT('Origin',(0.,41.488,15.126));
#8048=CARTESIAN_POINT('',(-7.74,40.288,15.408));
#8049=CARTESIAN_POINT('',(-7.74,44.5363363737591,14.4096409521666));
#8050=CARTESIAN_POINT('',(7.74,40.288,15.408));
#8051=CARTESIAN_POINT('',(7.74,44.5363363737591,14.4096409521666));
#8052=CARTESIAN_POINT('',(0.,40.288,15.408));
#8053=CARTESIAN_POINT('Origin',(0.,31.504,0.33));
#8054=CARTESIAN_POINT('',(-7.74,31.504,0.33));
#8055=CARTESIAN_POINT('',(-7.74,39.256675,0.329999999999999));
#8056=CARTESIAN_POINT('',(7.74,31.504,0.33));
#8057=CARTESIAN_POINT('',(0.,31.504,0.33));
#8058=CARTESIAN_POINT('',(7.74,39.256675,0.329999999999999));
#8059=CARTESIAN_POINT('Origin',(0.,37.648,15.99));
#8060=CARTESIAN_POINT('',(-7.74,37.648,15.99));
#8061=CARTESIAN_POINT('',(-7.74,37.4657432450848,15.5254588571008));
#8062=CARTESIAN_POINT('',(7.74,37.648,15.99));
#8063=CARTESIAN_POINT('',(0.,37.648,15.99));
#8064=CARTESIAN_POINT('',(7.74,37.4657432450848,15.5254588571008));
#8065=CARTESIAN_POINT('Origin',(0.,40.288,15.408));
#8066=CARTESIAN_POINT('',(-7.74,43.9305132186258,14.6049914040757));
#8067=CARTESIAN_POINT('',(7.74,43.9305132186258,14.6049914040757));
#8068=CARTESIAN_POINT('Origin',(0.,51.628,0.33));
#8069=CARTESIAN_POINT('',(-7.74,51.628,0.33));
#8070=CARTESIAN_POINT('',(-7.74,61.084,9.264));
#8071=CARTESIAN_POINT('',(-7.74,53.1322214500764,1.75118384464709));
#8072=CARTESIAN_POINT('',(7.74,51.628,0.33));
#8073=CARTESIAN_POINT('',(0.,51.628,0.33));
#8074=CARTESIAN_POINT('',(7.74,61.084,9.264));
#8075=CARTESIAN_POINT('',(7.74,53.1322214500764,1.75118384464709));
#8076=CARTESIAN_POINT('',(0.,61.084,9.264));
#8077=CARTESIAN_POINT('Origin',(0.,61.084,9.264));
#8078=CARTESIAN_POINT('',(-7.74,57.562,10.5));
#8079=CARTESIAN_POINT('',(-7.74,54.5088308806734,11.5714699124042));
#8080=CARTESIAN_POINT('',(7.74,57.562,10.5));
#8081=CARTESIAN_POINT('',(7.74,54.5088308806734,11.5714699124042));
#8082=CARTESIAN_POINT('',(0.,57.562,10.5));
#8083=CARTESIAN_POINT('Origin',(0.,57.562,10.5));
#8084=CARTESIAN_POINT('',(-7.74,56.818,10.752));
#8085=CARTESIAN_POINT('',(-7.74,52.715499789965,12.1415565227538));
#8086=CARTESIAN_POINT('',(7.74,56.818,10.752));
#8087=CARTESIAN_POINT('',(7.74,52.715499789965,12.1415565227538));
#8088=CARTESIAN_POINT('',(0.,56.818,10.752));
#8089=CARTESIAN_POINT('Origin',(0.,56.818,10.752));
#8090=CARTESIAN_POINT('',(-7.74,53.68,11.772));
#8091=CARTESIAN_POINT('',(-7.74,52.3098480918662,12.2173648649766));
#8092=CARTESIAN_POINT('',(7.74,53.68,11.772));
#8093=CARTESIAN_POINT('',(7.74,52.3098480918662,12.2173648649766));
#8094=CARTESIAN_POINT('',(0.,53.68,11.772));
#8095=CARTESIAN_POINT('Origin',(0.,53.68,11.772));
#8096=CARTESIAN_POINT('',(-7.74,52.45,12.15));
#8097=CARTESIAN_POINT('',(-7.74,50.7064691834805,12.6858167875158));
#8098=CARTESIAN_POINT('',(7.74,52.45,12.15));
#8099=CARTESIAN_POINT('',(7.74,50.7064691834805,12.6858167875158));
#8100=CARTESIAN_POINT('',(0.,52.45,12.15));
#8101=CARTESIAN_POINT('Origin',(0.,40.816,0.33));
#8102=CARTESIAN_POINT('',(-7.74,40.816,0.33));
#8103=CARTESIAN_POINT('',(-7.74,43.912675,0.329999999999999));
#8104=CARTESIAN_POINT('',(7.74,40.816,0.33));
#8105=CARTESIAN_POINT('',(0.,40.816,0.33));
#8106=CARTESIAN_POINT('',(7.74,43.912675,0.329999999999999));
#8107=CARTESIAN_POINT('Origin',(0.,49.474,13.032));
#8108=CARTESIAN_POINT('',(-7.74,49.474,13.032));
#8109=CARTESIAN_POINT('',(-7.74,48.6672668687798,11.8484559675724));
#8110=CARTESIAN_POINT('',(7.74,49.474,13.032));
#8111=CARTESIAN_POINT('',(0.,49.474,13.032));
#8112=CARTESIAN_POINT('',(7.74,48.6672668687798,11.8484559675724));
#8113=CARTESIAN_POINT('Origin',(0.,52.45,12.15));
#8114=CARTESIAN_POINT('',(-7.74,50.07258966539,12.854595401588));
#8115=CARTESIAN_POINT('',(7.74,50.07258966539,12.854595401588));
#8116=CARTESIAN_POINT('Origin',(0.,64.078,0.33));
#8117=CARTESIAN_POINT('',(-7.74,64.078,0.33));
#8118=CARTESIAN_POINT('',(-7.74,81.52,0.33));
#8119=CARTESIAN_POINT('',(-7.74,55.543675,0.329999999999999));
#8120=CARTESIAN_POINT('',(7.74,64.078,0.33));
#8121=CARTESIAN_POINT('',(0.,64.078,0.33));
#8122=CARTESIAN_POINT('',(7.74,81.52,0.33));
#8123=CARTESIAN_POINT('',(7.74,55.543675,0.329999999999999));
#8124=CARTESIAN_POINT('',(0.,81.52,0.33));
#8125=CARTESIAN_POINT('Origin',(0.,81.52,0.33));
#8126=CARTESIAN_POINT('',(-7.74,75.91,3.09));
#8127=CARTESIAN_POINT('',(-7.74,65.4655448593236,8.22844851840766));
#8128=CARTESIAN_POINT('',(7.74,75.91,3.09));
#8129=CARTESIAN_POINT('',(7.74,65.4655448593236,8.22844851840766));
#8130=CARTESIAN_POINT('',(0.,75.91,3.09));
#8131=CARTESIAN_POINT('Origin',(0.,75.91,3.09));
#8132=CARTESIAN_POINT('',(-7.74,75.13,3.456));
#8133=CARTESIAN_POINT('',(-7.74,62.4991341835993,9.38279088308039));
#8134=CARTESIAN_POINT('',(7.74,75.13,3.456));
#8135=CARTESIAN_POINT('',(7.74,62.4991341835993,9.38279088308039));
#8136=CARTESIAN_POINT('',(0.,75.13,3.456));
#8137=CARTESIAN_POINT('Origin',(0.,70.99,5.316));
#8138=CARTESIAN_POINT('',(-7.74,70.99,5.316));
#8139=CARTESIAN_POINT('',(-7.74,64.5100298467783,0.64164653009791));
#8140=CARTESIAN_POINT('',(7.74,70.99,5.316));
#8141=CARTESIAN_POINT('',(0.,70.99,5.316));
#8142=CARTESIAN_POINT('',(7.74,64.5100298467783,0.64164653009791));
#8143=CARTESIAN_POINT('Origin',(0.,75.13,3.456));
#8144=CARTESIAN_POINT('',(-7.74,61.9752202420482,9.36611844197832));
#8145=CARTESIAN_POINT('',(7.74,61.9752202420482,9.36611844197832));
#8146=CARTESIAN_POINT('Origin',(-7.74,47.00935,11.2451));
#8147=CARTESIAN_POINT('',(-7.74,10.,21.2844));
#8148=CARTESIAN_POINT('',(-7.74,10.131,21.9584));
#8149=CARTESIAN_POINT('',(-7.74,10.131,21.9584));
#8150=CARTESIAN_POINT('',(-7.74,10.5048,22.5344));
#8151=CARTESIAN_POINT('',(-7.74,10.5048,22.5344));
#8152=CARTESIAN_POINT('',(-7.74,10.7986,22.7802));
#8153=CARTESIAN_POINT('',(-7.74,10.7986,22.7802));
#8154=CARTESIAN_POINT('',(-7.74,11.1378,22.9582));
#8155=CARTESIAN_POINT('',(-7.74,11.1378,22.9582));
#8156=CARTESIAN_POINT('',(-7.74,11.8128,23.0844));
#8157=CARTESIAN_POINT('',(-7.74,11.8128,23.0844));
#8158=CARTESIAN_POINT('',(-7.74,17.8463,22.6654));
#8159=CARTESIAN_POINT('',(-7.74,17.8463,22.6654));
#8160=CARTESIAN_POINT('',(-7.74,23.7815,22.0094));
#8161=CARTESIAN_POINT('',(-7.74,23.7815,22.0094));
#8162=CARTESIAN_POINT('',(-7.74,29.7619,21.1039));
#8163=CARTESIAN_POINT('',(-7.74,29.7619,21.1039));
#8164=CARTESIAN_POINT('',(-7.74,30.1474,21.0961));
#8165=CARTESIAN_POINT('',(-7.74,30.1474,21.0961));
#8166=CARTESIAN_POINT('',(-7.74,30.599,21.1951));
#8167=CARTESIAN_POINT('',(-7.74,30.599,21.1951));
#8168=CARTESIAN_POINT('',(-7.74,31.0732,21.4511));
#8169=CARTESIAN_POINT('',(-7.74,31.0732,21.4511));
#8170=CARTESIAN_POINT('',(-7.74,32.001,22.487));
#8171=CARTESIAN_POINT('',(-7.74,32.001,22.487));
#8172=CARTESIAN_POINT('',(-7.74,32.7584,22.981));
#8173=CARTESIAN_POINT('',(-7.74,32.7584,22.981));
#8174=CARTESIAN_POINT('',(-7.74,33.2467,23.1539));
#8175=CARTESIAN_POINT('',(-7.74,33.2467,23.1539));
#8176=CARTESIAN_POINT('',(-7.74,33.7575,23.2402));
#8177=CARTESIAN_POINT('',(-7.74,33.7575,23.2402));
#8178=CARTESIAN_POINT('',(-7.74,34.2756,23.2373));
#8179=CARTESIAN_POINT('',(-7.74,34.2756,23.2373));
#8180=CARTESIAN_POINT('',(-7.74,34.7854,23.1454));
#8181=CARTESIAN_POINT('',(-7.74,34.7854,23.1454));
#8182=CARTESIAN_POINT('',(-7.74,35.6125,22.7798));
#8183=CARTESIAN_POINT('',(-7.74,35.6125,22.7798));
#8184=CARTESIAN_POINT('',(-7.74,36.293,22.1844));
#8185=CARTESIAN_POINT('',(-7.74,36.293,22.1844));
#8186=CARTESIAN_POINT('',(-7.74,36.7124,21.5317));
#8187=CARTESIAN_POINT('',(-7.74,36.7124,21.5317));
#8188=CARTESIAN_POINT('',(-7.74,37.0321,20.4955));
#8189=CARTESIAN_POINT('',(-7.74,37.0321,20.4955));
#8190=CARTESIAN_POINT('',(-7.74,37.2037,20.1502));
#8191=CARTESIAN_POINT('',(-7.74,37.2037,20.1502));
#8192=CARTESIAN_POINT('',(-7.74,37.5295,19.7702));
#8193=CARTESIAN_POINT('',(-7.74,37.5295,19.7702));
#8194=CARTESIAN_POINT('',(-7.74,37.9469,19.4939));
#8195=CARTESIAN_POINT('',(-7.74,37.9469,19.4939));
#8196=CARTESIAN_POINT('',(-7.74,44.3015,17.8334));
#8197=CARTESIAN_POINT('',(-7.74,44.3015,17.8334));
#8198=CARTESIAN_POINT('',(-7.74,50.2232,16.0523));
#8199=CARTESIAN_POINT('',(-7.74,50.2232,16.0523));
#8200=CARTESIAN_POINT('',(-7.74,56.0656,14.0262));
#8201=CARTESIAN_POINT('',(-7.74,56.0656,14.0262));
#8202=CARTESIAN_POINT('',(-7.74,61.8185,11.7585));
#8203=CARTESIAN_POINT('',(-7.74,61.8185,11.7585));
#8204=CARTESIAN_POINT('',(-7.74,67.472,9.2532));
#8205=CARTESIAN_POINT('',(-7.74,67.472,9.2532));
#8206=CARTESIAN_POINT('',(-7.74,73.0163,6.5147));
#8207=CARTESIAN_POINT('',(-7.74,73.0163,6.5147));
#8208=CARTESIAN_POINT('',(-7.74,78.4418,3.5477));
#8209=CARTESIAN_POINT('',(-7.74,78.4418,3.5477));
#8210=CARTESIAN_POINT('',(-7.74,83.739,0.357400000000001));
#8211=CARTESIAN_POINT('',(-7.74,83.739,0.3574));
#8212=CARTESIAN_POINT('',(-7.74,83.9476,0.1335));
#8213=CARTESIAN_POINT('',(-7.74,83.9476,0.1335));
#8214=CARTESIAN_POINT('',(-7.74,84.0187,-0.151300000000001));
#8215=CARTESIAN_POINT('',(-7.74,84.0187,-0.1513));
#8216=CARTESIAN_POINT('',(-7.74,83.969,-0.389400000000002));
#8217=CARTESIAN_POINT('',(-7.74,83.969,-0.3894));
#8218=CARTESIAN_POINT('',(-7.74,83.838,-0.579200000000002));
#8219=CARTESIAN_POINT('',(-7.74,83.838,-0.5792));
#8220=CARTESIAN_POINT('',(-7.74,83.6451,-0.7057));
#8221=CARTESIAN_POINT('',(-7.74,83.6451,-0.7057));
#8222=CARTESIAN_POINT('',(-7.74,83.4188,-0.750000000000002));
#8223=CARTESIAN_POINT('',(-7.74,83.4188,-0.75));
#8224=CARTESIAN_POINT('',(-7.74,11.8,-0.750000000000002));
#8225=CARTESIAN_POINT('',(-7.74,11.8,-0.75));
#8226=CARTESIAN_POINT('',(-7.74,11.3341,-0.6887));
#8227=CARTESIAN_POINT('',(-7.74,11.3341,-0.6887));
#8228=CARTESIAN_POINT('',(-7.74,10.8329,-0.468099999999998));
#8229=CARTESIAN_POINT('',(-7.74,10.8329,-0.4681));
#8230=CARTESIAN_POINT('',(-7.74,10.3965,-0.0763999999999987));
#8231=CARTESIAN_POINT('',(-7.74,10.3965,-0.0764));
#8232=CARTESIAN_POINT('',(-7.74,10.1086,0.434399999999999));
#8233=CARTESIAN_POINT('',(-7.74,10.1086,0.4344));
#8234=CARTESIAN_POINT('',(-7.74,10.0017,0.971500000000001));
#8235=CARTESIAN_POINT('',(-7.74,10.0017,0.9715));
#8236=CARTESIAN_POINT('',(-7.74,10.,21.2844));
#8237=CARTESIAN_POINT('Origin',(0.,10.5048,22.5344));
#8238=CARTESIAN_POINT('',(7.74,10.131,21.9584));
#8239=CARTESIAN_POINT('',(0.,10.131,21.9584));
#8240=CARTESIAN_POINT('',(7.74,10.5048,22.5344));
#8241=CARTESIAN_POINT('',(7.74,10.5048,22.5344));
#8242=CARTESIAN_POINT('',(0.,10.5048,22.5344));
#8243=CARTESIAN_POINT('Origin',(0.,10.7986,22.7802));
#8244=CARTESIAN_POINT('',(7.74,10.7986,22.7802));
#8245=CARTESIAN_POINT('',(7.74,10.7986,22.7802));
#8246=CARTESIAN_POINT('',(0.,10.7986,22.7802));
#8247=CARTESIAN_POINT('Origin',(0.,11.1378,22.9582));
#8248=CARTESIAN_POINT('',(7.74,11.1378,22.9582));
#8249=CARTESIAN_POINT('',(7.74,11.1378,22.9582));
#8250=CARTESIAN_POINT('',(0.,11.1378,22.9582));
#8251=CARTESIAN_POINT('Origin',(0.,11.8128,23.0844));
#8252=CARTESIAN_POINT('',(7.74,11.8128,23.0844));
#8253=CARTESIAN_POINT('',(7.74,11.8128,23.0844));
#8254=CARTESIAN_POINT('',(0.,11.8128,23.0844));
#8255=CARTESIAN_POINT('Origin',(0.,17.8463,22.6654));
#8256=CARTESIAN_POINT('',(7.74,17.8463,22.6654));
#8257=CARTESIAN_POINT('',(7.74,17.8463,22.6654));
#8258=CARTESIAN_POINT('',(0.,17.8463,22.6654));
#8259=CARTESIAN_POINT('Origin',(0.,23.7815,22.0094));
#8260=CARTESIAN_POINT('',(7.74,23.7815,22.0094));
#8261=CARTESIAN_POINT('',(7.74,23.7815,22.0094));
#8262=CARTESIAN_POINT('',(0.,23.7815,22.0094));
#8263=CARTESIAN_POINT('Origin',(0.,29.7619,21.1039));
#8264=CARTESIAN_POINT('',(7.74,29.7619,21.1039));
#8265=CARTESIAN_POINT('',(7.74,29.7619,21.1039));
#8266=CARTESIAN_POINT('',(0.,29.7619,21.1039));
#8267=CARTESIAN_POINT('Origin',(0.,30.1474,21.0961));
#8268=CARTESIAN_POINT('',(7.74,30.1474,21.0961));
#8269=CARTESIAN_POINT('',(7.74,30.1474,21.0961));
#8270=CARTESIAN_POINT('',(0.,30.1474,21.0961));
#8271=CARTESIAN_POINT('Origin',(0.,30.599,21.1951));
#8272=CARTESIAN_POINT('',(7.74,30.599,21.1951));
#8273=CARTESIAN_POINT('',(7.74,30.599,21.1951));
#8274=CARTESIAN_POINT('',(0.,30.599,21.1951));
#8275=CARTESIAN_POINT('Origin',(0.,31.0732,21.4511));
#8276=CARTESIAN_POINT('',(7.74,31.0732,21.4511));
#8277=CARTESIAN_POINT('',(7.74,31.0732,21.4511));
#8278=CARTESIAN_POINT('',(0.,31.0732,21.4511));
#8279=CARTESIAN_POINT('Origin',(0.,32.001,22.487));
#8280=CARTESIAN_POINT('',(7.74,32.001,22.487));
#8281=CARTESIAN_POINT('',(7.74,32.001,22.487));
#8282=CARTESIAN_POINT('',(0.,32.001,22.487));
#8283=CARTESIAN_POINT('Origin',(0.,32.7584,22.981));
#8284=CARTESIAN_POINT('',(7.74,32.7584,22.981));
#8285=CARTESIAN_POINT('',(7.74,32.7584,22.981));
#8286=CARTESIAN_POINT('',(0.,32.7584,22.981));
#8287=CARTESIAN_POINT('Origin',(0.,33.2467,23.1539));
#8288=CARTESIAN_POINT('',(7.74,33.2467,23.1539));
#8289=CARTESIAN_POINT('',(7.74,33.2467,23.1539));
#8290=CARTESIAN_POINT('',(0.,33.2467,23.1539));
#8291=CARTESIAN_POINT('Origin',(0.,33.7575,23.2402));
#8292=CARTESIAN_POINT('',(7.74,33.7575,23.2402));
#8293=CARTESIAN_POINT('',(7.74,33.7575,23.2402));
#8294=CARTESIAN_POINT('',(0.,33.7575,23.2402));
#8295=CARTESIAN_POINT('Origin',(0.,34.2756,23.2373));
#8296=CARTESIAN_POINT('',(7.74,34.2756,23.2373));
#8297=CARTESIAN_POINT('',(7.74,34.2756,23.2373));
#8298=CARTESIAN_POINT('',(0.,34.2756,23.2373));
#8299=CARTESIAN_POINT('Origin',(0.,34.7854,23.1454));
#8300=CARTESIAN_POINT('',(7.74,34.7854,23.1454));
#8301=CARTESIAN_POINT('',(7.74,34.7854,23.1454));
#8302=CARTESIAN_POINT('',(0.,34.7854,23.1454));
#8303=CARTESIAN_POINT('Origin',(0.,35.6125,22.7798));
#8304=CARTESIAN_POINT('',(7.74,35.6125,22.7798));
#8305=CARTESIAN_POINT('',(7.74,35.6125,22.7798));
#8306=CARTESIAN_POINT('',(0.,35.6125,22.7798));
#8307=CARTESIAN_POINT('Origin',(0.,36.293,22.1844));
#8308=CARTESIAN_POINT('',(7.74,36.293,22.1844));
#8309=CARTESIAN_POINT('',(7.74,36.293,22.1844));
#8310=CARTESIAN_POINT('',(0.,36.293,22.1844));
#8311=CARTESIAN_POINT('Origin',(0.,36.7124,21.5317));
#8312=CARTESIAN_POINT('',(7.74,36.7124,21.5317));
#8313=CARTESIAN_POINT('',(7.74,36.7124,21.5317));
#8314=CARTESIAN_POINT('',(0.,36.7124,21.5317));
#8315=CARTESIAN_POINT('Origin',(0.,37.0321,20.4955));
#8316=CARTESIAN_POINT('',(7.74,37.0321,20.4955));
#8317=CARTESIAN_POINT('',(7.74,37.0321,20.4955));
#8318=CARTESIAN_POINT('',(0.,37.0321,20.4955));
#8319=CARTESIAN_POINT('Origin',(0.,37.2037,20.1502));
#8320=CARTESIAN_POINT('',(7.74,37.2037,20.1502));
#8321=CARTESIAN_POINT('',(7.74,37.2037,20.1502));
#8322=CARTESIAN_POINT('',(0.,37.2037,20.1502));
#8323=CARTESIAN_POINT('Origin',(0.,37.5295,19.7702));
#8324=CARTESIAN_POINT('',(7.74,37.5295,19.7702));
#8325=CARTESIAN_POINT('',(7.74,37.5295,19.7702));
#8326=CARTESIAN_POINT('',(0.,37.5295,19.7702));
#8327=CARTESIAN_POINT('Origin',(0.,37.9469,19.4939));
#8328=CARTESIAN_POINT('',(7.74,37.9469,19.4939));
#8329=CARTESIAN_POINT('',(7.74,37.9469,19.4939));
#8330=CARTESIAN_POINT('',(0.,37.9469,19.4939));
#8331=CARTESIAN_POINT('Origin',(0.,44.3015,17.8334));
#8332=CARTESIAN_POINT('',(7.74,44.3015,17.8334));
#8333=CARTESIAN_POINT('',(7.74,44.3015,17.8334));
#8334=CARTESIAN_POINT('',(0.,44.3015,17.8334));
#8335=CARTESIAN_POINT('Origin',(0.,50.2232,16.0523));
#8336=CARTESIAN_POINT('',(7.74,50.2232,16.0523));
#8337=CARTESIAN_POINT('',(7.74,50.2232,16.0523));
#8338=CARTESIAN_POINT('',(0.,50.2232,16.0523));
#8339=CARTESIAN_POINT('Origin',(0.,56.0656,14.0262));
#8340=CARTESIAN_POINT('',(7.74,56.0656,14.0262));
#8341=CARTESIAN_POINT('',(7.74,56.0656,14.0262));
#8342=CARTESIAN_POINT('',(0.,56.0656,14.0262));
#8343=CARTESIAN_POINT('Origin',(0.,61.8185,11.7585));
#8344=CARTESIAN_POINT('',(7.74,61.8185,11.7585));
#8345=CARTESIAN_POINT('',(7.74,61.8185,11.7585));
#8346=CARTESIAN_POINT('',(0.,61.8185,11.7585));
#8347=CARTESIAN_POINT('Origin',(0.,67.472,9.2532));
#8348=CARTESIAN_POINT('',(7.74,67.472,9.2532));
#8349=CARTESIAN_POINT('',(7.74,67.472,9.2532));
#8350=CARTESIAN_POINT('',(0.,67.472,9.2532));
#8351=CARTESIAN_POINT('Origin',(0.,73.0163,6.5147));
#8352=CARTESIAN_POINT('',(7.74,73.0163,6.5147));
#8353=CARTESIAN_POINT('',(7.74,73.0163,6.5147));
#8354=CARTESIAN_POINT('',(0.,73.0163,6.5147));
#8355=CARTESIAN_POINT('Origin',(0.,78.4418,3.5477));
#8356=CARTESIAN_POINT('',(7.74,78.4418,3.5477));
#8357=CARTESIAN_POINT('',(7.74,78.4418,3.5477));
#8358=CARTESIAN_POINT('',(0.,78.4418,3.5477));
#8359=CARTESIAN_POINT('Origin',(0.,83.739,0.3574));
#8360=CARTESIAN_POINT('',(7.74,83.739,0.357400000000001));
#8361=CARTESIAN_POINT('',(7.74,83.739,0.3574));
#8362=CARTESIAN_POINT('',(0.,83.739,0.3574));
#8363=CARTESIAN_POINT('Origin',(0.,83.9476,0.1335));
#8364=CARTESIAN_POINT('',(7.74,83.9476,0.1335));
#8365=CARTESIAN_POINT('',(7.74,83.9476,0.1335));
#8366=CARTESIAN_POINT('',(0.,83.9476,0.1335));
#8367=CARTESIAN_POINT('Origin',(0.,84.0187,-0.1513));
#8368=CARTESIAN_POINT('',(7.74,84.0187,-0.151300000000001));
#8369=CARTESIAN_POINT('',(7.74,84.0187,-0.1513));
#8370=CARTESIAN_POINT('',(0.,84.0187,-0.1513));
#8371=CARTESIAN_POINT('Origin',(0.,83.969,-0.3894));
#8372=CARTESIAN_POINT('',(7.74,83.969,-0.389400000000002));
#8373=CARTESIAN_POINT('',(7.74,83.969,-0.3894));
#8374=CARTESIAN_POINT('',(0.,83.969,-0.3894));
#8375=CARTESIAN_POINT('Origin',(0.,83.838,-0.5792));
#8376=CARTESIAN_POINT('',(7.74,83.838,-0.579200000000002));
#8377=CARTESIAN_POINT('',(7.74,83.838,-0.5792));
#8378=CARTESIAN_POINT('',(0.,83.838,-0.5792));
#8379=CARTESIAN_POINT('Origin',(0.,83.6451,-0.7057));
#8380=CARTESIAN_POINT('',(7.74,83.6451,-0.7057));
#8381=CARTESIAN_POINT('',(7.74,83.6451,-0.7057));
#8382=CARTESIAN_POINT('',(0.,83.6451,-0.7057));
#8383=CARTESIAN_POINT('Origin',(0.,83.4188,-0.75));
#8384=CARTESIAN_POINT('',(7.74,83.4188,-0.750000000000002));
#8385=CARTESIAN_POINT('',(7.74,83.4188,-0.75));
#8386=CARTESIAN_POINT('',(0.,83.4188,-0.75));
#8387=CARTESIAN_POINT('Origin',(0.,11.8,-0.75));
#8388=CARTESIAN_POINT('',(7.74,11.8,-0.750000000000002));
#8389=CARTESIAN_POINT('',(7.74,11.8,-0.75));
#8390=CARTESIAN_POINT('',(0.,11.8,-0.75));
#8391=CARTESIAN_POINT('Origin',(0.,11.3341,-0.6887));
#8392=CARTESIAN_POINT('',(7.74,11.3341,-0.6887));
#8393=CARTESIAN_POINT('',(7.74,11.3341,-0.6887));
#8394=CARTESIAN_POINT('',(0.,11.3341,-0.6887));
#8395=CARTESIAN_POINT('Origin',(0.,10.8329,-0.4681));
#8396=CARTESIAN_POINT('',(7.74,10.8329,-0.468099999999998));
#8397=CARTESIAN_POINT('',(7.74,10.8329,-0.4681));
#8398=CARTESIAN_POINT('',(0.,10.8329,-0.4681));
#8399=CARTESIAN_POINT('Origin',(0.,10.3965,-0.0764));
#8400=CARTESIAN_POINT('',(7.74,10.3965,-0.0763999999999987));
#8401=CARTESIAN_POINT('',(7.74,10.3965,-0.0764));
#8402=CARTESIAN_POINT('',(0.,10.3965,-0.0764));
#8403=CARTESIAN_POINT('Origin',(0.,10.1086,0.4344));
#8404=CARTESIAN_POINT('',(7.74,10.1086,0.434399999999999));
#8405=CARTESIAN_POINT('',(7.74,10.1086,0.4344));
#8406=CARTESIAN_POINT('',(0.,10.1086,0.4344));
#8407=CARTESIAN_POINT('Origin',(0.,10.0017,0.9715));
#8408=CARTESIAN_POINT('',(7.74,10.0017,0.971500000000001));
#8409=CARTESIAN_POINT('',(7.74,10.0017,0.9715));
#8410=CARTESIAN_POINT('',(0.,10.0017,0.9715));
#8411=CARTESIAN_POINT('Origin',(0.,10.,21.2844));
#8412=CARTESIAN_POINT('',(7.74,10.,21.2844));
#8413=CARTESIAN_POINT('',(7.74,10.,21.2844));
#8414=CARTESIAN_POINT('',(0.,10.,21.2844));
#8415=CARTESIAN_POINT('Origin',(0.,10.131,21.9584));
#8416=CARTESIAN_POINT('',(7.74,10.131,21.9584));
#8417=CARTESIAN_POINT('Origin',(7.74,47.00935,11.2451));
#8418=CARTESIAN_POINT('',(0.,0.,0.));
#8419=CARTESIAN_POINT('Origin',(11.4,14.8186533479473,5.4));
#8420=CARTESIAN_POINT('',(11.4,14.8186533479473,5.4));
#8421=CARTESIAN_POINT('',(11.4,16.6373066958946,2.25));
#8422=CARTESIAN_POINT('',(11.4,14.046979128115,6.7365789556407));
#8423=CARTESIAN_POINT('',(8.9,14.8186533479473,5.4));
#8424=CARTESIAN_POINT('',(11.4,14.8186533479473,5.4));
#8425=CARTESIAN_POINT('',(8.9,16.6373066958946,2.25));
#8426=CARTESIAN_POINT('',(8.9,16.6373066958946,2.25));
#8427=CARTESIAN_POINT('',(11.4,16.6373066958946,2.25));
#8428=CARTESIAN_POINT('Origin',(11.4,11.1813466520527,5.4));
#8429=CARTESIAN_POINT('',(11.4,11.1813466520527,5.4));
#8430=CARTESIAN_POINT('',(11.4,15.7156733260263,5.4));
#8431=CARTESIAN_POINT('',(8.9,11.1813466520527,5.4));
#8432=CARTESIAN_POINT('',(11.4,11.1813466520527,5.4));
#8433=CARTESIAN_POINT('',(8.9,14.8186533479473,5.4));
#8434=CARTESIAN_POINT('Origin',(11.4,9.36269330410536,2.25));
#8435=CARTESIAN_POINT('',(11.4,9.36269330410536,2.25));
#8436=CARTESIAN_POINT('',(11.4,12.8561941979114,8.3009210443593));
#8437=CARTESIAN_POINT('',(8.9,9.36269330410536,2.25));
#8438=CARTESIAN_POINT('',(11.4,9.36269330410536,2.25));
#8439=CARTESIAN_POINT('',(8.9,11.1813466520527,5.4));
#8440=CARTESIAN_POINT('Origin',(11.4,11.1813466520527,-0.899999999999999));
#8441=CARTESIAN_POINT('',(11.4,11.1813466520527,-0.899999999999999));
#8442=CARTESIAN_POINT('',(11.4,9.50034575824666,2.01157895564071));
#8443=CARTESIAN_POINT('',(8.9,11.1813466520527,-0.899999999999999));
#8444=CARTESIAN_POINT('',(11.4,11.1813466520527,-0.899999999999999));
#8445=CARTESIAN_POINT('',(8.9,9.36269330410536,2.25));
#8446=CARTESIAN_POINT('Origin',(11.4,14.8186533479473,-0.9));
#8447=CARTESIAN_POINT('',(11.4,14.8186533479473,-0.9));
#8448=CARTESIAN_POINT('',(11.4,17.5343266739737,-0.900000000000002));
#8449=CARTESIAN_POINT('',(8.9,14.8186533479473,-0.9));
#8450=CARTESIAN_POINT('',(11.4,14.8186533479473,-0.9));
#8451=CARTESIAN_POINT('',(8.9,11.1813466520527,-0.899999999999999));
#8452=CARTESIAN_POINT('Origin',(11.4,16.6373066958946,2.25));
#8453=CARTESIAN_POINT('',(11.4,19.221480915727,6.72592104435929));
#8454=CARTESIAN_POINT('',(8.9,14.8186533479473,-0.9));
#8455=CARTESIAN_POINT('Origin',(8.9,13.,2.25));
#8456=CARTESIAN_POINT('',(8.9,13.,4.05));
#8457=CARTESIAN_POINT('Origin',(8.9,13.,2.25));
#8458=CARTESIAN_POINT('Origin',(11.4,14.8186533479473,23.4));
#8459=CARTESIAN_POINT('',(11.4,14.8186533479473,23.4));
#8460=CARTESIAN_POINT('',(11.4,16.6373066958946,20.25));
#8461=CARTESIAN_POINT('',(11.4,17.9440934451449,17.9865789556407));
#8462=CARTESIAN_POINT('',(8.9,14.8186533479473,23.4));
#8463=CARTESIAN_POINT('',(11.4,14.8186533479473,23.4));
#8464=CARTESIAN_POINT('',(8.9,16.6373066958946,20.25));
#8465=CARTESIAN_POINT('',(8.9,16.6373066958946,20.25));
#8466=CARTESIAN_POINT('',(11.4,16.6373066958946,20.25));
#8467=CARTESIAN_POINT('Origin',(11.4,11.1813466520527,23.4));
#8468=CARTESIAN_POINT('',(11.4,11.1813466520527,23.4));
#8469=CARTESIAN_POINT('',(11.4,15.7156733260263,23.4));
#8470=CARTESIAN_POINT('',(8.9,11.1813466520527,23.4));
#8471=CARTESIAN_POINT('',(11.4,11.1813466520527,23.4));
#8472=CARTESIAN_POINT('',(8.9,14.8186533479473,23.4));
#8473=CARTESIAN_POINT('Origin',(11.4,9.36269330410536,20.25));
#8474=CARTESIAN_POINT('',(11.4,9.36269330410536,20.25));
#8475=CARTESIAN_POINT('',(11.4,8.95907988088139,19.5509210443593));
#8476=CARTESIAN_POINT('',(8.9,9.36269330410536,20.25));
#8477=CARTESIAN_POINT('',(11.4,9.36269330410536,20.25));
#8478=CARTESIAN_POINT('',(8.9,11.1813466520527,23.4));
#8479=CARTESIAN_POINT('Origin',(11.4,11.1813466520527,17.1));
#8480=CARTESIAN_POINT('',(11.4,11.1813466520527,17.1));
#8481=CARTESIAN_POINT('',(11.4,13.3974600752766,13.2615789556407));
#8482=CARTESIAN_POINT('',(8.9,11.1813466520527,17.1));
#8483=CARTESIAN_POINT('',(11.4,11.1813466520527,17.1));
#8484=CARTESIAN_POINT('',(8.9,9.36269330410536,20.25));
#8485=CARTESIAN_POINT('Origin',(11.4,14.8186533479473,17.1));
#8486=CARTESIAN_POINT('',(11.4,14.8186533479473,17.1));
#8487=CARTESIAN_POINT('',(11.4,17.5343266739737,17.1));
#8488=CARTESIAN_POINT('',(8.9,14.8186533479473,17.1));
#8489=CARTESIAN_POINT('',(11.4,14.8186533479473,17.1));
#8490=CARTESIAN_POINT('',(8.9,11.1813466520527,17.1));
#8491=CARTESIAN_POINT('Origin',(11.4,16.6373066958946,20.25));
#8492=CARTESIAN_POINT('',(11.4,15.324366598697,17.9759210443593));
#8493=CARTESIAN_POINT('',(8.9,14.8186533479473,17.1));
#8494=CARTESIAN_POINT('Origin',(8.9,13.,20.25));
#8495=CARTESIAN_POINT('',(8.9,13.,22.05));
#8496=CARTESIAN_POINT('Origin',(8.9,13.,20.25));
#8497=CARTESIAN_POINT('Origin',(11.4,35.8186533479473,23.4));
#8498=CARTESIAN_POINT('',(11.4,35.8186533479473,23.4));
#8499=CARTESIAN_POINT('',(11.4,37.6373066958946,20.25));
#8500=CARTESIAN_POINT('',(11.4,36.3190934451449,22.533212325509));
#8501=CARTESIAN_POINT('',(8.9,35.8186533479473,23.4));
#8502=CARTESIAN_POINT('',(11.4,35.8186533479473,23.4));
#8503=CARTESIAN_POINT('',(8.9,37.6373066958946,20.25));
#8504=CARTESIAN_POINT('',(8.9,37.6373066958946,20.25));
#8505=CARTESIAN_POINT('',(11.4,37.6373066958946,20.25));
#8506=CARTESIAN_POINT('Origin',(11.4,32.1813466520527,23.4));
#8507=CARTESIAN_POINT('',(11.4,32.1813466520527,23.4));
#8508=CARTESIAN_POINT('',(11.4,26.2156733260263,23.4));
#8509=CARTESIAN_POINT('',(8.9,32.1813466520527,23.4));
#8510=CARTESIAN_POINT('',(11.4,32.1813466520527,23.4));
#8511=CARTESIAN_POINT('',(8.9,35.8186533479473,23.4));
#8512=CARTESIAN_POINT('Origin',(11.4,30.3626933041054,20.25));
#8513=CARTESIAN_POINT('',(11.4,30.3626933041054,20.25));
#8514=CARTESIAN_POINT('',(11.4,27.3340798808814,15.004287674491));
#8515=CARTESIAN_POINT('',(8.9,30.3626933041054,20.25));
#8516=CARTESIAN_POINT('',(11.4,30.3626933041054,20.25));
#8517=CARTESIAN_POINT('',(8.9,32.1813466520527,23.4));
#8518=CARTESIAN_POINT('Origin',(11.4,32.1813466520527,17.1));
#8519=CARTESIAN_POINT('',(11.4,32.1813466520527,17.1));
#8520=CARTESIAN_POINT('',(11.4,31.7724600752766,17.808212325509));
#8521=CARTESIAN_POINT('',(8.9,32.1813466520527,17.1));
#8522=CARTESIAN_POINT('',(11.4,32.1813466520527,17.1));
#8523=CARTESIAN_POINT('',(8.9,30.3626933041054,20.25));
#8524=CARTESIAN_POINT('Origin',(11.4,35.8186533479473,17.1));
#8525=CARTESIAN_POINT('',(11.4,35.8186533479473,17.1));
#8526=CARTESIAN_POINT('',(11.4,28.0343266739737,17.1));
#8527=CARTESIAN_POINT('',(8.9,35.8186533479473,17.1));
#8528=CARTESIAN_POINT('',(11.4,35.8186533479473,17.1));
#8529=CARTESIAN_POINT('',(8.9,32.1813466520527,17.1));
#8530=CARTESIAN_POINT('Origin',(11.4,37.6373066958946,20.25));
#8531=CARTESIAN_POINT('',(11.4,33.699366598697,13.429287674491));
#8532=CARTESIAN_POINT('',(8.9,35.8186533479473,17.1));
#8533=CARTESIAN_POINT('Origin',(8.9,34.,20.25));
#8534=CARTESIAN_POINT('',(8.9,34.,22.05));
#8535=CARTESIAN_POINT('Origin',(8.9,34.,20.25));
#8536=CARTESIAN_POINT('Origin',(-11.4,13.,2.25));
#8537=CARTESIAN_POINT('',(-11.4,13.,5.5));
#8538=CARTESIAN_POINT('Origin',(-11.4,13.,2.25));
#8539=CARTESIAN_POINT('',(-9.,13.,5.5));
#8540=CARTESIAN_POINT('',(-11.4,13.,5.5));
#8541=CARTESIAN_POINT('Origin',(-9.,13.,2.25));
#8542=CARTESIAN_POINT('Origin',(-9.,13.,2.25));
#8543=CARTESIAN_POINT('',(-9.,13.,4.05));
#8544=CARTESIAN_POINT('Origin',(-9.,13.,2.25));
#8545=CARTESIAN_POINT('Origin',(-11.4,13.,20.25));
#8546=CARTESIAN_POINT('',(-11.4,13.,23.5));
#8547=CARTESIAN_POINT('Origin',(-11.4,13.,20.25));
#8548=CARTESIAN_POINT('',(-9.,13.,23.5));
#8549=CARTESIAN_POINT('',(-11.4,13.,23.5));
#8550=CARTESIAN_POINT('Origin',(-9.,13.,20.25));
#8551=CARTESIAN_POINT('Origin',(-9.,13.,20.25));
#8552=CARTESIAN_POINT('',(-9.,13.,22.05));
#8553=CARTESIAN_POINT('Origin',(-9.,13.,20.25));
#8554=CARTESIAN_POINT('Origin',(-11.4,34.,20.25));
#8555=CARTESIAN_POINT('',(-11.4,34.,23.5));
#8556=CARTESIAN_POINT('Origin',(-11.4,34.,20.25));
#8557=CARTESIAN_POINT('',(-9.,34.,23.5));
#8558=CARTESIAN_POINT('',(-11.4,34.,23.5));
#8559=CARTESIAN_POINT('Origin',(-9.,34.,20.25));
#8560=CARTESIAN_POINT('Origin',(-9.,34.,20.25));
#8561=CARTESIAN_POINT('',(-9.,34.,22.05));
#8562=CARTESIAN_POINT('Origin',(-9.,34.,20.25));
#8563=CARTESIAN_POINT('Origin',(0.,13.,2.25));
#8564=CARTESIAN_POINT('',(-7.94,13.,4.05));
#8565=CARTESIAN_POINT('',(0.,13.,4.05));
#8566=CARTESIAN_POINT('Origin',(-7.94,13.,2.25));
#8567=CARTESIAN_POINT('Origin',(0.,13.,2.25));
#8568=CARTESIAN_POINT('',(7.94,13.,4.05));
#8569=CARTESIAN_POINT('Origin',(7.94,13.,2.25));
#8570=CARTESIAN_POINT('',(0.,13.,4.05));
#8571=CARTESIAN_POINT('Origin',(0.,13.,20.25));
#8572=CARTESIAN_POINT('',(-7.94,13.,22.05));
#8573=CARTESIAN_POINT('',(0.,13.,22.05));
#8574=CARTESIAN_POINT('Origin',(-7.94,13.,20.25));
#8575=CARTESIAN_POINT('Origin',(0.,13.,20.25));
#8576=CARTESIAN_POINT('',(7.94,13.,22.05));
#8577=CARTESIAN_POINT('Origin',(7.94,13.,20.25));
#8578=CARTESIAN_POINT('',(0.,13.,22.05));
#8579=CARTESIAN_POINT('Origin',(0.,34.,20.25));
#8580=CARTESIAN_POINT('',(-7.94,34.,22.05));
#8581=CARTESIAN_POINT('',(0.,34.,22.05));
#8582=CARTESIAN_POINT('Origin',(-7.94,34.,20.25));
#8583=CARTESIAN_POINT('Origin',(0.,34.,20.25));
#8584=CARTESIAN_POINT('',(7.94,34.,22.05));
#8585=CARTESIAN_POINT('Origin',(7.94,34.,20.25));
#8586=CARTESIAN_POINT('',(0.,34.,22.05));
#8587=CARTESIAN_POINT('Origin',(0.,4.,12.36));
#8588=CARTESIAN_POINT('',(-4.6,4.,12.36));
#8589=CARTESIAN_POINT('Origin',(0.,4.,12.36));
#8590=CARTESIAN_POINT('',(-4.6,10.,12.36));
#8591=CARTESIAN_POINT('',(-4.6,4.,12.36));
#8592=CARTESIAN_POINT('Origin',(0.,10.,12.36));
#8593=CARTESIAN_POINT('Origin',(0.,4.,12.36));
#8594=CARTESIAN_POINT('',(-2.65,4.,12.36));
#8595=CARTESIAN_POINT('Origin',(0.,4.,12.36));
#8596=CARTESIAN_POINT('Origin',(-4.5,0.,12.36));
#8597=CARTESIAN_POINT('',(-5.5,0.,12.36));
#8598=CARTESIAN_POINT('Origin',(-4.5,0.,12.36));
#8599=CARTESIAN_POINT('',(-5.5,2.5,12.36));
#8600=CARTESIAN_POINT('',(-5.5,0.,12.36));
#8601=CARTESIAN_POINT('Origin',(-4.5,2.5,12.36));
#8602=CARTESIAN_POINT('Origin',(-4.5,2.5,12.36));
#8603=CARTESIAN_POINT('Origin',(4.5,0.,12.36));
#8604=CARTESIAN_POINT('',(3.5,0.,12.36));
#8605=CARTESIAN_POINT('Origin',(4.5,0.,12.36));
#8606=CARTESIAN_POINT('',(3.5,2.5,12.36));
#8607=CARTESIAN_POINT('',(3.5,0.,12.36));
#8608=CARTESIAN_POINT('Origin',(4.5,2.5,12.36));
#8609=CARTESIAN_POINT('Origin',(4.5,2.5,12.36));
#8610=CARTESIAN_POINT('Origin',(0.,0.,12.36));
#8611=CARTESIAN_POINT('',(-2.65,0.,12.36));
#8612=CARTESIAN_POINT('Origin',(0.,0.,12.36));
#8613=CARTESIAN_POINT('',(-2.65,0.,12.36));
#8614=CARTESIAN_POINT('Origin',(7.94,10.,0.));
#8615=CARTESIAN_POINT('',(7.94,10.,-1.5));
#8616=CARTESIAN_POINT('',(7.94,17.,-1.5));
#8617=CARTESIAN_POINT('',(7.94,5.,-1.5));
#8618=CARTESIAN_POINT('',(7.94,10.,25.7));
#8619=CARTESIAN_POINT('',(7.94,10.,0.));
#8620=CARTESIAN_POINT('',(7.94,40.5,25.7));
#8621=CARTESIAN_POINT('',(7.94,25.25,25.7));
#8622=CARTESIAN_POINT('',(7.94,40.5,17.5));
#8623=CARTESIAN_POINT('',(7.94,40.5,8.75));
#8624=CARTESIAN_POINT('',(7.94,15.2502053107035,-2.91472762113332));
#8625=CARTESIAN_POINT('Origin',(-7.94,10.,0.));
#8626=CARTESIAN_POINT('',(-7.94,10.,-1.5));
#8627=CARTESIAN_POINT('',(-3.97,10.,-1.5));
#8628=CARTESIAN_POINT('',(-7.94,10.,25.7));
#8629=CARTESIAN_POINT('',(-7.94,10.,0.));
#8630=CARTESIAN_POINT('',(-3.97,10.,25.7));
#8631=CARTESIAN_POINT('Origin',(-7.94,100.,0.));
#8632=CARTESIAN_POINT('',(-7.94,17.,-1.5));
#8633=CARTESIAN_POINT('',(-7.94,50.,-1.5));
#8634=CARTESIAN_POINT('',(-7.94,40.5,17.5));
#8635=CARTESIAN_POINT('',(-7.94,42.4620859567479,19.0863673692855));
#8636=CARTESIAN_POINT('',(-7.94,40.5,25.7));
#8637=CARTESIAN_POINT('',(-7.94,40.5,8.75));
#8638=CARTESIAN_POINT('',(-7.94,70.25,25.7));
#8639=CARTESIAN_POINT('Origin',(0.,0.,-1.5));
#8640=CARTESIAN_POINT('',(11.4,17.,-1.5));
#8641=CARTESIAN_POINT('',(0.,17.,-1.5));
#8642=CARTESIAN_POINT('',(11.4,0.,-1.5));
#8643=CARTESIAN_POINT('',(11.4,17.,-1.5));
#8644=CARTESIAN_POINT('',(-11.4,0.,-1.5));
#8645=CARTESIAN_POINT('',(0.,0.,-1.5));
#8646=CARTESIAN_POINT('',(-11.4,17.,-1.5));
#8647=CARTESIAN_POINT('',(-11.4,17.,-1.5));
#8648=CARTESIAN_POINT('',(0.,17.,-1.5));
#8649=CARTESIAN_POINT('Origin',(0.,17.,-1.5));
#8650=CARTESIAN_POINT('',(11.4,40.5,17.5));
#8651=CARTESIAN_POINT('',(0.,40.5,17.5));
#8652=CARTESIAN_POINT('',(11.4,40.5,17.5));
#8653=CARTESIAN_POINT('Origin',(0.,40.5,17.5));
#8654=CARTESIAN_POINT('',(11.4,40.5,25.7));
#8655=CARTESIAN_POINT('',(0.,40.5,25.7));
#8656=CARTESIAN_POINT('',(11.4,40.5,25.7));
#8657=CARTESIAN_POINT('Origin',(-11.4,20.25,12.1));
#8658=CARTESIAN_POINT('',(-11.4,40.5,17.5));
#8659=CARTESIAN_POINT('',(-11.4,40.5,17.5));
#8660=CARTESIAN_POINT('',(-11.4,0.,25.7));
#8661=CARTESIAN_POINT('',(-11.4,0.,-1.5));
#8662=CARTESIAN_POINT('',(-11.4,40.5,25.7));
#8663=CARTESIAN_POINT('',(-11.4,0.,25.7));
#8664=CARTESIAN_POINT('',(-11.4,40.5,25.7));
#8665=CARTESIAN_POINT('Origin',(0.,0.,25.7));
#8666=CARTESIAN_POINT('',(11.4,0.,25.7));
#8667=CARTESIAN_POINT('',(11.4,0.,-1.5));
#8668=CARTESIAN_POINT('',(0.,0.,25.7));
#8669=CARTESIAN_POINT('Origin',(0.,40.5,25.7));
#8670=CARTESIAN_POINT('',(0.,40.5,25.7));
#8671=CARTESIAN_POINT('',(11.4,0.,25.7));
#8672=CARTESIAN_POINT('Origin',(0.,40.5,17.5));
#8673=CARTESIAN_POINT('',(0.,40.5,17.5));
#8674=CARTESIAN_POINT('Origin',(0.,17.,-1.5));
#8675=CARTESIAN_POINT('Origin',(11.4,20.25,12.1));
#8676=CARTESIAN_POINT('Origin',(0.,13.,2.25));
#8677=CARTESIAN_POINT('',(-7.74,13.,4.25));
#8678=CARTESIAN_POINT('Origin',(-7.74,13.,2.25));
#8679=CARTESIAN_POINT('',(7.74,13.,4.25));
#8680=CARTESIAN_POINT('',(0.,13.,4.25));
#8681=CARTESIAN_POINT('Origin',(7.74,13.,2.25));
#8682=CARTESIAN_POINT('Origin',(0.,13.,20.25));
#8683=CARTESIAN_POINT('',(-7.74,13.,22.25));
#8684=CARTESIAN_POINT('Origin',(-7.74,13.,20.25));
#8685=CARTESIAN_POINT('',(7.74,13.,22.25));
#8686=CARTESIAN_POINT('',(0.,13.,22.25));
#8687=CARTESIAN_POINT('Origin',(7.74,13.,20.25));
#8688=CARTESIAN_POINT('Origin',(0.,34.,20.25));
#8689=CARTESIAN_POINT('',(-7.74,34.,22.25));
#8690=CARTESIAN_POINT('Origin',(-7.74,34.,20.25));
#8691=CARTESIAN_POINT('',(7.74,34.,22.25));
#8692=CARTESIAN_POINT('',(0.,34.,22.25));
#8693=CARTESIAN_POINT('Origin',(7.74,34.,20.25));
#8694=CARTESIAN_POINT('Origin',(0.,52.678,0.33));
#8695=CARTESIAN_POINT('',(-7.74,52.678,0.33));
#8696=CARTESIAN_POINT('',(-7.74,62.842,0.33));
#8697=CARTESIAN_POINT('',(-7.74,49.843675,0.329999999999999));
#8698=CARTESIAN_POINT('',(7.74,52.678,0.33));
#8699=CARTESIAN_POINT('',(0.,52.678,0.33));
#8700=CARTESIAN_POINT('',(7.74,62.842,0.33));
#8701=CARTESIAN_POINT('',(7.74,49.843675,0.329999999999999));
#8702=CARTESIAN_POINT('',(0.,62.842,0.33));
#8703=CARTESIAN_POINT('Origin',(0.,62.842,0.33));
#8704=CARTESIAN_POINT('',(-7.74,70.222,5.646));
#8705=CARTESIAN_POINT('',(-7.74,60.2182610433631,-1.55994529721972));
#8706=CARTESIAN_POINT('',(7.74,70.222,5.646));
#8707=CARTESIAN_POINT('',(7.74,60.2182610433631,-1.55994529721972));
#8708=CARTESIAN_POINT('',(0.,70.222,5.646));
#8709=CARTESIAN_POINT('Origin',(0.,70.222,5.646));
#8710=CARTESIAN_POINT('',(-7.74,66.31,7.266));
#8711=CARTESIAN_POINT('',(-7.74,59.3250434197316,10.1585433691296));
#8712=CARTESIAN_POINT('',(7.74,66.31,7.266));
#8713=CARTESIAN_POINT('',(7.74,59.3250434197316,10.1585433691296));
#8714=CARTESIAN_POINT('',(0.,66.31,7.266));
#8715=CARTESIAN_POINT('Origin',(0.,66.31,7.266));
#8716=CARTESIAN_POINT('',(-7.74,65.548,7.572));
#8717=CARTESIAN_POINT('',(-7.74,57.3117935250934,10.8794529938601));
#8718=CARTESIAN_POINT('',(7.74,65.548,7.572));
#8719=CARTESIAN_POINT('',(7.74,57.3117935250934,10.8794529938601));
#8720=CARTESIAN_POINT('',(0.,65.548,7.572));
#8721=CARTESIAN_POINT('Origin',(0.,61.84,8.982));
#8722=CARTESIAN_POINT('',(-7.74,61.84,8.982));
#8723=CARTESIAN_POINT('',(-7.74,58.4850650826847,5.81381653518753));
#8724=CARTESIAN_POINT('',(7.74,61.84,8.982));
#8725=CARTESIAN_POINT('',(0.,61.84,8.982));
#8726=CARTESIAN_POINT('',(7.74,58.4850650826847,5.81381653518753));
#8727=CARTESIAN_POINT('Origin',(0.,65.548,7.572));
#8728=CARTESIAN_POINT('',(-7.74,56.8395279737572,10.8834739905616));
#8729=CARTESIAN_POINT('',(7.74,56.8395279737572,10.8834739905616));
#8730=CARTESIAN_POINT('Origin',(0.,25.258,18.18));
#8731=CARTESIAN_POINT('',(-7.74,25.258,18.18));
#8732=CARTESIAN_POINT('',(-7.74,22.738,18.516));
#8733=CARTESIAN_POINT('',(-7.74,36.3979579694323,16.6946722707424));
#8734=CARTESIAN_POINT('',(7.74,25.258,18.18));
#8735=CARTESIAN_POINT('',(0.,25.258,18.18));
#8736=CARTESIAN_POINT('',(7.74,22.738,18.516));
#8737=CARTESIAN_POINT('',(7.74,36.3979579694323,16.6946722707424));
#8738=CARTESIAN_POINT('',(0.,22.738,18.516));
#8739=CARTESIAN_POINT('Origin',(0.,22.738,18.516));
#8740=CARTESIAN_POINT('',(-7.74,21.544,18.66));
#8741=CARTESIAN_POINT('',(-7.74,35.1318515786395,17.0212641312193));
#8742=CARTESIAN_POINT('',(7.74,21.544,18.66));
#8743=CARTESIAN_POINT('',(7.74,35.1318515786395,17.0212641312193));
#8744=CARTESIAN_POINT('',(0.,21.544,18.66));
#8745=CARTESIAN_POINT('Origin',(0.,21.544,18.66));
#8746=CARTESIAN_POINT('',(-7.74,19.,18.942));
#8747=CARTESIAN_POINT('',(-7.74,34.5281000324203,17.2207247605572));
#8748=CARTESIAN_POINT('',(7.74,19.,18.942));
#8749=CARTESIAN_POINT('',(7.74,34.5281000324203,17.2207247605572));
#8750=CARTESIAN_POINT('',(0.,19.,18.942));
#8751=CARTESIAN_POINT('Origin',(0.,19.,18.942));
#8752=CARTESIAN_POINT('',(-7.74,17.8,19.062));
#8753=CARTESIAN_POINT('',(-7.74,33.2470495049505,17.5172950495049));
#8754=CARTESIAN_POINT('',(7.74,17.8,19.062));
#8755=CARTESIAN_POINT('',(7.74,33.2470495049505,17.5172950495049));
#8756=CARTESIAN_POINT('',(0.,17.8,19.062));
#8757=CARTESIAN_POINT('Origin',(0.,17.8,19.062));
#8758=CARTESIAN_POINT('',(-7.74,16.,19.23));
#8759=CARTESIAN_POINT('',(-7.74,32.6401891302432,17.6769156811773));
#8760=CARTESIAN_POINT('',(7.74,16.,19.23));
#8761=CARTESIAN_POINT('',(7.74,32.6401891302432,17.6769156811773));
#8762=CARTESIAN_POINT('',(0.,16.,19.23));
#8763=CARTESIAN_POINT('Origin',(0.,22.564,0.33));
#8764=CARTESIAN_POINT('',(-7.74,22.564,0.33));
#8765=CARTESIAN_POINT('',(-7.74,23.6415429550615,7.46962202963945));
#8766=CARTESIAN_POINT('',(7.74,22.564,0.33));
#8767=CARTESIAN_POINT('',(0.,22.564,0.33));
#8768=CARTESIAN_POINT('',(7.74,23.6415429550615,7.46962202963945));
#8769=CARTESIAN_POINT('Origin',(0.,16.,0.33));
#8770=CARTESIAN_POINT('',(-7.74,16.,0.33));
#8771=CARTESIAN_POINT('',(-7.74,31.504675,0.329999999999999));
#8772=CARTESIAN_POINT('',(7.74,16.,0.33));
#8773=CARTESIAN_POINT('',(0.,16.,0.33));
#8774=CARTESIAN_POINT('',(7.74,31.504675,0.329999999999999));
#8775=CARTESIAN_POINT('Origin',(0.,16.,19.23));
#8776=CARTESIAN_POINT('',(-7.74,16.,15.23755));
#8777=CARTESIAN_POINT('',(7.74,16.,15.23755));
#8778=CARTESIAN_POINT('Origin',(0.,30.214,0.33));
#8779=CARTESIAN_POINT('',(-7.74,30.214,0.33));
#8780=CARTESIAN_POINT('',(-7.74,36.46,16.242));
#8781=CARTESIAN_POINT('',(-7.74,33.1914391915364,7.91517649947608));
#8782=CARTESIAN_POINT('',(7.74,30.214,0.33));
#8783=CARTESIAN_POINT('',(0.,30.214,0.33));
#8784=CARTESIAN_POINT('',(7.74,36.46,16.242));
#8785=CARTESIAN_POINT('',(7.74,33.1914391915364,7.91517649947608));
#8786=CARTESIAN_POINT('',(0.,36.46,16.242));
#8787=CARTESIAN_POINT('Origin',(0.,36.46,16.242));
#8788=CARTESIAN_POINT('',(-7.74,33.88,16.758));
#8789=CARTESIAN_POINT('',(-7.74,42.0122740384615,15.1315451923077));
#8790=CARTESIAN_POINT('',(7.74,33.88,16.758));
#8791=CARTESIAN_POINT('',(7.74,42.0122740384615,15.1315451923077));
#8792=CARTESIAN_POINT('',(0.,33.88,16.758));
#8793=CARTESIAN_POINT('Origin',(0.,33.88,16.758));
#8794=CARTESIAN_POINT('',(-7.74,32.692,16.98));
#8795=CARTESIAN_POINT('',(-7.74,40.7208860917359,15.4796525990191));
#8796=CARTESIAN_POINT('',(7.74,32.692,16.98));
#8797=CARTESIAN_POINT('',(7.74,40.7208860917359,15.4796525990191));
#8798=CARTESIAN_POINT('',(0.,32.692,16.98));
#8799=CARTESIAN_POINT('Origin',(0.,32.692,16.98));
#8800=CARTESIAN_POINT('',(-7.74,30.154,17.424));
#8801=CARTESIAN_POINT('',(-7.74,40.1248325098289,15.6796936034815));
#8802=CARTESIAN_POINT('',(7.74,30.154,17.424));
#8803=CARTESIAN_POINT('',(7.74,40.1248325098289,15.6796936034815));
#8804=CARTESIAN_POINT('',(0.,30.154,17.424));
#8805=CARTESIAN_POINT('Origin',(0.,30.154,17.424));
#8806=CARTESIAN_POINT('',(-7.74,28.966,17.622));
#8807=CARTESIAN_POINT('',(-7.74,38.8548918918919,15.9738513513514));
#8808=CARTESIAN_POINT('',(7.74,28.966,17.622));
#8809=CARTESIAN_POINT('',(7.74,38.8548918918919,15.9738513513514));
#8810=CARTESIAN_POINT('',(0.,28.966,17.622));
#8811=CARTESIAN_POINT('Origin',(0.,23.782,0.33));
#8812=CARTESIAN_POINT('',(-7.74,23.782,0.33));
#8813=CARTESIAN_POINT('',(-7.74,35.395675,0.329999999999999));
#8814=CARTESIAN_POINT('',(7.74,23.782,0.33));
#8815=CARTESIAN_POINT('',(0.,23.782,0.33));
#8816=CARTESIAN_POINT('',(7.74,35.395675,0.329999999999999));
#8817=CARTESIAN_POINT('Origin',(0.,26.446,18.012));
#8818=CARTESIAN_POINT('',(-7.74,26.446,18.012));
#8819=CARTESIAN_POINT('',(-7.74,26.175761018358,16.2183191916692));
#8820=CARTESIAN_POINT('',(7.74,26.446,18.012));
#8821=CARTESIAN_POINT('',(0.,26.446,18.012));
#8822=CARTESIAN_POINT('',(7.74,26.175761018358,16.2183191916692));
#8823=CARTESIAN_POINT('Origin',(0.,28.966,17.622));
#8824=CARTESIAN_POINT('',(-7.74,38.2585572595156,16.1838661384083));
#8825=CARTESIAN_POINT('',(7.74,38.2585572595156,16.1838661384083));
#8826=CARTESIAN_POINT('Origin',(0.,39.364,0.33));
#8827=CARTESIAN_POINT('',(-7.74,39.364,0.33));
#8828=CARTESIAN_POINT('',(-7.74,48.256,13.38));
#8829=CARTESIAN_POINT('',(-7.74,43.1156411105669,5.83595102259306));
#8830=CARTESIAN_POINT('',(7.74,39.364,0.33));
#8831=CARTESIAN_POINT('',(0.,39.364,0.33));
#8832=CARTESIAN_POINT('',(7.74,48.256,13.38));
#8833=CARTESIAN_POINT('',(7.74,43.1156411105669,5.83595102259306));
#8834=CARTESIAN_POINT('',(0.,48.256,13.38));
#8835=CARTESIAN_POINT('Origin',(0.,48.256,13.38));
#8836=CARTESIAN_POINT('',(-7.74,45.424,14.148));
#8837=CARTESIAN_POINT('',(-7.74,47.9450228726251,13.4643327803051));
#8838=CARTESIAN_POINT('',(7.74,45.424,14.148));
#8839=CARTESIAN_POINT('',(7.74,47.9450228726251,13.4643327803051));
#8840=CARTESIAN_POINT('',(0.,45.424,14.148));
#8841=CARTESIAN_POINT('Origin',(0.,45.424,14.148));
#8842=CARTESIAN_POINT('',(-7.74,44.218,14.46));
#8843=CARTESIAN_POINT('',(-7.74,46.5188942831458,13.8647437675444));
#8844=CARTESIAN_POINT('',(7.74,44.218,14.46));
#8845=CARTESIAN_POINT('',(7.74,46.5188942831458,13.8647437675444));
#8846=CARTESIAN_POINT('',(0.,44.218,14.46));
#8847=CARTESIAN_POINT('Origin',(0.,44.218,14.46));
#8848=CARTESIAN_POINT('',(-7.74,41.488,15.126));
#8849=CARTESIAN_POINT('',(-7.74,45.9053974411432,14.0483491956772));
#8850=CARTESIAN_POINT('',(7.74,41.488,15.126));
#8851=CARTESIAN_POINT('',(7.74,45.9053974411432,14.0483491956772));
#8852=CARTESIAN_POINT('',(0.,41.488,15.126));
#8853=CARTESIAN_POINT('Origin',(0.,41.488,15.126));
#8854=CARTESIAN_POINT('',(-7.74,40.288,15.408));
#8855=CARTESIAN_POINT('',(-7.74,44.5363363737591,14.4096409521666));
#8856=CARTESIAN_POINT('',(7.74,40.288,15.408));
#8857=CARTESIAN_POINT('',(7.74,44.5363363737591,14.4096409521666));
#8858=CARTESIAN_POINT('',(0.,40.288,15.408));
#8859=CARTESIAN_POINT('Origin',(0.,31.504,0.33));
#8860=CARTESIAN_POINT('',(-7.74,31.504,0.33));
#8861=CARTESIAN_POINT('',(-7.74,39.256675,0.329999999999999));
#8862=CARTESIAN_POINT('',(7.74,31.504,0.33));
#8863=CARTESIAN_POINT('',(0.,31.504,0.33));
#8864=CARTESIAN_POINT('',(7.74,39.256675,0.329999999999999));
#8865=CARTESIAN_POINT('Origin',(0.,37.648,15.99));
#8866=CARTESIAN_POINT('',(-7.74,37.648,15.99));
#8867=CARTESIAN_POINT('',(-7.74,37.4657432450848,15.5254588571008));
#8868=CARTESIAN_POINT('',(7.74,37.648,15.99));
#8869=CARTESIAN_POINT('',(0.,37.648,15.99));
#8870=CARTESIAN_POINT('',(7.74,37.4657432450848,15.5254588571008));
#8871=CARTESIAN_POINT('Origin',(0.,40.288,15.408));
#8872=CARTESIAN_POINT('',(-7.74,43.9305132186258,14.6049914040757));
#8873=CARTESIAN_POINT('',(7.74,43.9305132186258,14.6049914040757));
#8874=CARTESIAN_POINT('Origin',(0.,51.628,0.33));
#8875=CARTESIAN_POINT('',(-7.74,51.628,0.33));
#8876=CARTESIAN_POINT('',(-7.74,61.084,9.264));
#8877=CARTESIAN_POINT('',(-7.74,53.1322214500764,1.75118384464709));
#8878=CARTESIAN_POINT('',(7.74,51.628,0.33));
#8879=CARTESIAN_POINT('',(0.,51.628,0.33));
#8880=CARTESIAN_POINT('',(7.74,61.084,9.264));
#8881=CARTESIAN_POINT('',(7.74,53.1322214500764,1.75118384464709));
#8882=CARTESIAN_POINT('',(0.,61.084,9.264));
#8883=CARTESIAN_POINT('Origin',(0.,61.084,9.264));
#8884=CARTESIAN_POINT('',(-7.74,57.562,10.5));
#8885=CARTESIAN_POINT('',(-7.74,54.5088308806734,11.5714699124042));
#8886=CARTESIAN_POINT('',(7.74,57.562,10.5));
#8887=CARTESIAN_POINT('',(7.74,54.5088308806734,11.5714699124042));
#8888=CARTESIAN_POINT('',(0.,57.562,10.5));
#8889=CARTESIAN_POINT('Origin',(0.,57.562,10.5));
#8890=CARTESIAN_POINT('',(-7.74,56.818,10.752));
#8891=CARTESIAN_POINT('',(-7.74,52.715499789965,12.1415565227538));
#8892=CARTESIAN_POINT('',(7.74,56.818,10.752));
#8893=CARTESIAN_POINT('',(7.74,52.715499789965,12.1415565227538));
#8894=CARTESIAN_POINT('',(0.,56.818,10.752));
#8895=CARTESIAN_POINT('Origin',(0.,56.818,10.752));
#8896=CARTESIAN_POINT('',(-7.74,53.68,11.772));
#8897=CARTESIAN_POINT('',(-7.74,52.3098480918662,12.2173648649766));
#8898=CARTESIAN_POINT('',(7.74,53.68,11.772));
#8899=CARTESIAN_POINT('',(7.74,52.3098480918662,12.2173648649766));
#8900=CARTESIAN_POINT('',(0.,53.68,11.772));
#8901=CARTESIAN_POINT('Origin',(0.,53.68,11.772));
#8902=CARTESIAN_POINT('',(-7.74,52.45,12.15));
#8903=CARTESIAN_POINT('',(-7.74,50.7064691834805,12.6858167875158));
#8904=CARTESIAN_POINT('',(7.74,52.45,12.15));
#8905=CARTESIAN_POINT('',(7.74,50.7064691834805,12.6858167875158));
#8906=CARTESIAN_POINT('',(0.,52.45,12.15));
#8907=CARTESIAN_POINT('Origin',(0.,40.816,0.33));
#8908=CARTESIAN_POINT('',(-7.74,40.816,0.33));
#8909=CARTESIAN_POINT('',(-7.74,43.912675,0.329999999999999));
#8910=CARTESIAN_POINT('',(7.74,40.816,0.33));
#8911=CARTESIAN_POINT('',(0.,40.816,0.33));
#8912=CARTESIAN_POINT('',(7.74,43.912675,0.329999999999999));
#8913=CARTESIAN_POINT('Origin',(0.,49.474,13.032));
#8914=CARTESIAN_POINT('',(-7.74,49.474,13.032));
#8915=CARTESIAN_POINT('',(-7.74,48.6672668687798,11.8484559675724));
#8916=CARTESIAN_POINT('',(7.74,49.474,13.032));
#8917=CARTESIAN_POINT('',(0.,49.474,13.032));
#8918=CARTESIAN_POINT('',(7.74,48.6672668687798,11.8484559675724));
#8919=CARTESIAN_POINT('Origin',(0.,52.45,12.15));
#8920=CARTESIAN_POINT('',(-7.74,50.07258966539,12.854595401588));
#8921=CARTESIAN_POINT('',(7.74,50.07258966539,12.854595401588));
#8922=CARTESIAN_POINT('Origin',(0.,64.078,0.33));
#8923=CARTESIAN_POINT('',(-7.74,64.078,0.33));
#8924=CARTESIAN_POINT('',(-7.74,81.52,0.33));
#8925=CARTESIAN_POINT('',(-7.74,55.543675,0.329999999999999));
#8926=CARTESIAN_POINT('',(7.74,64.078,0.33));
#8927=CARTESIAN_POINT('',(0.,64.078,0.33));
#8928=CARTESIAN_POINT('',(7.74,81.52,0.33));
#8929=CARTESIAN_POINT('',(7.74,55.543675,0.329999999999999));
#8930=CARTESIAN_POINT('',(0.,81.52,0.33));
#8931=CARTESIAN_POINT('Origin',(0.,81.52,0.33));
#8932=CARTESIAN_POINT('',(-7.74,75.91,3.09));
#8933=CARTESIAN_POINT('',(-7.74,65.4655448593236,8.22844851840766));
#8934=CARTESIAN_POINT('',(7.74,75.91,3.09));
#8935=CARTESIAN_POINT('',(7.74,65.4655448593236,8.22844851840766));
#8936=CARTESIAN_POINT('',(0.,75.91,3.09));
#8937=CARTESIAN_POINT('Origin',(0.,75.91,3.09));
#8938=CARTESIAN_POINT('',(-7.74,75.13,3.456));
#8939=CARTESIAN_POINT('',(-7.74,62.4991341835993,9.38279088308039));
#8940=CARTESIAN_POINT('',(7.74,75.13,3.456));
#8941=CARTESIAN_POINT('',(7.74,62.4991341835993,9.38279088308039));
#8942=CARTESIAN_POINT('',(0.,75.13,3.456));
#8943=CARTESIAN_POINT('Origin',(0.,70.99,5.316));
#8944=CARTESIAN_POINT('',(-7.74,70.99,5.316));
#8945=CARTESIAN_POINT('',(-7.74,64.5100298467783,0.64164653009791));
#8946=CARTESIAN_POINT('',(7.74,70.99,5.316));
#8947=CARTESIAN_POINT('',(0.,70.99,5.316));
#8948=CARTESIAN_POINT('',(7.74,64.5100298467783,0.64164653009791));
#8949=CARTESIAN_POINT('Origin',(0.,75.13,3.456));
#8950=CARTESIAN_POINT('',(-7.74,61.9752202420482,9.36611844197832));
#8951=CARTESIAN_POINT('',(7.74,61.9752202420482,9.36611844197832));
#8952=CARTESIAN_POINT('Origin',(-7.74,47.00935,11.2451));
#8953=CARTESIAN_POINT('',(-7.74,10.,21.2844));
#8954=CARTESIAN_POINT('',(-7.74,10.131,21.9584));
#8955=CARTESIAN_POINT('',(-7.74,10.131,21.9584));
#8956=CARTESIAN_POINT('',(-7.74,10.5048,22.5344));
#8957=CARTESIAN_POINT('',(-7.74,10.5048,22.5344));
#8958=CARTESIAN_POINT('',(-7.74,10.7986,22.7802));
#8959=CARTESIAN_POINT('',(-7.74,10.7986,22.7802));
#8960=CARTESIAN_POINT('',(-7.74,11.1378,22.9582));
#8961=CARTESIAN_POINT('',(-7.74,11.1378,22.9582));
#8962=CARTESIAN_POINT('',(-7.74,11.8128,23.0844));
#8963=CARTESIAN_POINT('',(-7.74,11.8128,23.0844));
#8964=CARTESIAN_POINT('',(-7.74,17.8463,22.6654));
#8965=CARTESIAN_POINT('',(-7.74,17.8463,22.6654));
#8966=CARTESIAN_POINT('',(-7.74,23.7815,22.0094));
#8967=CARTESIAN_POINT('',(-7.74,23.7815,22.0094));
#8968=CARTESIAN_POINT('',(-7.74,29.7619,21.1039));
#8969=CARTESIAN_POINT('',(-7.74,29.7619,21.1039));
#8970=CARTESIAN_POINT('',(-7.74,30.1474,21.0961));
#8971=CARTESIAN_POINT('',(-7.74,30.1474,21.0961));
#8972=CARTESIAN_POINT('',(-7.74,30.599,21.1951));
#8973=CARTESIAN_POINT('',(-7.74,30.599,21.1951));
#8974=CARTESIAN_POINT('',(-7.74,31.0732,21.4511));
#8975=CARTESIAN_POINT('',(-7.74,31.0732,21.4511));
#8976=CARTESIAN_POINT('',(-7.74,32.001,22.487));
#8977=CARTESIAN_POINT('',(-7.74,32.001,22.487));
#8978=CARTESIAN_POINT('',(-7.74,32.7584,22.981));
#8979=CARTESIAN_POINT('',(-7.74,32.7584,22.981));
#8980=CARTESIAN_POINT('',(-7.74,33.2467,23.1539));
#8981=CARTESIAN_POINT('',(-7.74,33.2467,23.1539));
#8982=CARTESIAN_POINT('',(-7.74,33.7575,23.2402));
#8983=CARTESIAN_POINT('',(-7.74,33.7575,23.2402));
#8984=CARTESIAN_POINT('',(-7.74,34.2756,23.2373));
#8985=CARTESIAN_POINT('',(-7.74,34.2756,23.2373));
#8986=CARTESIAN_POINT('',(-7.74,34.7854,23.1454));
#8987=CARTESIAN_POINT('',(-7.74,34.7854,23.1454));
#8988=CARTESIAN_POINT('',(-7.74,35.6125,22.7798));
#8989=CARTESIAN_POINT('',(-7.74,35.6125,22.7798));
#8990=CARTESIAN_POINT('',(-7.74,36.293,22.1844));
#8991=CARTESIAN_POINT('',(-7.74,36.293,22.1844));
#8992=CARTESIAN_POINT('',(-7.74,36.7124,21.5317));
#8993=CARTESIAN_POINT('',(-7.74,36.7124,21.5317));
#8994=CARTESIAN_POINT('',(-7.74,37.0321,20.4955));
#8995=CARTESIAN_POINT('',(-7.74,37.0321,20.4955));
#8996=CARTESIAN_POINT('',(-7.74,37.2037,20.1502));
#8997=CARTESIAN_POINT('',(-7.74,37.2037,20.1502));
#8998=CARTESIAN_POINT('',(-7.74,37.5295,19.7702));
#8999=CARTESIAN_POINT('',(-7.74,37.5295,19.7702));
#9000=CARTESIAN_POINT('',(-7.74,37.9469,19.4939));
#9001=CARTESIAN_POINT('',(-7.74,37.9469,19.4939));
#9002=CARTESIAN_POINT('',(-7.74,44.3015,17.8334));
#9003=CARTESIAN_POINT('',(-7.74,44.3015,17.8334));
#9004=CARTESIAN_POINT('',(-7.74,50.2232,16.0523));
#9005=CARTESIAN_POINT('',(-7.74,50.2232,16.0523));
#9006=CARTESIAN_POINT('',(-7.74,56.0656,14.0262));
#9007=CARTESIAN_POINT('',(-7.74,56.0656,14.0262));
#9008=CARTESIAN_POINT('',(-7.74,61.8185,11.7585));
#9009=CARTESIAN_POINT('',(-7.74,61.8185,11.7585));
#9010=CARTESIAN_POINT('',(-7.74,67.472,9.2532));
#9011=CARTESIAN_POINT('',(-7.74,67.472,9.2532));
#9012=CARTESIAN_POINT('',(-7.74,73.0163,6.5147));
#9013=CARTESIAN_POINT('',(-7.74,73.0163,6.5147));
#9014=CARTESIAN_POINT('',(-7.74,78.4418,3.5477));
#9015=CARTESIAN_POINT('',(-7.74,78.4418,3.5477));
#9016=CARTESIAN_POINT('',(-7.74,83.739,0.357400000000001));
#9017=CARTESIAN_POINT('',(-7.74,83.739,0.3574));
#9018=CARTESIAN_POINT('',(-7.74,83.9476,0.1335));
#9019=CARTESIAN_POINT('',(-7.74,83.9476,0.1335));
#9020=CARTESIAN_POINT('',(-7.74,84.0187,-0.151300000000001));
#9021=CARTESIAN_POINT('',(-7.74,84.0187,-0.1513));
#9022=CARTESIAN_POINT('',(-7.74,83.969,-0.389400000000002));
#9023=CARTESIAN_POINT('',(-7.74,83.969,-0.3894));
#9024=CARTESIAN_POINT('',(-7.74,83.838,-0.579200000000002));
#9025=CARTESIAN_POINT('',(-7.74,83.838,-0.5792));
#9026=CARTESIAN_POINT('',(-7.74,83.6451,-0.7057));
#9027=CARTESIAN_POINT('',(-7.74,83.6451,-0.7057));
#9028=CARTESIAN_POINT('',(-7.74,83.4188,-0.750000000000002));
#9029=CARTESIAN_POINT('',(-7.74,83.4188,-0.75));
#9030=CARTESIAN_POINT('',(-7.74,11.8,-0.750000000000002));
#9031=CARTESIAN_POINT('',(-7.74,11.8,-0.75));
#9032=CARTESIAN_POINT('',(-7.74,11.3341,-0.6887));
#9033=CARTESIAN_POINT('',(-7.74,11.3341,-0.6887));
#9034=CARTESIAN_POINT('',(-7.74,10.8329,-0.468099999999998));
#9035=CARTESIAN_POINT('',(-7.74,10.8329,-0.4681));
#9036=CARTESIAN_POINT('',(-7.74,10.3965,-0.0763999999999987));
#9037=CARTESIAN_POINT('',(-7.74,10.3965,-0.0764));
#9038=CARTESIAN_POINT('',(-7.74,10.1086,0.434399999999999));
#9039=CARTESIAN_POINT('',(-7.74,10.1086,0.4344));
#9040=CARTESIAN_POINT('',(-7.74,10.0017,0.971500000000001));
#9041=CARTESIAN_POINT('',(-7.74,10.0017,0.9715));
#9042=CARTESIAN_POINT('',(-7.74,10.,21.2844));
#9043=CARTESIAN_POINT('Origin',(0.,10.5048,22.5344));
#9044=CARTESIAN_POINT('',(7.74,10.131,21.9584));
#9045=CARTESIAN_POINT('',(0.,10.131,21.9584));
#9046=CARTESIAN_POINT('',(7.74,10.5048,22.5344));
#9047=CARTESIAN_POINT('',(7.74,10.5048,22.5344));
#9048=CARTESIAN_POINT('',(0.,10.5048,22.5344));
#9049=CARTESIAN_POINT('Origin',(0.,10.7986,22.7802));
#9050=CARTESIAN_POINT('',(7.74,10.7986,22.7802));
#9051=CARTESIAN_POINT('',(7.74,10.7986,22.7802));
#9052=CARTESIAN_POINT('',(0.,10.7986,22.7802));
#9053=CARTESIAN_POINT('Origin',(0.,11.1378,22.9582));
#9054=CARTESIAN_POINT('',(7.74,11.1378,22.9582));
#9055=CARTESIAN_POINT('',(7.74,11.1378,22.9582));
#9056=CARTESIAN_POINT('',(0.,11.1378,22.9582));
#9057=CARTESIAN_POINT('Origin',(0.,11.8128,23.0844));
#9058=CARTESIAN_POINT('',(7.74,11.8128,23.0844));
#9059=CARTESIAN_POINT('',(7.74,11.8128,23.0844));
#9060=CARTESIAN_POINT('',(0.,11.8128,23.0844));
#9061=CARTESIAN_POINT('Origin',(0.,17.8463,22.6654));
#9062=CARTESIAN_POINT('',(7.74,17.8463,22.6654));
#9063=CARTESIAN_POINT('',(7.74,17.8463,22.6654));
#9064=CARTESIAN_POINT('',(0.,17.8463,22.6654));
#9065=CARTESIAN_POINT('Origin',(0.,23.7815,22.0094));
#9066=CARTESIAN_POINT('',(7.74,23.7815,22.0094));
#9067=CARTESIAN_POINT('',(7.74,23.7815,22.0094));
#9068=CARTESIAN_POINT('',(0.,23.7815,22.0094));
#9069=CARTESIAN_POINT('Origin',(0.,29.7619,21.1039));
#9070=CARTESIAN_POINT('',(7.74,29.7619,21.1039));
#9071=CARTESIAN_POINT('',(7.74,29.7619,21.1039));
#9072=CARTESIAN_POINT('',(0.,29.7619,21.1039));
#9073=CARTESIAN_POINT('Origin',(0.,30.1474,21.0961));
#9074=CARTESIAN_POINT('',(7.74,30.1474,21.0961));
#9075=CARTESIAN_POINT('',(7.74,30.1474,21.0961));
#9076=CARTESIAN_POINT('',(0.,30.1474,21.0961));
#9077=CARTESIAN_POINT('Origin',(0.,30.599,21.1951));
#9078=CARTESIAN_POINT('',(7.74,30.599,21.1951));
#9079=CARTESIAN_POINT('',(7.74,30.599,21.1951));
#9080=CARTESIAN_POINT('',(0.,30.599,21.1951));
#9081=CARTESIAN_POINT('Origin',(0.,31.0732,21.4511));
#9082=CARTESIAN_POINT('',(7.74,31.0732,21.4511));
#9083=CARTESIAN_POINT('',(7.74,31.0732,21.4511));
#9084=CARTESIAN_POINT('',(0.,31.0732,21.4511));
#9085=CARTESIAN_POINT('Origin',(0.,32.001,22.487));
#9086=CARTESIAN_POINT('',(7.74,32.001,22.487));
#9087=CARTESIAN_POINT('',(7.74,32.001,22.487));
#9088=CARTESIAN_POINT('',(0.,32.001,22.487));
#9089=CARTESIAN_POINT('Origin',(0.,32.7584,22.981));
#9090=CARTESIAN_POINT('',(7.74,32.7584,22.981));
#9091=CARTESIAN_POINT('',(7.74,32.7584,22.981));
#9092=CARTESIAN_POINT('',(0.,32.7584,22.981));
#9093=CARTESIAN_POINT('Origin',(0.,33.2467,23.1539));
#9094=CARTESIAN_POINT('',(7.74,33.2467,23.1539));
#9095=CARTESIAN_POINT('',(7.74,33.2467,23.1539));
#9096=CARTESIAN_POINT('',(0.,33.2467,23.1539));
#9097=CARTESIAN_POINT('Origin',(0.,33.7575,23.2402));
#9098=CARTESIAN_POINT('',(7.74,33.7575,23.2402));
#9099=CARTESIAN_POINT('',(7.74,33.7575,23.2402));
#9100=CARTESIAN_POINT('',(0.,33.7575,23.2402));
#9101=CARTESIAN_POINT('Origin',(0.,34.2756,23.2373));
#9102=CARTESIAN_POINT('',(7.74,34.2756,23.2373));
#9103=CARTESIAN_POINT('',(7.74,34.2756,23.2373));
#9104=CARTESIAN_POINT('',(0.,34.2756,23.2373));
#9105=CARTESIAN_POINT('Origin',(0.,34.7854,23.1454));
#9106=CARTESIAN_POINT('',(7.74,34.7854,23.1454));
#9107=CARTESIAN_POINT('',(7.74,34.7854,23.1454));
#9108=CARTESIAN_POINT('',(0.,34.7854,23.1454));
#9109=CARTESIAN_POINT('Origin',(0.,35.6125,22.7798));
#9110=CARTESIAN_POINT('',(7.74,35.6125,22.7798));
#9111=CARTESIAN_POINT('',(7.74,35.6125,22.7798));
#9112=CARTESIAN_POINT('',(0.,35.6125,22.7798));
#9113=CARTESIAN_POINT('Origin',(0.,36.293,22.1844));
#9114=CARTESIAN_POINT('',(7.74,36.293,22.1844));
#9115=CARTESIAN_POINT('',(7.74,36.293,22.1844));
#9116=CARTESIAN_POINT('',(0.,36.293,22.1844));
#9117=CARTESIAN_POINT('Origin',(0.,36.7124,21.5317));
#9118=CARTESIAN_POINT('',(7.74,36.7124,21.5317));
#9119=CARTESIAN_POINT('',(7.74,36.7124,21.5317));
#9120=CARTESIAN_POINT('',(0.,36.7124,21.5317));
#9121=CARTESIAN_POINT('Origin',(0.,37.0321,20.4955));
#9122=CARTESIAN_POINT('',(7.74,37.0321,20.4955));
#9123=CARTESIAN_POINT('',(7.74,37.0321,20.4955));
#9124=CARTESIAN_POINT('',(0.,37.0321,20.4955));
#9125=CARTESIAN_POINT('Origin',(0.,37.2037,20.1502));
#9126=CARTESIAN_POINT('',(7.74,37.2037,20.1502));
#9127=CARTESIAN_POINT('',(7.74,37.2037,20.1502));
#9128=CARTESIAN_POINT('',(0.,37.2037,20.1502));
#9129=CARTESIAN_POINT('Origin',(0.,37.5295,19.7702));
#9130=CARTESIAN_POINT('',(7.74,37.5295,19.7702));
#9131=CARTESIAN_POINT('',(7.74,37.5295,19.7702));
#9132=CARTESIAN_POINT('',(0.,37.5295,19.7702));
#9133=CARTESIAN_POINT('Origin',(0.,37.9469,19.4939));
#9134=CARTESIAN_POINT('',(7.74,37.9469,19.4939));
#9135=CARTESIAN_POINT('',(7.74,37.9469,19.4939));
#9136=CARTESIAN_POINT('',(0.,37.9469,19.4939));
#9137=CARTESIAN_POINT('Origin',(0.,44.3015,17.8334));
#9138=CARTESIAN_POINT('',(7.74,44.3015,17.8334));
#9139=CARTESIAN_POINT('',(7.74,44.3015,17.8334));
#9140=CARTESIAN_POINT('',(0.,44.3015,17.8334));
#9141=CARTESIAN_POINT('Origin',(0.,50.2232,16.0523));
#9142=CARTESIAN_POINT('',(7.74,50.2232,16.0523));
#9143=CARTESIAN_POINT('',(7.74,50.2232,16.0523));
#9144=CARTESIAN_POINT('',(0.,50.2232,16.0523));
#9145=CARTESIAN_POINT('Origin',(0.,56.0656,14.0262));
#9146=CARTESIAN_POINT('',(7.74,56.0656,14.0262));
#9147=CARTESIAN_POINT('',(7.74,56.0656,14.0262));
#9148=CARTESIAN_POINT('',(0.,56.0656,14.0262));
#9149=CARTESIAN_POINT('Origin',(0.,61.8185,11.7585));
#9150=CARTESIAN_POINT('',(7.74,61.8185,11.7585));
#9151=CARTESIAN_POINT('',(7.74,61.8185,11.7585));
#9152=CARTESIAN_POINT('',(0.,61.8185,11.7585));
#9153=CARTESIAN_POINT('Origin',(0.,67.472,9.2532));
#9154=CARTESIAN_POINT('',(7.74,67.472,9.2532));
#9155=CARTESIAN_POINT('',(7.74,67.472,9.2532));
#9156=CARTESIAN_POINT('',(0.,67.472,9.2532));
#9157=CARTESIAN_POINT('Origin',(0.,73.0163,6.5147));
#9158=CARTESIAN_POINT('',(7.74,73.0163,6.5147));
#9159=CARTESIAN_POINT('',(7.74,73.0163,6.5147));
#9160=CARTESIAN_POINT('',(0.,73.0163,6.5147));
#9161=CARTESIAN_POINT('Origin',(0.,78.4418,3.5477));
#9162=CARTESIAN_POINT('',(7.74,78.4418,3.5477));
#9163=CARTESIAN_POINT('',(7.74,78.4418,3.5477));
#9164=CARTESIAN_POINT('',(0.,78.4418,3.5477));
#9165=CARTESIAN_POINT('Origin',(0.,83.739,0.3574));
#9166=CARTESIAN_POINT('',(7.74,83.739,0.357400000000001));
#9167=CARTESIAN_POINT('',(7.74,83.739,0.3574));
#9168=CARTESIAN_POINT('',(0.,83.739,0.3574));
#9169=CARTESIAN_POINT('Origin',(0.,83.9476,0.1335));
#9170=CARTESIAN_POINT('',(7.74,83.9476,0.1335));
#9171=CARTESIAN_POINT('',(7.74,83.9476,0.1335));
#9172=CARTESIAN_POINT('',(0.,83.9476,0.1335));
#9173=CARTESIAN_POINT('Origin',(0.,84.0187,-0.1513));
#9174=CARTESIAN_POINT('',(7.74,84.0187,-0.151300000000001));
#9175=CARTESIAN_POINT('',(7.74,84.0187,-0.1513));
#9176=CARTESIAN_POINT('',(0.,84.0187,-0.1513));
#9177=CARTESIAN_POINT('Origin',(0.,83.969,-0.3894));
#9178=CARTESIAN_POINT('',(7.74,83.969,-0.389400000000002));
#9179=CARTESIAN_POINT('',(7.74,83.969,-0.3894));
#9180=CARTESIAN_POINT('',(0.,83.969,-0.3894));
#9181=CARTESIAN_POINT('Origin',(0.,83.838,-0.5792));
#9182=CARTESIAN_POINT('',(7.74,83.838,-0.579200000000002));
#9183=CARTESIAN_POINT('',(7.74,83.838,-0.5792));
#9184=CARTESIAN_POINT('',(0.,83.838,-0.5792));
#9185=CARTESIAN_POINT('Origin',(0.,83.6451,-0.7057));
#9186=CARTESIAN_POINT('',(7.74,83.6451,-0.7057));
#9187=CARTESIAN_POINT('',(7.74,83.6451,-0.7057));
#9188=CARTESIAN_POINT('',(0.,83.6451,-0.7057));
#9189=CARTESIAN_POINT('Origin',(0.,83.4188,-0.75));
#9190=CARTESIAN_POINT('',(7.74,83.4188,-0.750000000000002));
#9191=CARTESIAN_POINT('',(7.74,83.4188,-0.75));
#9192=CARTESIAN_POINT('',(0.,83.4188,-0.75));
#9193=CARTESIAN_POINT('Origin',(0.,11.8,-0.75));
#9194=CARTESIAN_POINT('',(7.74,11.8,-0.750000000000002));
#9195=CARTESIAN_POINT('',(7.74,11.8,-0.75));
#9196=CARTESIAN_POINT('',(0.,11.8,-0.75));
#9197=CARTESIAN_POINT('Origin',(0.,11.3341,-0.6887));
#9198=CARTESIAN_POINT('',(7.74,11.3341,-0.6887));
#9199=CARTESIAN_POINT('',(7.74,11.3341,-0.6887));
#9200=CARTESIAN_POINT('',(0.,11.3341,-0.6887));
#9201=CARTESIAN_POINT('Origin',(0.,10.8329,-0.4681));
#9202=CARTESIAN_POINT('',(7.74,10.8329,-0.468099999999998));
#9203=CARTESIAN_POINT('',(7.74,10.8329,-0.4681));
#9204=CARTESIAN_POINT('',(0.,10.8329,-0.4681));
#9205=CARTESIAN_POINT('Origin',(0.,10.3965,-0.0764));
#9206=CARTESIAN_POINT('',(7.74,10.3965,-0.0763999999999987));
#9207=CARTESIAN_POINT('',(7.74,10.3965,-0.0764));
#9208=CARTESIAN_POINT('',(0.,10.3965,-0.0764));
#9209=CARTESIAN_POINT('Origin',(0.,10.1086,0.4344));
#9210=CARTESIAN_POINT('',(7.74,10.1086,0.434399999999999));
#9211=CARTESIAN_POINT('',(7.74,10.1086,0.4344));
#9212=CARTESIAN_POINT('',(0.,10.1086,0.4344));
#9213=CARTESIAN_POINT('Origin',(0.,10.0017,0.9715));
#9214=CARTESIAN_POINT('',(7.74,10.0017,0.971500000000001));
#9215=CARTESIAN_POINT('',(7.74,10.0017,0.9715));
#9216=CARTESIAN_POINT('',(0.,10.0017,0.9715));
#9217=CARTESIAN_POINT('Origin',(0.,10.,21.2844));
#9218=CARTESIAN_POINT('',(7.74,10.,21.2844));
#9219=CARTESIAN_POINT('',(7.74,10.,21.2844));
#9220=CARTESIAN_POINT('',(0.,10.,21.2844));
#9221=CARTESIAN_POINT('Origin',(0.,10.131,21.9584));
#9222=CARTESIAN_POINT('',(7.74,10.131,21.9584));
#9223=CARTESIAN_POINT('Origin',(7.74,47.00935,11.2451));
#9224=CARTESIAN_POINT('',(-1.5,124.82,0.));
#9225=CARTESIAN_POINT('',(1.5,124.82,0.));
#9226=UNCERTAINTY_MEASURE_WITH_UNIT(LENGTH_MEASURE(0.01),#9234,
'DISTANCE_ACCURACY_VALUE',
'Maximum model space distance between geometric entities at asserted c
onnectivities');
#9227=UNCERTAINTY_MEASURE_WITH_UNIT(LENGTH_MEASURE(0.01),#9234,
'DISTANCE_ACCURACY_VALUE',
'Maximum model space distance between geometric entities at asserted c
onnectivities');
#9228=UNCERTAINTY_MEASURE_WITH_UNIT(LENGTH_MEASURE(0.01),#9234,
'DISTANCE_ACCURACY_VALUE',
'Maximum model space distance between geometric entities at asserted c
onnectivities');
#9229=UNCERTAINTY_MEASURE_WITH_UNIT(LENGTH_MEASURE(0.01),#9234,
'DISTANCE_ACCURACY_VALUE',
'Maximum model space distance between geometric entities at asserted c
onnectivities');
#9230=(
GEOMETRIC_REPRESENTATION_CONTEXT(3)
GLOBAL_UNCERTAINTY_ASSIGNED_CONTEXT((#9226))
GLOBAL_UNIT_ASSIGNED_CONTEXT((#9234,#9236,#9237))
REPRESENTATION_CONTEXT('','3D')
);
#9231=(
GEOMETRIC_REPRESENTATION_CONTEXT(3)
GLOBAL_UNCERTAINTY_ASSIGNED_CONTEXT((#9227))
GLOBAL_UNIT_ASSIGNED_CONTEXT((#9234,#9236,#9237))
REPRESENTATION_CONTEXT('','3D')
);
#9232=(
GEOMETRIC_REPRESENTATION_CONTEXT(3)
GLOBAL_UNCERTAINTY_ASSIGNED_CONTEXT((#9228))
GLOBAL_UNIT_ASSIGNED_CONTEXT((#9234,#9236,#9237))
REPRESENTATION_CONTEXT('','3D')
);
#9233=(
GEOMETRIC_REPRESENTATION_CONTEXT(3)
GLOBAL_UNCERTAINTY_ASSIGNED_CONTEXT((#9229))
GLOBAL_UNIT_ASSIGNED_CONTEXT((#9234,#9236,#9237))
REPRESENTATION_CONTEXT('','3D')
);
#9234=(
LENGTH_UNIT()
NAMED_UNIT(*)
SI_UNIT(.MILLI.,.METRE.)
);
#9235=(
LENGTH_UNIT()
NAMED_UNIT(*)
SI_UNIT($,.METRE.)
);
#9236=(
NAMED_UNIT(*)
PLANE_ANGLE_UNIT()
SI_UNIT($,.RADIAN.)
);
#9237=(
NAMED_UNIT(*)
SI_UNIT($,.STERADIAN.)
SOLID_ANGLE_UNIT()
);
#9238=SHAPE_DEFINITION_REPRESENTATION(#9241,#9246);
#9239=SHAPE_DEFINITION_REPRESENTATION(#9242,#9247);
#9240=SHAPE_DEFINITION_REPRESENTATION(#9243,#9248);
#9241=PRODUCT_DEFINITION_SHAPE('',$,#9250);
#9242=PRODUCT_DEFINITION_SHAPE('',$,#9251);
#9243=PRODUCT_DEFINITION_SHAPE('',$,#9252);
#9244=PRODUCT_DEFINITION_SHAPE($,$,#17);
#9245=PRODUCT_DEFINITION_SHAPE($,$,#18);
#9246=SHAPE_REPRESENTATION('',(#5806,#6163,#6164),#9230);
#9247=SHAPE_REPRESENTATION('',(#5807),#9231);
#9248=SHAPE_REPRESENTATION('',(#5985),#9232);
#9249=PRODUCT_DEFINITION_CONTEXT('part definition',#9260,'design');
#9250=PRODUCT_DEFINITION('2026-08-28-16-47-17-434','(Unsaved)',#9253,#9249);
#9251=PRODUCT_DEFINITION('2026-08-28-16-47-31-177','LEFT handed finger',
#9254,#9249);
#9252=PRODUCT_DEFINITION('2026-08-28-16-47-37-019',
'RIGHT handed finger',#9255,#9249);
#9253=PRODUCT_DEFINITION_FORMATION('',$,#9262);
#9254=PRODUCT_DEFINITION_FORMATION('',$,#9263);
#9255=PRODUCT_DEFINITION_FORMATION('',$,#9264);
#9256=PRODUCT_RELATED_PRODUCT_CATEGORY('(Unsaved)','(Unsaved)',(#9262));
#9257=PRODUCT_RELATED_PRODUCT_CATEGORY('LEFT handed finger',
'LEFT handed finger',(#9263));
#9258=PRODUCT_RELATED_PRODUCT_CATEGORY('RIGHT handed finger',
'RIGHT handed finger',(#9264));
#9259=APPLICATION_PROTOCOL_DEFINITION('international standard',
'automotive_design',2009,#9260);
#9260=APPLICATION_CONTEXT(
'Core Data for Automotive Mechanical Design Process');
#9261=PRODUCT_CONTEXT('part definition',#9260,'mechanical');
#9262=PRODUCT('2026-08-28-16-47-17-434','(Unsaved)',$,(#9261));
#9263=PRODUCT('2026-08-28-16-47-31-177','LEFT handed finger',$,(#9261));
#9264=PRODUCT('2026-08-28-16-47-37-019','RIGHT handed finger',$,(#9261));
#9265=PRESENTATION_STYLE_ASSIGNMENT((#9268));
#9266=PRESENTATION_STYLE_ASSIGNMENT((#9269));
#9267=PRESENTATION_STYLE_ASSIGNMENT((#9270));
#9268=SURFACE_STYLE_USAGE(.BOTH.,#9271);
#9269=SURFACE_STYLE_USAGE(.BOTH.,#9272);
#9270=SURFACE_STYLE_USAGE(.BOTH.,#9273);
#9271=SURFACE_SIDE_STYLE('',(#9274));
#9272=SURFACE_SIDE_STYLE('',(#9275));
#9273=SURFACE_SIDE_STYLE('',(#9276));
#9274=SURFACE_STYLE_FILL_AREA(#9277);
#9275=SURFACE_STYLE_FILL_AREA(#9278);
#9276=SURFACE_STYLE_FILL_AREA(#9279);
#9277=FILL_AREA_STYLE('Steel - Satin',(#9280));
#9278=FILL_AREA_STYLE('Printed PETG - Light Gray',(#9281));
#9279=FILL_AREA_STYLE('Printed TPU 95A - Pale Green',(#9282));
#9280=FILL_AREA_STYLE_COLOUR('Steel - Satin',#9283);
#9281=FILL_AREA_STYLE_COLOUR('Printed PETG - Light Gray',#9284);
#9282=FILL_AREA_STYLE_COLOUR('Printed TPU 95A - Pale Green',#9285);
#9283=COLOUR_RGB('Steel - Satin',0.627450980392157,0.627450980392157,0.627450980392157);
#9284=COLOUR_RGB('Printed PETG - Light Gray',0.701960784313725,0.701960784313725,
0.701960784313725);
#9285=COLOUR_RGB('Printed TPU 95A - Pale Green',0.266666666666667,0.588235294117647,
0.282352941176471);
ENDSEC;
END-ISO-10303-21;
